userId,roomId,rating,distance,priceDiff
5d975786-1e9e-11ef-9191-040e3c016083,0RsXIpTxYxbkD1ef7nCF,2,12.212829085501399,2000000
5d975786-1e9e-11ef-9191-040e3c016083,0ibitfDjJNvgIx7vCd6Y,1,10.662342368618411,4000000
5d975786-1e9e-11ef-9191-040e3c016083,0swBNCJBfiIRxmzRREi2,1,11.831276842358454,800000
5d975786-1e9e-11ef-9191-040e3c016083,0u8Rj5YaaYUN05pOqOAe,4,16.538110698324846,800000
5d975786-1e9e-11ef-9191-040e3c016083,1StM5HswzLz3VwD3nnyT,2,22.932965786284132,200000
5d975786-1e9e-11ef-9191-040e3c016083,1SyOX5nLpPbHxF0tRBQe,2,13.788150071673709,1200000
5d975786-1e9e-11ef-9191-040e3c016083,1aoYNhwtodvT662nxon8,4,9.335206156045514,700000
5d975786-1e9e-11ef-9191-040e3c016083,1yHlowt1q6F9m5e1837E,2,15.43946523672424,1600000
5d975786-1e9e-11ef-9191-040e3c016083,29f1A0i5GzNpGMvUsdae,1,9.839716765606612,1500000
5d975786-1e9e-11ef-9191-040e3c016083,29xDwPaXIY0vwCVDSpFG,4,23.152526975124346,700000
5d975786-1e9e-11ef-9191-040e3c016083,2yyZFyn41qMQCMFGFqPj,1,10.773156102336367,3400000
5d975786-1e9e-11ef-9191-040e3c016083,39GFiLtd7VrHOoUsPrWz,3,9.69651621487694,500000
5d975786-1e9e-11ef-9191-040e3c016083,3UXclQQjPqZn3o67SOso,2,7.729908094424895,700000
5d975786-1e9e-11ef-9191-040e3c016083,3dpZxuBBaJpStfsVfJNY,3,11.327753291324168,1600000
5d975786-1e9e-11ef-9191-040e3c016083,3gz1rLyC62cNtSbledms,2,14.726964457911349,4600000
5d975786-1e9e-11ef-9191-040e3c016083,3uSI9UGP8KkdYWscHC51,2,12.148384355063342,4000000
5d975786-1e9e-11ef-9191-040e3c016083,4FIYxwtacJ4rbVYkcG9k,1,12.212829085501399,4000000
5d975786-1e9e-11ef-9191-040e3c016083,4tgeNGivKygg6R8R1JCZ,4,8.67864655913975,500000
5d975786-1e9e-11ef-9191-040e3c016083,4wI60GtouIZvd2HIFhIh,3,2.34586627535111,4500000
5d975786-1e9e-11ef-9191-040e3c016083,4yvz9glBBrXWmDuMQaEB,3,8.810722138277077,100000
5d975786-1e9e-11ef-9191-040e3c016083,5FdOq5z7Ehjvtfnp7I24,3,15.471278465203776,2200000
5d975786-1e9e-11ef-9191-040e3c016083,5PzoM1qR3LW9T4RnwYxs,2,23.152526975124346,1000000
5d975786-1e9e-11ef-9191-040e3c016083,5ZbvLzrN6CtpKjGuaOJf,2,15.107867519003493,1000000
5d975786-1e9e-11ef-9191-040e3c016083,6iUK9Lno6nd0ky8WHhvQ,3,12.883601486816293,1099999
5d975786-1e9e-11ef-9191-040e3c016083,78ooDgz5bkVfTAVLHQ4b,1,14.820597015264354,500000
5d975786-1e9e-11ef-9191-040e3c016083,7GLCseg2wkvweqXP2FZq,1,11.831276842358454,0
5d975786-1e9e-11ef-9191-040e3c016083,7Hhgg4USykrF2WYAMq4h,1,13.500915172072505,500000
5d975786-1e9e-11ef-9191-040e3c016083,7rqFEphDcFf17Y9Mxr0b,2,18.22853838618834,1700000
5d975786-1e9e-11ef-9191-040e3c016083,8A2GXme5EJMUCi2K6oOl,1,23.152526975124346,1000000
5d975786-1e9e-11ef-9191-040e3c016083,8Bc7Usq9diqSmj9mOrJE,1,30,2000000
5d975786-1e9e-11ef-9191-040e3c016083,8L04W3da0mdrL2eVBvmP,1,12.212829085501399,2000000
5d975786-1e9e-11ef-9191-040e3c016083,98hNZmMHWBjj7uPZeK2B,2,12.883601486816293,1000000
5d975786-1e9e-11ef-9191-040e3c016083,AL5cL8tJ5WDcRQqjiWfq,4,12.883601486816293,800000
5d975786-1e9e-11ef-9191-040e3c016083,AcKonDcKbBd9srJ8kJrT,1,11.214020495795342,1000000
5d975786-1e9e-11ef-9191-040e3c016083,B4ItVZxVAylYJmxfBLM4,1,14.381697916737272,4000000
5d975786-1e9e-11ef-9191-040e3c016083,BGLRJW546SxNnhOCma2F,2,22.63707001678659,1400000
5d975786-1e9e-11ef-9191-040e3c016083,CsAuzfyhqdeRmO5EwHMo,3,12.75806181830694,2000000
5d975786-1e9e-11ef-9191-040e3c016083,CzeJRpKSJJPd0u93Jl5X,1,11.06037922484696,3000000
5d975786-1e9e-11ef-9191-040e3c016083,D2yQi0OGpEg9lXe4paHN,3,18.22853838618834,1700000
5d975786-1e9e-11ef-9191-040e3c016083,DfYJgwxYNnaqctVFX6Fx,2,11.831276842358454,1500000
5d975786-1e9e-11ef-9191-040e3c016083,Dzxsk6CNw2s06qhm42qO,1,13.614361749358892,3300000
5d975786-1e9e-11ef-9191-040e3c016083,E66qoWthZdknSpsDyuyC,2,14.726964457911349,4600000
5d975786-1e9e-11ef-9191-040e3c016083,ED7u2sENb7U8qM3P3Zev,1,13.614361749358892,3300000
5d975786-1e9e-11ef-9191-040e3c016083,EPXHkQqzRGCapf2a4ki8,4,10.572124290127203,700000
5d975786-1e9e-11ef-9191-040e3c016083,EZTxqwMDBfEDxNqhtEbR,2,7.255222948237017,1700000
5d975786-1e9e-11ef-9191-040e3c016083,EwBTbTCGOWoBb1EbEEEW,1,14.690083172488167,5000000
5d975786-1e9e-11ef-9191-040e3c016083,F0cscj5XTHKgU57T8bhy,5,4.869567338585421,1700000
5d975786-1e9e-11ef-9191-040e3c016083,FCAEPJQWscGwnzRM4jUi,1,11.641673646633828,3500000
5d975786-1e9e-11ef-9191-040e3c016083,FnjUu83KXaLi2vhAcoeQ,2,6.668930693072774,300000
5d975786-1e9e-11ef-9191-040e3c016083,GAuaI0SSPTNV0vN3he09,4,11.831276842358454,500000
5d975786-1e9e-11ef-9191-040e3c016083,GV265joouF79qk7lErIx,3,15.448586344849696,800000
5d975786-1e9e-11ef-9191-040e3c016083,GbJK7QiT6cppBPTDVOsf,2,11.831276842358454,100000
5d975786-1e9e-11ef-9191-040e3c016083,HJOHvRsAWlzWEbzHM8Px,2,13.312486162303568,1300000
5d975786-1e9e-11ef-9191-040e3c016083,HpJd2w8HYj0xl3v7JlKQ,1,15.471278465203776,2200000
5d975786-1e9e-11ef-9191-040e3c016083,I6IQ4iHVuTTPucUoHPln,1,13.836995097088632,700000
5d975786-1e9e-11ef-9191-040e3c016083,IYC5QeWKNbr5XlyWhaJt,2,14.639167662438098,2700000
5d975786-1e9e-11ef-9191-040e3c016083,JFG5PCdrQLeNRCRr0zZu,2,10.048466494329634,1100000
5d975786-1e9e-11ef-9191-040e3c016083,JaCMElOyhlt8jDstvajY,2,13.788150071673709,1200000
5d975786-1e9e-11ef-9191-040e3c016083,KRSxQrWPsnzn9E9AZd8K,2,16.363839982885573,1200000
5d975786-1e9e-11ef-9191-040e3c016083,KVctgJrJINLUizdlOU0Z,3,14.690083172488167,5000000
5d975786-1e9e-11ef-9191-040e3c016083,KkE7H2hNrFq8hODowTnY,1,16.53430248060288,1000000
5d975786-1e9e-11ef-9191-040e3c016083,L3w3AFkJn0qxyROAD77a,1,10.988112704833304,2800000
5d975786-1e9e-11ef-9191-040e3c016083,LIB3o9pkiZiNMiZ3NiMB,1,11.831276842358454,900000
5d975786-1e9e-11ef-9191-040e3c016083,LM4qnEwdhXUKncNI35L6,1,11.831276842358454,1000000
5d975786-1e9e-11ef-9191-040e3c016083,LukiqvE5zaxZeobZVY6O,1,12.212829085501399,2000000
5d975786-1e9e-11ef-9191-040e3c016083,M6NxlWupOJfZ0jPp7Lk6,2,12.883601486816293,1500000
5d975786-1e9e-11ef-9191-040e3c016083,MqNmUpgJfx7sPUtFiash,1,10.281298830821543,2000000
5d975786-1e9e-11ef-9191-040e3c016083,N6vVpQ9M5APipqlVL7aL,2,12.917121602755765,2600000
5d975786-1e9e-11ef-9191-040e3c016083,No0cbw2NKa76fILSeXUD,1,14.084878525468472,1200000
5d975786-1e9e-11ef-9191-040e3c016083,O1kmuvjKTk2eAW2xpw7e,4,13.500915172072505,500000
5d975786-1e9e-11ef-9191-040e3c016083,O6s95SMQC0aJyZqBeZm7,1,7.945298339009684,1600000
5d975786-1e9e-11ef-9191-040e3c016083,OBPIg9ZLeN4Coifrye0W,1,9.717202680192768,1500000
5d975786-1e9e-11ef-9191-040e3c016083,OkWvDHMqAs83XCAPcdO2,4,7.330785405958698,400000
5d975786-1e9e-11ef-9191-040e3c016083,PCOUS8KZR0Ph13BLzrPR,2,16.53430248060288,1500000
5d975786-1e9e-11ef-9191-040e3c016083,PJmi4oBrIyQw8hxN45jY,3,16.083646361674504,1500000
5d975786-1e9e-11ef-9191-040e3c016083,Pae60dySd6ixwSyE6NUv,1,16.53430248060288,1000000
5d975786-1e9e-11ef-9191-040e3c016083,PdMUfYqBBfdZQvl3ZmDF,1,18.1089002701822,300000
5d975786-1e9e-11ef-9191-040e3c016083,PdUlTnzmgcRd3I0O0Kje,3,11.831276842358454,1000000
5d975786-1e9e-11ef-9191-040e3c016083,Q2pUi1iaYkUXp2V0PhTA,3,23.152526975124346,1000000
5d975786-1e9e-11ef-9191-040e3c016083,Qux3ZMgibJarc4CfCo4L,4,10.667048089412244,500000
5d975786-1e9e-11ef-9191-040e3c016083,Quyw1yoMf6oeAsf4ei82,1,9.335206156045514,700000
5d975786-1e9e-11ef-9191-040e3c016083,Qx8Dx7hkNehsP8Ec5yA5,1,14.084878525468472,1200000
5d975786-1e9e-11ef-9191-040e3c016083,QypCz2qv29dQlcX4LTcc,2,15.273176895115713,1300000
5d975786-1e9e-11ef-9191-040e3c016083,R59acpMZGr8IcIHo8yCh,3,14.639167662438098,2700000
5d975786-1e9e-11ef-9191-040e3c016083,R6eT9AxLMT7KF2Sv9QaG,3,8.244821017034058,3500000
5d975786-1e9e-11ef-9191-040e3c016083,RfsuLJPMPj0snX0ihLjn,3,9.335206156045514,700000
5d975786-1e9e-11ef-9191-040e3c016083,RgEunQB3QDn719ailYkj,3,16.538110698324846,800000
5d975786-1e9e-11ef-9191-040e3c016083,Rwgf8cjLEEGUA7EEVKtf,2,11.831276842358454,1500000
5d975786-1e9e-11ef-9191-040e3c016083,S8D4ROZ1LivtKSbdYpSv,1,10.048466494329634,1100000
5d975786-1e9e-11ef-9191-040e3c016083,TCmSxtvfpzAI9Kyhydzr,1,30,2000000
5d975786-1e9e-11ef-9191-040e3c016083,TNWiPAcmdfDmmLebrmIu,1,11.831276842358454,1000000
5d975786-1e9e-11ef-9191-040e3c016083,TY1HhU1covRwD7TN2VTh,3,7.330785405958698,400000
5d975786-1e9e-11ef-9191-040e3c016083,TeqpLgdC4vf6Q9gmKXsP,1,13.312486162303568,1300000
5d975786-1e9e-11ef-9191-040e3c016083,TfYJzXYE1bvRUKUcugAb,1,11.67604814091264,3000000
5d975786-1e9e-11ef-9191-040e3c016083,URdWYFi04GTO7rIodoAc,2,12.148384355063342,2700000
5d975786-1e9e-11ef-9191-040e3c016083,Uj3qeGrJBrEwAEu0W2iu,5,16.495074703008775,200000
5d975786-1e9e-11ef-9191-040e3c016083,V47fq1hBC1HWjH7NROGy,3,11.831276842358454,900000
5d975786-1e9e-11ef-9191-040e3c016083,VBu1kQ3PymLBAOsgCg4Q,1,11.831276842358454,0
5d975786-1e9e-11ef-9191-040e3c016083,VIYbdeLQYy78mkbzvt3S,2,11.831276842358454,0
5d975786-1e9e-11ef-9191-040e3c016083,VVqpULhyUfjXpEAU8uBf,1,11.06037922484696,500000
5d975786-1e9e-11ef-9191-040e3c016083,WD9xJz2lRxRfhUGf7Yy6,2,16.53430248060288,1800000
5d975786-1e9e-11ef-9191-040e3c016083,X3qNwAFynzgskrzR0qUZ,3,12.883601486816293,1000000
5d975786-1e9e-11ef-9191-040e3c016083,X9UpWqtaybMjsu2Lm8Xk,2,11.06037922484696,500000
5d975786-1e9e-11ef-9191-040e3c016083,XMabSiGhdNfstta0Yium,2,14.817413750881338,2500000
5d975786-1e9e-11ef-9191-040e3c016083,XbipMOI4lDgqW6kCV1kk,3,30,2500000
5d975786-1e9e-11ef-9191-040e3c016083,XzLiRrgyVHW4JsJ8c0Hc,3,12.8048673272282,2000000
5d975786-1e9e-11ef-9191-040e3c016083,YLspABuzKu9k1xgc6Cfj,1,11.327753291324168,1600000
5d975786-1e9e-11ef-9191-040e3c016083,YcqP9jtrc1uvhxsEP2N9,4,11.831276842358454,100000
5d975786-1e9e-11ef-9191-040e3c016083,YdjFGRRUjacJCU9lp7QL,1,14.817413750881338,2500000
5d975786-1e9e-11ef-9191-040e3c016083,YnPRgwM3K736kEyjGqPZ,2,11.831276842358454,1500000
5d975786-1e9e-11ef-9191-040e3c016083,YoqUAe9srafQLwUMGXTM,1,17.642346881376405,1300000
5d975786-1e9e-11ef-9191-040e3c016083,Zu7VT3CEOweTOwLKpQMK,1,10.024015069545996,3800000
5d975786-1e9e-11ef-9191-040e3c016083,a1XaaEcggSPSjH7x3M1N,1,9.839716765606612,3000000
5d975786-1e9e-11ef-9191-040e3c016083,afc5kIbTL7X9Ip4cz7fF,4,11.831276842358454,0
5d975786-1e9e-11ef-9191-040e3c016083,avUBZXqNogvbbayyGUh6,8,3.7413792657961973,200000
5d975786-1e9e-11ef-9191-040e3c016083,avyOiCvR4sU3DDjWH8ge,6,4.433886766154568,300000
5d975786-1e9e-11ef-9191-040e3c016083,bCX7vkW5T3eSDEGTQbg1,3,8.306291048857076,2000000
5d975786-1e9e-11ef-9191-040e3c016083,bHUoj2xkuI4gY30OdjdM,2,16.38302603904013,3000000
5d975786-1e9e-11ef-9191-040e3c016083,bUIQWkMPdyZ1uzVrKCnc,1,10.667048089412244,500000
5d975786-1e9e-11ef-9191-040e3c016083,bXNDqZT3fXRRBk661akG,2,30,0
5d975786-1e9e-11ef-9191-040e3c016083,c292g4ic0e6lJgIWX1QH,3,9.69651621487694,500000
5d975786-1e9e-11ef-9191-040e3c016083,d0DxGTKfPQA04Gakw6OF,1,15.43946523672424,1600000
5d975786-1e9e-11ef-9191-040e3c016083,dBgp9eBweTw75LV2tSR6,1,10.90149892814127,4200000
5d975786-1e9e-11ef-9191-040e3c016083,dv4XdgHVlZcJtOebPA8Q,2,10.773156102336367,3400000
5d975786-1e9e-11ef-9191-040e3c016083,dyABpC7CFuHsWxf5DAyN,1,11.06037922484696,500000
5d975786-1e9e-11ef-9191-040e3c016083,e0PgpVCcAWreswsEv0Jq,1,11.214020495795342,1000000
5d975786-1e9e-11ef-9191-040e3c016083,eJDPRHHinhFgyBZrjGGq,2,13.819648965983266,10600000
5d975786-1e9e-11ef-9191-040e3c016083,eUMXmCuLlMMmdMQpXFQJ,3,7.0214285845808,1000000
5d975786-1e9e-11ef-9191-040e3c016083,ea1FDgQB4zoUegWl32ya,3,9.839716765606612,3000000
5d975786-1e9e-11ef-9191-040e3c016083,epOSoWYY55L4QeLeBxyV,5,4.433886766154568,0
5d975786-1e9e-11ef-9191-040e3c016083,f4FupO5Vb3JYf936r0Nw,1,11.831276842358454,3500000
5d975786-1e9e-11ef-9191-040e3c016083,fMBPtUSiBqAcQOk32RR8,2,12.226125803873831,5000000
5d975786-1e9e-11ef-9191-040e3c016083,fYOnAKdKtZkgQrFfVuXW,3,14.817413750881338,2500000
5d975786-1e9e-11ef-9191-040e3c016083,fwZ4pXRydP9iaCD9N1G7,3,9.42770589067235,2000000
5d975786-1e9e-11ef-9191-040e3c016083,gvbZ45x7DWLtPmvK8oVz,1,18.1089002701822,2000000
5d975786-1e9e-11ef-9191-040e3c016083,hBAOBVv4CR9d6bkGZCzc,2,30,2000000
5d975786-1e9e-11ef-9191-040e3c016083,hECdNPaBAfZ89HNs3l9h,4,16.86143459012561,500000
5d975786-1e9e-11ef-9191-040e3c016083,hEFwZXthqMfupnAcmJ2t,1,6.668930693072774,300000
5d975786-1e9e-11ef-9191-040e3c016083,hXpH041I8oRihgAHxmj5,3,10.662342368618411,3200000
5d975786-1e9e-11ef-9191-040e3c016083,hYW58tBxFoZ9zsaJubqY,2,22.632313904494787,1000000
5d975786-1e9e-11ef-9191-040e3c016083,hjFiktzdojENxE0zgyds,2,10.988112704833304,2800000
5d975786-1e9e-11ef-9191-040e3c016083,hu9hrvL8MsVnBlTQMPzw,2,9.755681036207074,3500000
5d975786-1e9e-11ef-9191-040e3c016083,i5XIQyawjhlTTUxeyITS,3,8.244821017034058,1500000
5d975786-1e9e-11ef-9191-040e3c016083,imGVWUTfam1MgYO5c282,4,11.590548757497187,500000
5d975786-1e9e-11ef-9191-040e3c016083,j74I7sAno4NwrQpS752a,3,11.67604814091264,3000000
5d975786-1e9e-11ef-9191-040e3c016083,jX5SZGw0ODmmWUOwHchZ,1,16.363839982885573,1200000
5d975786-1e9e-11ef-9191-040e3c016083,k2PZ5odV85GDWTpXUIkc,2,15.14121108673459,4900000
5d975786-1e9e-11ef-9191-040e3c016083,kHOd3ZfUXgcQ1cvhlNi4,2,12.212829085501399,4000000
5d975786-1e9e-11ef-9191-040e3c016083,kdvwjgxBrGzeMZFK4HxI,2,12.883601486816293,1500000
5d975786-1e9e-11ef-9191-040e3c016083,klXFM7EzvnkEUJk1NzPo,1,15.14121108673459,4900000
5d975786-1e9e-11ef-9191-040e3c016083,lCRJoJsp2BkBn4VAxSG6,1,22.63707001678659,1400000
5d975786-1e9e-11ef-9191-040e3c016083,lHtIzGxgadpcI2SH2MXD,2,11.281165955594814,1500000
5d975786-1e9e-11ef-9191-040e3c016083,mNdE6mQ3mVdYt23lgTmX,1,12.8048673272282,2000000
5d975786-1e9e-11ef-9191-040e3c016083,mONPfAYVYW7kEuk920qW,1,7.255222948237017,1700000
5d975786-1e9e-11ef-9191-040e3c016083,mq0X1B9uobOVM4CWZf4q,2,30,2500000
5d975786-1e9e-11ef-9191-040e3c016083,n1OjfWW29Zj73gH14gY8,2,12.676353970357235,3300000
5d975786-1e9e-11ef-9191-040e3c016083,nMJnm3BvKnte1bdx6NTF,2,10.227679508048796,1100000
5d975786-1e9e-11ef-9191-040e3c016083,nRI0z3n3ZL6SG9nmTh2V,3,16.53430248060288,1800000
5d975786-1e9e-11ef-9191-040e3c016083,naug2BVkWVGo928BNdsQ,2,13.500915172072505,500000
5d975786-1e9e-11ef-9191-040e3c016083,o2uRjiWu7x9y66w54ZKI,3,12.5468640085342,700000
5d975786-1e9e-11ef-9191-040e3c016083,oNOYrpRfzrG5y1lVllsF,2,11.831276842358454,1500000
5d975786-1e9e-11ef-9191-040e3c016083,oZhFXIopaf9e2g0Ho4W2,3,10.811862456483281,600000
5d975786-1e9e-11ef-9191-040e3c016083,ohl0N2ZNHgIFHRyRm5JF,1,14.976369842654176,3200000
5d975786-1e9e-11ef-9191-040e3c016083,olWZl8WOq8rAQ5XopzjV,2,14.976369842654176,3200000
5d975786-1e9e-11ef-9191-040e3c016083,ozd4DNbt4QbNcC64quxB,2,11.831276842358454,2500000
5d975786-1e9e-11ef-9191-040e3c016083,q3rhJlWyZN10raxxtvHV,2,30,2000000
5d975786-1e9e-11ef-9191-040e3c016083,qcY2zCPIXeGeBNZMxAgs,3,8.95346434739922,3200000
5d975786-1e9e-11ef-9191-040e3c016083,rCVVZfC4uvfut3YgpCBH,1,9.617083636019736,1500000
5d975786-1e9e-11ef-9191-040e3c016083,rQPZSWKNWgFGb5t7WxTm,2,14.529506841634735,1900000
5d975786-1e9e-11ef-9191-040e3c016083,s8JgUAuPWgNG4zQUNeGU,3,12.883601486816293,1500000
5d975786-1e9e-11ef-9191-040e3c016083,sa6P3ZiFd5t1Wu7RNXOH,6,4.433886766154568,0
5d975786-1e9e-11ef-9191-040e3c016083,sqPzwUiSvMMX3lLmd2B2,1,11.831276842358454,1500000
5d975786-1e9e-11ef-9191-040e3c016083,t1pycrNs36UteM5AUtLG,1,12.148384355063342,4000000
5d975786-1e9e-11ef-9191-040e3c016083,t8wI7QAD1RSmc54UPRq1,1,15.171848190670921,0
5d975786-1e9e-11ef-9191-040e3c016083,tF53XYMNMd4QJxtMsF2h,4,11.831276842358454,300000
5d975786-1e9e-11ef-9191-040e3c016083,txDz7IbKccW2ZXYMsg5k,2,11.831276842358454,500000
5d975786-1e9e-11ef-9191-040e3c016083,uF7XsTghoGs3mEpsckOR,3,14.817413750881338,2500000
5d975786-1e9e-11ef-9191-040e3c016083,uI3USCYdTBVnRHfbolgt,2,14.381697916737272,4000000
5d975786-1e9e-11ef-9191-040e3c016083,ubOhCaldtZ2NGNZSzl8S,2,11.327753291324168,1600000
5d975786-1e9e-11ef-9191-040e3c016083,udsIIuHdOHojPr3mOjc2,2,8.661487846229255,1200000
5d975786-1e9e-11ef-9191-040e3c016083,unwKz0xY03RmO5OxTjtC,4,11.243179814386123,200000
5d975786-1e9e-11ef-9191-040e3c016083,urT2a8ldifgBYedGmUmd,3,12.917121602755765,2600000
5d975786-1e9e-11ef-9191-040e3c016083,vRY5BQ2hWJbFgYHPGK74,1,11.831276842358454,1500000
5d975786-1e9e-11ef-9191-040e3c016083,vkrJ5cP2ZtqwNjfTi7aG,1,12.148384355063342,4000000
5d975786-1e9e-11ef-9191-040e3c016083,vvMl58AkIxJqFjrtMczu,2,16.53430248060288,1000000
5d975786-1e9e-11ef-9191-040e3c016083,vvq3pFbrLrQKJ5c0NVa0,1,12.959901285766339,5500000
5d975786-1e9e-11ef-9191-040e3c016083,wkcpTkzsdCUB0WddZHtL,3,2.34586627535111,4500000
5d975786-1e9e-11ef-9191-040e3c016083,ww8LMVceitSrTSvdEVz4,3,12.883601486816293,1000000
5d975786-1e9e-11ef-9191-040e3c016083,xMvYNHdXNLjVYEpMwDkj,2,9.839716765606612,1500000
5d975786-1e9e-11ef-9191-040e3c016083,xPHcHlh7noyKSUN3GOLN,1,11.831276842358454,0
5d975786-1e9e-11ef-9191-040e3c016083,xr2zLfe7460vEJHfL1R6,3,14.820597015264354,500000
5d975786-1e9e-11ef-9191-040e3c016083,xxu0VIwsrPiKsfmv3Cjt,3,22.230469693857653,500000
5d975786-1e9e-11ef-9191-040e3c016083,y7JrAjqTeLN3yELPKIlC,4,8.732211846255103,500000
5d975786-1e9e-11ef-9191-040e3c016083,yGOblFsjdzUPur7dzOMP,1,14.820597015264354,500000
5d975786-1e9e-11ef-9191-040e3c016083,yINcUBiwI7ibtlOK1pbm,3,11.100538029688849,700000
5d975786-1e9e-11ef-9191-040e3c016083,yKVlk54uje47thOdLLBg,2,9.69651621487694,500000
5d975786-1e9e-11ef-9191-040e3c016083,yPyyB4MYfMYx6MsvHBLl,4,14.959548855449704,800000
5d975786-1e9e-11ef-9191-040e3c016083,yzYp9L1VvPieCHrHV78y,2,7.729908094424895,700000
5d975786-1e9e-11ef-9191-040e3c016083,zR6WxlgEf2RKQFDyoJwl,1,12.676353970357235,3300000
5d975786-1e9e-11ef-9191-040e3c016083,zwhKkfA7skECX5ZDgWvj,1,14.820597015264354,6000000
67556833-1e9e-11ef-8e4f-040e3c016083,0RsXIpTxYxbkD1ef7nCF,1,12.737920613568013,15000000
67556833-1e9e-11ef-8e4f-040e3c016083,0ibitfDjJNvgIx7vCd6Y,2,14.614788897691996,13000000
67556833-1e9e-11ef-8e4f-040e3c016083,0swBNCJBfiIRxmzRREi2,3,11.72018490121145,17800000
67556833-1e9e-11ef-8e4f-040e3c016083,0u8Rj5YaaYUN05pOqOAe,1,7.822333675829081,16200000
67556833-1e9e-11ef-8e4f-040e3c016083,1StM5HswzLz3VwD3nnyT,6,1.6418527068860906,16800000
67556833-1e9e-11ef-8e4f-040e3c016083,1SyOX5nLpPbHxF0tRBQe,1,16.214724981366682,18200000
67556833-1e9e-11ef-8e4f-040e3c016083,1aoYNhwtodvT662nxon8,1,15.301076620249095,17700000
67556833-1e9e-11ef-8e4f-040e3c016083,1yHlowt1q6F9m5e1837E,2,8.07974316091951,15400000
67556833-1e9e-11ef-8e4f-040e3c016083,29f1A0i5GzNpGMvUsdae,3,14.763040418096402,15500000
67556833-1e9e-11ef-8e4f-040e3c016083,29xDwPaXIY0vwCVDSpFG,5,0.4654629971237695,17700000
67556833-1e9e-11ef-8e4f-040e3c016083,2yyZFyn41qMQCMFGFqPj,2,13.93983810066878,13600000
67556833-1e9e-11ef-8e4f-040e3c016083,39GFiLtd7VrHOoUsPrWz,2,16.276759204987027,16500000
67556833-1e9e-11ef-8e4f-040e3c016083,3UXclQQjPqZn3o67SOso,1,15.994803488850401,16300000
67556833-1e9e-11ef-8e4f-040e3c016083,3dpZxuBBaJpStfsVfJNY,1,12.770362218708064,15400000
67556833-1e9e-11ef-8e4f-040e3c016083,3gz1rLyC62cNtSbledms,1,8.8417348159433,12400000
67556833-1e9e-11ef-8e4f-040e3c016083,3uSI9UGP8KkdYWscHC51,3,13.928589810008562,13000000
67556833-1e9e-11ef-8e4f-040e3c016083,4FIYxwtacJ4rbVYkcG9k,3,12.737920613568013,13000000
67556833-1e9e-11ef-8e4f-040e3c016083,4tgeNGivKygg6R8R1JCZ,3,15.00501180324951,17500000
67556833-1e9e-11ef-8e4f-040e3c016083,4wI60GtouIZvd2HIFhIh,2,21.358600873584002,12500000
67556833-1e9e-11ef-8e4f-040e3c016083,4yvz9glBBrXWmDuMQaEB,2,16.979937217170786,17100000
67556833-1e9e-11ef-8e4f-040e3c016083,5FdOq5z7Ehjvtfnp7I24,1,9.28302294326651,14800000
67556833-1e9e-11ef-8e4f-040e3c016083,5PzoM1qR3LW9T4RnwYxs,4,0.4654629971237695,18000000
67556833-1e9e-11ef-8e4f-040e3c016083,5ZbvLzrN6CtpKjGuaOJf,1,8.427386646725866,16000000
67556833-1e9e-11ef-8e4f-040e3c016083,6iUK9Lno6nd0ky8WHhvQ,3,15.193746402080533,15900001
67556833-1e9e-11ef-8e4f-040e3c016083,78ooDgz5bkVfTAVLHQ4b,1,9.649826126927614,16500000
67556833-1e9e-11ef-8e4f-040e3c016083,7GLCseg2wkvweqXP2FZq,3,11.72018490121145,17000000
67556833-1e9e-11ef-8e4f-040e3c016083,7Hhgg4USykrF2WYAMq4h,1,12.098601301959807,16500000
67556833-1e9e-11ef-8e4f-040e3c016083,7rqFEphDcFf17Y9Mxr0b,2,5.2876937987728985,18700000
67556833-1e9e-11ef-8e4f-040e3c016083,8A2GXme5EJMUCi2K6oOl,4,0.4654629971237695,18000000
67556833-1e9e-11ef-8e4f-040e3c016083,8Bc7Usq9diqSmj9mOrJE,3,30,15000000
67556833-1e9e-11ef-8e4f-040e3c016083,8L04W3da0mdrL2eVBvmP,3,12.737920613568013,15000000
67556833-1e9e-11ef-8e4f-040e3c016083,98hNZmMHWBjj7uPZeK2B,1,15.193746402080533,18000000
67556833-1e9e-11ef-8e4f-040e3c016083,AL5cL8tJ5WDcRQqjiWfq,3,15.193746402080533,16200000
67556833-1e9e-11ef-8e4f-040e3c016083,AcKonDcKbBd9srJ8kJrT,1,14.68148086598993,16000000
67556833-1e9e-11ef-8e4f-040e3c016083,B4ItVZxVAylYJmxfBLM4,1,9.146821784419997,13000000
67556833-1e9e-11ef-8e4f-040e3c016083,BGLRJW546SxNnhOCma2F,3,5.575478887022225,18400000
67556833-1e9e-11ef-8e4f-040e3c016083,CsAuzfyhqdeRmO5EwHMo,1,11.296456113769223,15000000
67556833-1e9e-11ef-8e4f-040e3c016083,CzeJRpKSJJPd0u93Jl5X,2,12.778627984840705,14000000
67556833-1e9e-11ef-8e4f-040e3c016083,D2yQi0OGpEg9lXe4paHN,1,5.2876937987728985,18700000
67556833-1e9e-11ef-8e4f-040e3c016083,DfYJgwxYNnaqctVFX6Fx,3,11.72018490121145,18500000
67556833-1e9e-11ef-8e4f-040e3c016083,Dzxsk6CNw2s06qhm42qO,1,9.956623524182538,13700000
67556833-1e9e-11ef-8e4f-040e3c016083,E66qoWthZdknSpsDyuyC,2,8.8417348159433,12400000
67556833-1e9e-11ef-8e4f-040e3c016083,ED7u2sENb7U8qM3P3Zev,1,9.956623524182538,13700000
67556833-1e9e-11ef-8e4f-040e3c016083,EPXHkQqzRGCapf2a4ki8,2,12.962974971781174,16300000
67556833-1e9e-11ef-8e4f-040e3c016083,EZTxqwMDBfEDxNqhtEbR,2,16.263444523841827,15300000
67556833-1e9e-11ef-8e4f-040e3c016083,EwBTbTCGOWoBb1EbEEEW,2,9.161984579158457,12000000
67556833-1e9e-11ef-8e4f-040e3c016083,F0cscj5XTHKgU57T8bhy,1,19.307728596262052,15300000
67556833-1e9e-11ef-8e4f-040e3c016083,FCAEPJQWscGwnzRM4jUi,2,13.492116855763975,13500000
67556833-1e9e-11ef-8e4f-040e3c016083,FnjUu83KXaLi2vhAcoeQ,2,16.98039200678622,16700000
67556833-1e9e-11ef-8e4f-040e3c016083,GAuaI0SSPTNV0vN3he09,3,11.72018490121145,16500000
67556833-1e9e-11ef-8e4f-040e3c016083,GV265joouF79qk7lErIx,3,30.03797180130158,16200000
67556833-1e9e-11ef-8e4f-040e3c016083,GbJK7QiT6cppBPTDVOsf,1,11.72018490121145,17100000
67556833-1e9e-11ef-8e4f-040e3c016083,HJOHvRsAWlzWEbzHM8Px,1,15.062562344523005,15700000
67556833-1e9e-11ef-8e4f-040e3c016083,HpJd2w8HYj0xl3v7JlKQ,2,9.28302294326651,14800000
67556833-1e9e-11ef-8e4f-040e3c016083,I6IQ4iHVuTTPucUoHPln,3,14.773786941628286,17700000
67556833-1e9e-11ef-8e4f-040e3c016083,IYC5QeWKNbr5XlyWhaJt,1,9.294104784535532,14300000
67556833-1e9e-11ef-8e4f-040e3c016083,JFG5PCdrQLeNRCRr0zZu,2,13.5369318173176,18100000
67556833-1e9e-11ef-8e4f-040e3c016083,JaCMElOyhlt8jDstvajY,1,16.214724981366682,18200000
67556833-1e9e-11ef-8e4f-040e3c016083,KRSxQrWPsnzn9E9AZd8K,3,10.453214290044953,18200000
67556833-1e9e-11ef-8e4f-040e3c016083,KVctgJrJINLUizdlOU0Z,2,9.161984579158457,12000000
67556833-1e9e-11ef-8e4f-040e3c016083,KkE7H2hNrFq8hODowTnY,3,9.08382780588024,16000000
67556833-1e9e-11ef-8e4f-040e3c016083,L3w3AFkJn0qxyROAD77a,1,12.83727427064578,14200000
67556833-1e9e-11ef-8e4f-040e3c016083,LIB3o9pkiZiNMiZ3NiMB,3,11.72018490121145,16100000
67556833-1e9e-11ef-8e4f-040e3c016083,LM4qnEwdhXUKncNI35L6,2,11.72018490121145,16000000
67556833-1e9e-11ef-8e4f-040e3c016083,LukiqvE5zaxZeobZVY6O,1,12.737920613568013,15000000
67556833-1e9e-11ef-8e4f-040e3c016083,M6NxlWupOJfZ0jPp7Lk6,2,15.193746402080533,15500000
67556833-1e9e-11ef-8e4f-040e3c016083,MqNmUpgJfx7sPUtFiash,2,14.388856661791767,15000000
67556833-1e9e-11ef-8e4f-040e3c016083,N6vVpQ9M5APipqlVL7aL,1,10.995746486369873,14400000
67556833-1e9e-11ef-8e4f-040e3c016083,No0cbw2NKa76fILSeXUD,2,10.48820953540722,18200000
67556833-1e9e-11ef-8e4f-040e3c016083,O1kmuvjKTk2eAW2xpw7e,2,12.098601301959807,16500000
67556833-1e9e-11ef-8e4f-040e3c016083,O6s95SMQC0aJyZqBeZm7,3,16.49650316780973,18600000
67556833-1e9e-11ef-8e4f-040e3c016083,OBPIg9ZLeN4Coifrye0W,2,15.455770158953488,15500000
67556833-1e9e-11ef-8e4f-040e3c016083,OkWvDHMqAs83XCAPcdO2,1,30.833592537002605,16600000
67556833-1e9e-11ef-8e4f-040e3c016083,PCOUS8KZR0Ph13BLzrPR,3,9.08382780588024,15500000
67556833-1e9e-11ef-8e4f-040e3c016083,PJmi4oBrIyQw8hxN45jY,2,7.606215942430974,18500000
67556833-1e9e-11ef-8e4f-040e3c016083,Pae60dySd6ixwSyE6NUv,2,9.08382780588024,16000000
67556833-1e9e-11ef-8e4f-040e3c016083,PdMUfYqBBfdZQvl3ZmDF,1,6.914723679260634,16700000
67556833-1e9e-11ef-8e4f-040e3c016083,PdUlTnzmgcRd3I0O0Kje,3,11.72018490121145,16000000
67556833-1e9e-11ef-8e4f-040e3c016083,Q2pUi1iaYkUXp2V0PhTA,4,0.4654629971237695,18000000
67556833-1e9e-11ef-8e4f-040e3c016083,Qux3ZMgibJarc4CfCo4L,3,14.602984955056574,17500000
67556833-1e9e-11ef-8e4f-040e3c016083,Quyw1yoMf6oeAsf4ei82,3,15.301076620249095,17700000
67556833-1e9e-11ef-8e4f-040e3c016083,Qx8Dx7hkNehsP8Ec5yA5,2,10.48820953540722,18200000
67556833-1e9e-11ef-8e4f-040e3c016083,QypCz2qv29dQlcX4LTcc,1,8.263823870050642,18300000
67556833-1e9e-11ef-8e4f-040e3c016083,R59acpMZGr8IcIHo8yCh,3,9.294104784535532,14300000
67556833-1e9e-11ef-8e4f-040e3c016083,R6eT9AxLMT7KF2Sv9QaG,2,15.66992345312901,13500000
67556833-1e9e-11ef-8e4f-040e3c016083,RfsuLJPMPj0snX0ihLjn,1,15.301076620249095,17700000
67556833-1e9e-11ef-8e4f-040e3c016083,RgEunQB3QDn719ailYkj,1,7.822333675829081,16200000
67556833-1e9e-11ef-8e4f-040e3c016083,Rwgf8cjLEEGUA7EEVKtf,2,11.72018490121145,18500000
67556833-1e9e-11ef-8e4f-040e3c016083,S8D4ROZ1LivtKSbdYpSv,3,13.5369318173176,18100000
67556833-1e9e-11ef-8e4f-040e3c016083,TCmSxtvfpzAI9Kyhydzr,2,30,15000000
67556833-1e9e-11ef-8e4f-040e3c016083,TNWiPAcmdfDmmLebrmIu,3,11.72018490121145,16000000
67556833-1e9e-11ef-8e4f-040e3c016083,TY1HhU1covRwD7TN2VTh,3,30.833592537002605,16600000
67556833-1e9e-11ef-8e4f-040e3c016083,TeqpLgdC4vf6Q9gmKXsP,2,15.062562344523005,15700000
67556833-1e9e-11ef-8e4f-040e3c016083,TfYJzXYE1bvRUKUcugAb,2,12.119340910764688,14000000
67556833-1e9e-11ef-8e4f-040e3c016083,URdWYFi04GTO7rIodoAc,1,13.928589810008562,14300000
67556833-1e9e-11ef-8e4f-040e3c016083,Uj3qeGrJBrEwAEu0W2iu,2,10.69977540279001,17200000
67556833-1e9e-11ef-8e4f-040e3c016083,V47fq1hBC1HWjH7NROGy,2,11.72018490121145,16100000
67556833-1e9e-11ef-8e4f-040e3c016083,VBu1kQ3PymLBAOsgCg4Q,3,11.72018490121145,17000000
67556833-1e9e-11ef-8e4f-040e3c016083,VIYbdeLQYy78mkbzvt3S,3,11.72018490121145,17000000
67556833-1e9e-11ef-8e4f-040e3c016083,VVqpULhyUfjXpEAU8uBf,3,12.778627984840705,16500000
67556833-1e9e-11ef-8e4f-040e3c016083,WD9xJz2lRxRfhUGf7Yy6,1,9.08382780588024,15200000
67556833-1e9e-11ef-8e4f-040e3c016083,X3qNwAFynzgskrzR0qUZ,3,15.193746402080533,16000000
67556833-1e9e-11ef-8e4f-040e3c016083,X9UpWqtaybMjsu2Lm8Xk,2,12.778627984840705,16500000
67556833-1e9e-11ef-8e4f-040e3c016083,XMabSiGhdNfstta0Yium,1,9.036657467001545,14500000
67556833-1e9e-11ef-8e4f-040e3c016083,XbipMOI4lDgqW6kCV1kk,3,30,14500000
67556833-1e9e-11ef-8e4f-040e3c016083,XzLiRrgyVHW4JsJ8c0Hc,2,10.969905687236738,15000000
67556833-1e9e-11ef-8e4f-040e3c016083,YLspABuzKu9k1xgc6Cfj,1,12.770362218708064,15400000
67556833-1e9e-11ef-8e4f-040e3c016083,YcqP9jtrc1uvhxsEP2N9,3,11.72018490121145,17100000
67556833-1e9e-11ef-8e4f-040e3c016083,YdjFGRRUjacJCU9lp7QL,1,9.036657467001545,14500000
67556833-1e9e-11ef-8e4f-040e3c016083,YnPRgwM3K736kEyjGqPZ,3,11.72018490121145,18500000
67556833-1e9e-11ef-8e4f-040e3c016083,YoqUAe9srafQLwUMGXTM,2,10.005593395902038,15700000
67556833-1e9e-11ef-8e4f-040e3c016083,Zu7VT3CEOweTOwLKpQMK,2,13.58259971381044,13200000
67556833-1e9e-11ef-8e4f-040e3c016083,a1XaaEcggSPSjH7x3M1N,3,14.763040418096402,14000000
67556833-1e9e-11ef-8e4f-040e3c016083,afc5kIbTL7X9Ip4cz7fF,1,11.72018490121145,17000000
67556833-1e9e-11ef-8e4f-040e3c016083,avUBZXqNogvbbayyGUh6,3,21.06240370992311,16800000
67556833-1e9e-11ef-8e4f-040e3c016083,avyOiCvR4sU3DDjWH8ge,1,20.3976140730918,16700000
67556833-1e9e-11ef-8e4f-040e3c016083,bCX7vkW5T3eSDEGTQbg1,1,15.387600935320235,15000000
67556833-1e9e-11ef-8e4f-040e3c016083,bHUoj2xkuI4gY30OdjdM,3,9.903499308957525,14000000
67556833-1e9e-11ef-8e4f-040e3c016083,bUIQWkMPdyZ1uzVrKCnc,2,14.602984955056574,17500000
67556833-1e9e-11ef-8e4f-040e3c016083,bXNDqZT3fXRRBk661akG,3,30,17000000
67556833-1e9e-11ef-8e4f-040e3c016083,c292g4ic0e6lJgIWX1QH,1,16.276759204987027,16500000
67556833-1e9e-11ef-8e4f-040e3c016083,d0DxGTKfPQA04Gakw6OF,1,8.07974316091951,15400000
67556833-1e9e-11ef-8e4f-040e3c016083,dBgp9eBweTw75LV2tSR6,2,13.697173122871025,12800000
67556833-1e9e-11ef-8e4f-040e3c016083,dv4XdgHVlZcJtOebPA8Q,3,13.93983810066878,13600000
67556833-1e9e-11ef-8e4f-040e3c016083,dyABpC7CFuHsWxf5DAyN,2,12.778627984840705,16500000
67556833-1e9e-11ef-8e4f-040e3c016083,e0PgpVCcAWreswsEv0Jq,1,14.68148086598993,16000000
67556833-1e9e-11ef-8e4f-040e3c016083,eJDPRHHinhFgyBZrjGGq,3,11.604882377112471,6400000
67556833-1e9e-11ef-8e4f-040e3c016083,eUMXmCuLlMMmdMQpXFQJ,2,22.12285196496141,18000000
67556833-1e9e-11ef-8e4f-040e3c016083,ea1FDgQB4zoUegWl32ya,2,14.763040418096402,14000000
67556833-1e9e-11ef-8e4f-040e3c016083,epOSoWYY55L4QeLeBxyV,2,20.3976140730918,17000000
67556833-1e9e-11ef-8e4f-040e3c016083,f4FupO5Vb3JYf936r0Nw,3,11.72018490121145,13500000
67556833-1e9e-11ef-8e4f-040e3c016083,fMBPtUSiBqAcQOk32RR8,1,13.50130303629805,12000000
67556833-1e9e-11ef-8e4f-040e3c016083,fYOnAKdKtZkgQrFfVuXW,2,9.036657467001545,14500000
67556833-1e9e-11ef-8e4f-040e3c016083,fwZ4pXRydP9iaCD9N1G7,3,14.605246678362004,15000000
67556833-1e9e-11ef-8e4f-040e3c016083,gvbZ45x7DWLtPmvK8oVz,3,6.914723679260634,15000000
67556833-1e9e-11ef-8e4f-040e3c016083,hBAOBVv4CR9d6bkGZCzc,1,30,15000000
67556833-1e9e-11ef-8e4f-040e3c016083,hECdNPaBAfZ89HNs3l9h,2,12.106907446082664,17500000
67556833-1e9e-11ef-8e4f-040e3c016083,hEFwZXthqMfupnAcmJ2t,1,16.98039200678622,16700000
67556833-1e9e-11ef-8e4f-040e3c016083,hXpH041I8oRihgAHxmj5,1,14.614788897691996,13800000
67556833-1e9e-11ef-8e4f-040e3c016083,hYW58tBxFoZ9zsaJubqY,4,2.017599418986944,16000000
67556833-1e9e-11ef-8e4f-040e3c016083,hjFiktzdojENxE0zgyds,2,12.83727427064578,14200000
67556833-1e9e-11ef-8e4f-040e3c016083,hu9hrvL8MsVnBlTQMPzw,1,13.765255340335605,13500000
67556833-1e9e-11ef-8e4f-040e3c016083,i5XIQyawjhlTTUxeyITS,1,15.66992345312901,15500000
67556833-1e9e-11ef-8e4f-040e3c016083,imGVWUTfam1MgYO5c282,3,12.783592097864625,16500000
67556833-1e9e-11ef-8e4f-040e3c016083,j74I7sAno4NwrQpS752a,1,12.119340910764688,14000000
67556833-1e9e-11ef-8e4f-040e3c016083,jX5SZGw0ODmmWUOwHchZ,2,10.453214290044953,18200000
67556833-1e9e-11ef-8e4f-040e3c016083,k2PZ5odV85GDWTpXUIkc,1,8.585899485124614,12100000
67556833-1e9e-11ef-8e4f-040e3c016083,kHOd3ZfUXgcQ1cvhlNi4,3,12.737920613568013,13000000
67556833-1e9e-11ef-8e4f-040e3c016083,kdvwjgxBrGzeMZFK4HxI,1,15.193746402080533,15500000
67556833-1e9e-11ef-8e4f-040e3c016083,klXFM7EzvnkEUJk1NzPo,3,8.585899485124614,12100000
67556833-1e9e-11ef-8e4f-040e3c016083,lCRJoJsp2BkBn4VAxSG6,3,5.575478887022225,18400000
67556833-1e9e-11ef-8e4f-040e3c016083,lHtIzGxgadpcI2SH2MXD,3,12.459967698709816,15500000
67556833-1e9e-11ef-8e4f-040e3c016083,mNdE6mQ3mVdYt23lgTmX,1,10.969905687236738,15000000
67556833-1e9e-11ef-8e4f-040e3c016083,mONPfAYVYW7kEuk920qW,2,16.263444523841827,15300000
67556833-1e9e-11ef-8e4f-040e3c016083,mq0X1B9uobOVM4CWZf4q,1,30,14500000
67556833-1e9e-11ef-8e4f-040e3c016083,n1OjfWW29Zj73gH14gY8,1,11.885212066959749,13700000
67556833-1e9e-11ef-8e4f-040e3c016083,nMJnm3BvKnte1bdx6NTF,1,13.913644353887348,18100000
67556833-1e9e-11ef-8e4f-040e3c016083,nRI0z3n3ZL6SG9nmTh2V,2,9.08382780588024,15200000
67556833-1e9e-11ef-8e4f-040e3c016083,naug2BVkWVGo928BNdsQ,3,12.098601301959807,16500000
67556833-1e9e-11ef-8e4f-040e3c016083,o2uRjiWu7x9y66w54ZKI,2,11.718987562599477,16300000
67556833-1e9e-11ef-8e4f-040e3c016083,oNOYrpRfzrG5y1lVllsF,3,11.72018490121145,18500000
67556833-1e9e-11ef-8e4f-040e3c016083,oZhFXIopaf9e2g0Ho4W2,3,13.58493032262227,16400000
67556833-1e9e-11ef-8e4f-040e3c016083,ohl0N2ZNHgIFHRyRm5JF,3,8.544722572620586,13800000
67556833-1e9e-11ef-8e4f-040e3c016083,olWZl8WOq8rAQ5XopzjV,3,8.544722572620586,13800000
67556833-1e9e-11ef-8e4f-040e3c016083,ozd4DNbt4QbNcC64quxB,2,11.72018490121145,14500000
67556833-1e9e-11ef-8e4f-040e3c016083,q3rhJlWyZN10raxxtvHV,2,30,15000000
67556833-1e9e-11ef-8e4f-040e3c016083,qcY2zCPIXeGeBNZMxAgs,3,14.734249966301316,13800000
67556833-1e9e-11ef-8e4f-040e3c016083,rCVVZfC4uvfut3YgpCBH,1,15.079094232260719,15500000
67556833-1e9e-11ef-8e4f-040e3c016083,rQPZSWKNWgFGb5t7WxTm,2,10.130716707577262,15100000
67556833-1e9e-11ef-8e4f-040e3c016083,s8JgUAuPWgNG4zQUNeGU,2,15.193746402080533,15500000
67556833-1e9e-11ef-8e4f-040e3c016083,sa6P3ZiFd5t1Wu7RNXOH,2,20.3976140730918,17000000
67556833-1e9e-11ef-8e4f-040e3c016083,sqPzwUiSvMMX3lLmd2B2,3,11.72018490121145,18500000
67556833-1e9e-11ef-8e4f-040e3c016083,t1pycrNs36UteM5AUtLG,2,13.928589810008562,13000000
67556833-1e9e-11ef-8e4f-040e3c016083,t8wI7QAD1RSmc54UPRq1,3,8.525319817853017,17000000
67556833-1e9e-11ef-8e4f-040e3c016083,tF53XYMNMd4QJxtMsF2h,3,11.72018490121145,17300000
67556833-1e9e-11ef-8e4f-040e3c016083,txDz7IbKccW2ZXYMsg5k,1,11.72018490121145,16500000
67556833-1e9e-11ef-8e4f-040e3c016083,uF7XsTghoGs3mEpsckOR,1,9.036657467001545,14500000
67556833-1e9e-11ef-8e4f-040e3c016083,uI3USCYdTBVnRHfbolgt,2,9.146821784419997,13000000
67556833-1e9e-11ef-8e4f-040e3c016083,ubOhCaldtZ2NGNZSzl8S,1,12.770362218708064,15400000
67556833-1e9e-11ef-8e4f-040e3c016083,udsIIuHdOHojPr3mOjc2,2,15.207323579268092,15800000
67556833-1e9e-11ef-8e4f-040e3c016083,unwKz0xY03RmO5OxTjtC,1,16.074804797818626,17200000
67556833-1e9e-11ef-8e4f-040e3c016083,urT2a8ldifgBYedGmUmd,2,10.995746486369873,14400000
67556833-1e9e-11ef-8e4f-040e3c016083,vRY5BQ2hWJbFgYHPGK74,2,11.72018490121145,18500000
67556833-1e9e-11ef-8e4f-040e3c016083,vkrJ5cP2ZtqwNjfTi7aG,3,13.928589810008562,13000000
67556833-1e9e-11ef-8e4f-040e3c016083,vvMl58AkIxJqFjrtMczu,3,9.08382780588024,16000000
67556833-1e9e-11ef-8e4f-040e3c016083,vvq3pFbrLrQKJ5c0NVa0,1,15.627593416403062,11500000
67556833-1e9e-11ef-8e4f-040e3c016083,wkcpTkzsdCUB0WddZHtL,1,21.358600873584002,12500000
67556833-1e9e-11ef-8e4f-040e3c016083,ww8LMVceitSrTSvdEVz4,1,15.193746402080533,16000000
67556833-1e9e-11ef-8e4f-040e3c016083,xMvYNHdXNLjVYEpMwDkj,1,14.763040418096402,15500000
67556833-1e9e-11ef-8e4f-040e3c016083,xPHcHlh7noyKSUN3GOLN,1,11.72018490121145,17000000
67556833-1e9e-11ef-8e4f-040e3c016083,xr2zLfe7460vEJHfL1R6,2,9.649826126927614,16500000
67556833-1e9e-11ef-8e4f-040e3c016083,xxu0VIwsrPiKsfmv3Cjt,2,4.330604378932812,16500000
67556833-1e9e-11ef-8e4f-040e3c016083,y7JrAjqTeLN3yELPKIlC,3,17.042071248809364,17500000
67556833-1e9e-11ef-8e4f-040e3c016083,yGOblFsjdzUPur7dzOMP,1,9.649826126927614,16500000
67556833-1e9e-11ef-8e4f-040e3c016083,yINcUBiwI7ibtlOK1pbm,3,13.684375738158852,16300000
67556833-1e9e-11ef-8e4f-040e3c016083,yKVlk54uje47thOdLLBg,1,16.276759204987027,16500000
67556833-1e9e-11ef-8e4f-040e3c016083,yPyyB4MYfMYx6MsvHBLl,2,8.814794908759884,16200000
67556833-1e9e-11ef-8e4f-040e3c016083,yzYp9L1VvPieCHrHV78y,1,15.994803488850401,16300000
67556833-1e9e-11ef-8e4f-040e3c016083,zR6WxlgEf2RKQFDyoJwl,1,11.885212066959749,13700000
67556833-1e9e-11ef-8e4f-040e3c016083,zwhKkfA7skECX5ZDgWvj,2,9.649826126927614,11000000
6b86458f-1e9e-11ef-b621-040e3c016083,0RsXIpTxYxbkD1ef7nCF,3,4.612559546875025,2000000
6b86458f-1e9e-11ef-b621-040e3c016083,0ibitfDjJNvgIx7vCd6Y,3,5.5136436042350825,0
6b86458f-1e9e-11ef-b621-040e3c016083,0swBNCJBfiIRxmzRREi2,6,1.0770014632068283,4800000
6b86458f-1e9e-11ef-b621-040e3c016083,0u8Rj5YaaYUN05pOqOAe,1,5.44844881271462,3200000
6b86458f-1e9e-11ef-b621-040e3c016083,1StM5HswzLz3VwD3nnyT,2,11.062603437373031,3800000
6b86458f-1e9e-11ef-b621-040e3c016083,1SyOX5nLpPbHxF0tRBQe,3,9.844505077240994,5200000
6b86458f-1e9e-11ef-b621-040e3c016083,1aoYNhwtodvT662nxon8,4,4.594461701288421,4700000
6b86458f-1e9e-11ef-b621-040e3c016083,1yHlowt1q6F9m5e1837E,3,3.500587749810271,2400000
6b86458f-1e9e-11ef-b621-040e3c016083,29f1A0i5GzNpGMvUsdae,3,4.847215643783665,2500000
6b86458f-1e9e-11ef-b621-040e3c016083,29xDwPaXIY0vwCVDSpFG,2,11.161423273833568,4700000
6b86458f-1e9e-11ef-b621-040e3c016083,2yyZFyn41qMQCMFGFqPj,4,4.590092551485079,600000
6b86458f-1e9e-11ef-b621-040e3c016083,39GFiLtd7VrHOoUsPrWz,1,6.895081670944763,3500000
6b86458f-1e9e-11ef-b621-040e3c016083,3UXclQQjPqZn3o67SOso,3,4.788215581963904,3300000
6b86458f-1e9e-11ef-b621-040e3c016083,3dpZxuBBaJpStfsVfJNY,5,3.194469269383333,2400000
6b86458f-1e9e-11ef-b621-040e3c016083,3gz1rLyC62cNtSbledms,4,2.961859556133145,600000
6b86458f-1e9e-11ef-b621-040e3c016083,3uSI9UGP8KkdYWscHC51,1,5.344045171332043,0
6b86458f-1e9e-11ef-b621-040e3c016083,4FIYxwtacJ4rbVYkcG9k,8,4.612559546875025,0
6b86458f-1e9e-11ef-b621-040e3c016083,4tgeNGivKygg6R8R1JCZ,2,3.849273858687263,4500000
6b86458f-1e9e-11ef-b621-040e3c016083,4wI60GtouIZvd2HIFhIh,2,9.899557031922255,500000
6b86458f-1e9e-11ef-b621-040e3c016083,4yvz9glBBrXWmDuMQaEB,1,7.152468950931739,4100000
6b86458f-1e9e-11ef-b621-040e3c016083,5FdOq5z7Ehjvtfnp7I24,2,5.131595627780778,1800000
6b86458f-1e9e-11ef-b621-040e3c016083,5PzoM1qR3LW9T4RnwYxs,1,11.161423273833568,5000000
6b86458f-1e9e-11ef-b621-040e3c016083,5ZbvLzrN6CtpKjGuaOJf,4,3.23109631870752,3000000
6b86458f-1e9e-11ef-b621-040e3c016083,6iUK9Lno6nd0ky8WHhvQ,3,8.208622154057897,2900001
6b86458f-1e9e-11ef-b621-040e3c016083,78ooDgz5bkVfTAVLHQ4b,5,4.456152133133975,3500000
6b86458f-1e9e-11ef-b621-040e3c016083,7GLCseg2wkvweqXP2FZq,5,1.0770014632068283,4000000
6b86458f-1e9e-11ef-b621-040e3c016083,7Hhgg4USykrF2WYAMq4h,5,4.663795729721394,3500000
6b86458f-1e9e-11ef-b621-040e3c016083,7rqFEphDcFf17Y9Mxr0b,1,6.249053822912082,5700000
6b86458f-1e9e-11ef-b621-040e3c016083,8A2GXme5EJMUCi2K6oOl,2,11.161423273833568,5000000
6b86458f-1e9e-11ef-b621-040e3c016083,8Bc7Usq9diqSmj9mOrJE,1,30,2000000
6b86458f-1e9e-11ef-b621-040e3c016083,8L04W3da0mdrL2eVBvmP,4,4.612559546875025,2000000
6b86458f-1e9e-11ef-b621-040e3c016083,98hNZmMHWBjj7uPZeK2B,1,8.208622154057897,5000000
6b86458f-1e9e-11ef-b621-040e3c016083,AL5cL8tJ5WDcRQqjiWfq,2,8.208622154057897,3200000
6b86458f-1e9e-11ef-b621-040e3c016083,AcKonDcKbBd9srJ8kJrT,1,6.162077252479887,3000000
6b86458f-1e9e-11ef-b621-040e3c016083,B4ItVZxVAylYJmxfBLM4,5,2.3871063458036996,0
6b86458f-1e9e-11ef-b621-040e3c016083,BGLRJW546SxNnhOCma2F,2,11.551919195963556,5400000
6b86458f-1e9e-11ef-b621-040e3c016083,CsAuzfyhqdeRmO5EwHMo,4,2.986485981573519,2000000
6b86458f-1e9e-11ef-b621-040e3c016083,CzeJRpKSJJPd0u93Jl5X,5,2.6106615820556844,1000000
6b86458f-1e9e-11ef-b621-040e3c016083,D2yQi0OGpEg9lXe4paHN,1,6.249053822912082,5700000
6b86458f-1e9e-11ef-b621-040e3c016083,DfYJgwxYNnaqctVFX6Fx,6,1.0770014632068283,5500000
6b86458f-1e9e-11ef-b621-040e3c016083,Dzxsk6CNw2s06qhm42qO,4,2.0075144644608027,700000
6b86458f-1e9e-11ef-b621-040e3c016083,E66qoWthZdknSpsDyuyC,5,2.961859556133145,600000
6b86458f-1e9e-11ef-b621-040e3c016083,ED7u2sENb7U8qM3P3Zev,3,2.0075144644608027,700000
6b86458f-1e9e-11ef-b621-040e3c016083,EPXHkQqzRGCapf2a4ki8,7,1.429611774529988,3300000
6b86458f-1e9e-11ef-b621-040e3c016083,EZTxqwMDBfEDxNqhtEbR,2,4.743266833371996,2300000
6b86458f-1e9e-11ef-b621-040e3c016083,EwBTbTCGOWoBb1EbEEEW,3,3.4868710532240765,1000000
6b86458f-1e9e-11ef-b621-040e3c016083,F0cscj5XTHKgU57T8bhy,1,8.09415175166085,2300000
6b86458f-1e9e-11ef-b621-040e3c016083,FCAEPJQWscGwnzRM4jUi,4,4.989509909818885,500000
6b86458f-1e9e-11ef-b621-040e3c016083,FnjUu83KXaLi2vhAcoeQ,2,5.463591905639058,3700000
6b86458f-1e9e-11ef-b621-040e3c016083,GAuaI0SSPTNV0vN3he09,6,1.0770014632068283,3500000
6b86458f-1e9e-11ef-b621-040e3c016083,GV265joouF79qk7lErIx,3,21.252966848428702,3200000
6b86458f-1e9e-11ef-b621-040e3c016083,GbJK7QiT6cppBPTDVOsf,4,1.0770014632068283,4100000
6b86458f-1e9e-11ef-b621-040e3c016083,HJOHvRsAWlzWEbzHM8Px,2,8.43212321484835,2700000
6b86458f-1e9e-11ef-b621-040e3c016083,HpJd2w8HYj0xl3v7JlKQ,3,5.131595627780778,1800000
6b86458f-1e9e-11ef-b621-040e3c016083,I6IQ4iHVuTTPucUoHPln,3,8.59497973907174,4700000
6b86458f-1e9e-11ef-b621-040e3c016083,IYC5QeWKNbr5XlyWhaJt,3,3.58591445158091,1300000
6b86458f-1e9e-11ef-b621-040e3c016083,JFG5PCdrQLeNRCRr0zZu,5,2.038517514532563,5100000
6b86458f-1e9e-11ef-b621-040e3c016083,JaCMElOyhlt8jDstvajY,3,9.844505077240994,5200000
6b86458f-1e9e-11ef-b621-040e3c016083,KRSxQrWPsnzn9E9AZd8K,3,7.356713562344472,5200000
6b86458f-1e9e-11ef-b621-040e3c016083,KVctgJrJINLUizdlOU0Z,2,3.4868710532240765,1000000
6b86458f-1e9e-11ef-b621-040e3c016083,KkE7H2hNrFq8hODowTnY,3,5.834067772565684,3000000
6b86458f-1e9e-11ef-b621-040e3c016083,L3w3AFkJn0qxyROAD77a,2,2.600982821199622,1200000
6b86458f-1e9e-11ef-b621-040e3c016083,LIB3o9pkiZiNMiZ3NiMB,7,1.0770014632068283,3100000
6b86458f-1e9e-11ef-b621-040e3c016083,LM4qnEwdhXUKncNI35L6,7,1.0770014632068283,3000000
6b86458f-1e9e-11ef-b621-040e3c016083,LukiqvE5zaxZeobZVY6O,3,4.612559546875025,2000000
6b86458f-1e9e-11ef-b621-040e3c016083,M6NxlWupOJfZ0jPp7Lk6,3,8.208622154057897,2500000
6b86458f-1e9e-11ef-b621-040e3c016083,MqNmUpgJfx7sPUtFiash,2,4.036974039460016,2000000
6b86458f-1e9e-11ef-b621-040e3c016083,N6vVpQ9M5APipqlVL7aL,5,2.683367863165969,1400000
6b86458f-1e9e-11ef-b621-040e3c016083,No0cbw2NKa76fILSeXUD,4,4.269297321989186,5200000
6b86458f-1e9e-11ef-b621-040e3c016083,O1kmuvjKTk2eAW2xpw7e,2,4.663795729721394,3500000
6b86458f-1e9e-11ef-b621-040e3c016083,O6s95SMQC0aJyZqBeZm7,3,5.852446222707975,5600000
6b86458f-1e9e-11ef-b621-040e3c016083,OBPIg9ZLeN4Coifrye0W,1,5.141457863316254,2500000
6b86458f-1e9e-11ef-b621-040e3c016083,OkWvDHMqAs83XCAPcdO2,2,19.325412432990966,3600000
6b86458f-1e9e-11ef-b621-040e3c016083,PCOUS8KZR0Ph13BLzrPR,3,5.834067772565684,2500000
6b86458f-1e9e-11ef-b621-040e3c016083,PJmi4oBrIyQw8hxN45jY,4,4.401739229656415,5500000
6b86458f-1e9e-11ef-b621-040e3c016083,Pae60dySd6ixwSyE6NUv,1,5.834067772565684,3000000
6b86458f-1e9e-11ef-b621-040e3c016083,PdMUfYqBBfdZQvl3ZmDF,1,6.630118587224006,3700000
6b86458f-1e9e-11ef-b621-040e3c016083,PdUlTnzmgcRd3I0O0Kje,6,1.0770014632068283,3000000
6b86458f-1e9e-11ef-b621-040e3c016083,Q2pUi1iaYkUXp2V0PhTA,3,11.161423273833568,5000000
6b86458f-1e9e-11ef-b621-040e3c016083,Qux3ZMgibJarc4CfCo4L,2,5.501466696266778,4500000
6b86458f-1e9e-11ef-b621-040e3c016083,Quyw1yoMf6oeAsf4ei82,4,4.594461701288421,4700000
6b86458f-1e9e-11ef-b621-040e3c016083,Qx8Dx7hkNehsP8Ec5yA5,2,4.269297321989186,5200000
6b86458f-1e9e-11ef-b621-040e3c016083,QypCz2qv29dQlcX4LTcc,2,3.394793192237901,5300000
6b86458f-1e9e-11ef-b621-040e3c016083,R59acpMZGr8IcIHo8yCh,4,3.58591445158091,1300000
6b86458f-1e9e-11ef-b621-040e3c016083,R6eT9AxLMT7KF2Sv9QaG,6,4.71239626919455,500000
6b86458f-1e9e-11ef-b621-040e3c016083,RfsuLJPMPj0snX0ihLjn,4,4.594461701288421,4700000
6b86458f-1e9e-11ef-b621-040e3c016083,RgEunQB3QDn719ailYkj,2,5.44844881271462,3200000
6b86458f-1e9e-11ef-b621-040e3c016083,Rwgf8cjLEEGUA7EEVKtf,5,1.0770014632068283,5500000
6b86458f-1e9e-11ef-b621-040e3c016083,S8D4ROZ1LivtKSbdYpSv,3,2.038517514532563,5100000
6b86458f-1e9e-11ef-b621-040e3c016083,TCmSxtvfpzAI9Kyhydzr,2,30,2000000
6b86458f-1e9e-11ef-b621-040e3c016083,TNWiPAcmdfDmmLebrmIu,5,1.0770014632068283,3000000
6b86458f-1e9e-11ef-b621-040e3c016083,TY1HhU1covRwD7TN2VTh,3,19.325412432990966,3600000
6b86458f-1e9e-11ef-b621-040e3c016083,TeqpLgdC4vf6Q9gmKXsP,2,8.43212321484835,2700000
6b86458f-1e9e-11ef-b621-040e3c016083,TfYJzXYE1bvRUKUcugAb,7,1.474565435155976,1000000
6b86458f-1e9e-11ef-b621-040e3c016083,URdWYFi04GTO7rIodoAc,1,5.344045171332043,1300000
6b86458f-1e9e-11ef-b621-040e3c016083,Uj3qeGrJBrEwAEu0W2iu,3,7.69482884364899,4200000
6b86458f-1e9e-11ef-b621-040e3c016083,V47fq1hBC1HWjH7NROGy,6,1.0770014632068283,3100000
6b86458f-1e9e-11ef-b621-040e3c016083,VBu1kQ3PymLBAOsgCg4Q,6,1.0770014632068283,4000000
6b86458f-1e9e-11ef-b621-040e3c016083,VIYbdeLQYy78mkbzvt3S,6,1.0770014632068283,4000000
6b86458f-1e9e-11ef-b621-040e3c016083,VVqpULhyUfjXpEAU8uBf,3,2.6106615820556844,3500000
6b86458f-1e9e-11ef-b621-040e3c016083,WD9xJz2lRxRfhUGf7Yy6,1,5.834067772565684,2200000
6b86458f-1e9e-11ef-b621-040e3c016083,X3qNwAFynzgskrzR0qUZ,1,8.208622154057897,3000000
6b86458f-1e9e-11ef-b621-040e3c016083,X9UpWqtaybMjsu2Lm8Xk,2,2.6106615820556844,3500000
6b86458f-1e9e-11ef-b621-040e3c016083,XMabSiGhdNfstta0Yium,2,3.582917403602579,1500000
6b86458f-1e9e-11ef-b621-040e3c016083,XbipMOI4lDgqW6kCV1kk,2,30,1500000
6b86458f-1e9e-11ef-b621-040e3c016083,XzLiRrgyVHW4JsJ8c0Hc,4,2.268966941937289,2000000
6b86458f-1e9e-11ef-b621-040e3c016083,YLspABuzKu9k1xgc6Cfj,3,3.194469269383333,2400000
6b86458f-1e9e-11ef-b621-040e3c016083,YcqP9jtrc1uvhxsEP2N9,7,1.0770014632068283,4100000
6b86458f-1e9e-11ef-b621-040e3c016083,YdjFGRRUjacJCU9lp7QL,2,3.582917403602579,1500000
6b86458f-1e9e-11ef-b621-040e3c016083,YnPRgwM3K736kEyjGqPZ,6,1.0770014632068283,5500000
6b86458f-1e9e-11ef-b621-040e3c016083,YoqUAe9srafQLwUMGXTM,3,8.443439018372406,2700000
6b86458f-1e9e-11ef-b621-040e3c016083,Zu7VT3CEOweTOwLKpQMK,7,2.4778163204039796,200000
6b86458f-1e9e-11ef-b621-040e3c016083,a1XaaEcggSPSjH7x3M1N,5,4.847215643783665,1000000
6b86458f-1e9e-11ef-b621-040e3c016083,afc5kIbTL7X9Ip4cz7fF,5,1.0770014632068283,4000000
6b86458f-1e9e-11ef-b621-040e3c016083,avUBZXqNogvbbayyGUh6,3,9.861347633132995,3800000
6b86458f-1e9e-11ef-b621-040e3c016083,avyOiCvR4sU3DDjWH8ge,1,9.283549142003523,3700000
6b86458f-1e9e-11ef-b621-040e3c016083,bCX7vkW5T3eSDEGTQbg1,2,3.920510189708125,2000000
6b86458f-1e9e-11ef-b621-040e3c016083,bHUoj2xkuI4gY30OdjdM,1,6.944870316897131,1000000
6b86458f-1e9e-11ef-b621-040e3c016083,bUIQWkMPdyZ1uzVrKCnc,3,5.501466696266778,4500000
6b86458f-1e9e-11ef-b621-040e3c016083,bXNDqZT3fXRRBk661akG,2,30,4000000
6b86458f-1e9e-11ef-b621-040e3c016083,c292g4ic0e6lJgIWX1QH,1,6.895081670944763,3500000
6b86458f-1e9e-11ef-b621-040e3c016083,d0DxGTKfPQA04Gakw6OF,2,3.500587749810271,2400000
6b86458f-1e9e-11ef-b621-040e3c016083,dBgp9eBweTw75LV2tSR6,6,4.343071838038118,200000
6b86458f-1e9e-11ef-b621-040e3c016083,dv4XdgHVlZcJtOebPA8Q,3,4.590092551485079,600000
6b86458f-1e9e-11ef-b621-040e3c016083,dyABpC7CFuHsWxf5DAyN,2,2.6106615820556844,3500000
6b86458f-1e9e-11ef-b621-040e3c016083,e0PgpVCcAWreswsEv0Jq,3,6.162077252479887,3000000
6b86458f-1e9e-11ef-b621-040e3c016083,eJDPRHHinhFgyBZrjGGq,3,5.3149613211343425,6600000
6b86458f-1e9e-11ef-b621-040e3c016083,eUMXmCuLlMMmdMQpXFQJ,3,11.881352693972802,5000000
6b86458f-1e9e-11ef-b621-040e3c016083,ea1FDgQB4zoUegWl32ya,3,4.847215643783665,1000000
6b86458f-1e9e-11ef-b621-040e3c016083,epOSoWYY55L4QeLeBxyV,1,9.283549142003523,4000000
6b86458f-1e9e-11ef-b621-040e3c016083,f4FupO5Vb3JYf936r0Nw,9,1.0770014632068283,500000
6b86458f-1e9e-11ef-b621-040e3c016083,fMBPtUSiBqAcQOk32RR8,4,4.883788214221721,1000000
6b86458f-1e9e-11ef-b621-040e3c016083,fYOnAKdKtZkgQrFfVuXW,2,3.582917403602579,1500000
6b86458f-1e9e-11ef-b621-040e3c016083,fwZ4pXRydP9iaCD9N1G7,2,4.0389277878251395,2000000
6b86458f-1e9e-11ef-b621-040e3c016083,gvbZ45x7DWLtPmvK8oVz,3,6.630118587224006,2000000
6b86458f-1e9e-11ef-b621-040e3c016083,hBAOBVv4CR9d6bkGZCzc,3,30,2000000
6b86458f-1e9e-11ef-b621-040e3c016083,hECdNPaBAfZ89HNs3l9h,3,9.107509906905745,4500000
6b86458f-1e9e-11ef-b621-040e3c016083,hEFwZXthqMfupnAcmJ2t,2,5.463591905639058,3700000
6b86458f-1e9e-11ef-b621-040e3c016083,hXpH041I8oRihgAHxmj5,2,5.5136436042350825,800000
6b86458f-1e9e-11ef-b621-040e3c016083,hYW58tBxFoZ9zsaJubqY,2,10.797526591230012,3000000
6b86458f-1e9e-11ef-b621-040e3c016083,hjFiktzdojENxE0zgyds,4,2.600982821199622,1200000
6b86458f-1e9e-11ef-b621-040e3c016083,hu9hrvL8MsVnBlTQMPzw,4,2.3312719360703302,500000
6b86458f-1e9e-11ef-b621-040e3c016083,i5XIQyawjhlTTUxeyITS,4,4.71239626919455,2500000
6b86458f-1e9e-11ef-b621-040e3c016083,imGVWUTfam1MgYO5c282,2,2.9126179948064945,3500000
6b86458f-1e9e-11ef-b621-040e3c016083,j74I7sAno4NwrQpS752a,6,1.474565435155976,1000000
6b86458f-1e9e-11ef-b621-040e3c016083,jX5SZGw0ODmmWUOwHchZ,2,7.356713562344472,5200000
6b86458f-1e9e-11ef-b621-040e3c016083,k2PZ5odV85GDWTpXUIkc,6,3.6318103807932416,900000
6b86458f-1e9e-11ef-b621-040e3c016083,kHOd3ZfUXgcQ1cvhlNi4,6,4.612559546875025,0
6b86458f-1e9e-11ef-b621-040e3c016083,kdvwjgxBrGzeMZFK4HxI,3,8.208622154057897,2500000
6b86458f-1e9e-11ef-b621-040e3c016083,klXFM7EzvnkEUJk1NzPo,3,3.6318103807932416,900000
6b86458f-1e9e-11ef-b621-040e3c016083,lCRJoJsp2BkBn4VAxSG6,1,11.551919195963556,5400000
6b86458f-1e9e-11ef-b621-040e3c016083,lHtIzGxgadpcI2SH2MXD,7,1.4685876263063076,2500000
6b86458f-1e9e-11ef-b621-040e3c016083,mNdE6mQ3mVdYt23lgTmX,3,2.268966941937289,2000000
6b86458f-1e9e-11ef-b621-040e3c016083,mONPfAYVYW7kEuk920qW,2,4.743266833371996,2300000
6b86458f-1e9e-11ef-b621-040e3c016083,mq0X1B9uobOVM4CWZf4q,1,30,1500000
6b86458f-1e9e-11ef-b621-040e3c016083,n1OjfWW29Zj73gH14gY8,5,3.9629457294833994,700000
6b86458f-1e9e-11ef-b621-040e3c016083,nMJnm3BvKnte1bdx6NTF,2,3.7674880528986394,5100000
6b86458f-1e9e-11ef-b621-040e3c016083,nRI0z3n3ZL6SG9nmTh2V,2,5.834067772565684,2200000
6b86458f-1e9e-11ef-b621-040e3c016083,naug2BVkWVGo928BNdsQ,2,4.663795729721394,3500000
6b86458f-1e9e-11ef-b621-040e3c016083,o2uRjiWu7x9y66w54ZKI,4,3.412438253860617,3300000
6b86458f-1e9e-11ef-b621-040e3c016083,oNOYrpRfzrG5y1lVllsF,6,1.0770014632068283,5500000
6b86458f-1e9e-11ef-b621-040e3c016083,oZhFXIopaf9e2g0Ho4W2,3,3.269050161008088,3400000
6b86458f-1e9e-11ef-b621-040e3c016083,ohl0N2ZNHgIFHRyRm5JF,6,2.9897716032947876,800000
6b86458f-1e9e-11ef-b621-040e3c016083,olWZl8WOq8rAQ5XopzjV,5,2.9897716032947876,800000
6b86458f-1e9e-11ef-b621-040e3c016083,ozd4DNbt4QbNcC64quxB,7,1.0770014632068283,1500000
6b86458f-1e9e-11ef-b621-040e3c016083,q3rhJlWyZN10raxxtvHV,2,30,2000000
6b86458f-1e9e-11ef-b621-040e3c016083,qcY2zCPIXeGeBNZMxAgs,6,3.288232191060346,800000
6b86458f-1e9e-11ef-b621-040e3c016083,rCVVZfC4uvfut3YgpCBH,3,4.4935913339635585,2500000
6b86458f-1e9e-11ef-b621-040e3c016083,rQPZSWKNWgFGb5t7WxTm,3,4.561505021458958,2100000
6b86458f-1e9e-11ef-b621-040e3c016083,s8JgUAuPWgNG4zQUNeGU,2,8.208622154057897,2500000
6b86458f-1e9e-11ef-b621-040e3c016083,sa6P3ZiFd5t1Wu7RNXOH,3,9.283549142003523,4000000
6b86458f-1e9e-11ef-b621-040e3c016083,sqPzwUiSvMMX3lLmd2B2,4,1.0770014632068283,5500000
6b86458f-1e9e-11ef-b621-040e3c016083,t1pycrNs36UteM5AUtLG,1,5.344045171332043,0
6b86458f-1e9e-11ef-b621-040e3c016083,t8wI7QAD1RSmc54UPRq1,5,3.6086233651273507,4000000
6b86458f-1e9e-11ef-b621-040e3c016083,tF53XYMNMd4QJxtMsF2h,5,1.0770014632068283,4300000
6b86458f-1e9e-11ef-b621-040e3c016083,txDz7IbKccW2ZXYMsg5k,7,1.0770014632068283,3500000
6b86458f-1e9e-11ef-b621-040e3c016083,uF7XsTghoGs3mEpsckOR,5,3.582917403602579,1500000
6b86458f-1e9e-11ef-b621-040e3c016083,uI3USCYdTBVnRHfbolgt,7,2.3871063458036996,0
6b86458f-1e9e-11ef-b621-040e3c016083,ubOhCaldtZ2NGNZSzl8S,4,3.194469269383333,2400000
6b86458f-1e9e-11ef-b621-040e3c016083,udsIIuHdOHojPr3mOjc2,2,4.277106051255401,2800000
6b86458f-1e9e-11ef-b621-040e3c016083,unwKz0xY03RmO5OxTjtC,3,7.831937856976485,4200000
6b86458f-1e9e-11ef-b621-040e3c016083,urT2a8ldifgBYedGmUmd,3,2.683367863165969,1400000
6b86458f-1e9e-11ef-b621-040e3c016083,vRY5BQ2hWJbFgYHPGK74,6,1.0770014632068283,5500000
6b86458f-1e9e-11ef-b621-040e3c016083,vkrJ5cP2ZtqwNjfTi7aG,3,5.344045171332043,0
6b86458f-1e9e-11ef-b621-040e3c016083,vvMl58AkIxJqFjrtMczu,3,5.834067772565684,3000000
6b86458f-1e9e-11ef-b621-040e3c016083,vvq3pFbrLrQKJ5c0NVa0,3,8.690989152969983,1500000
6b86458f-1e9e-11ef-b621-040e3c016083,wkcpTkzsdCUB0WddZHtL,4,9.899557031922255,500000
6b86458f-1e9e-11ef-b621-040e3c016083,ww8LMVceitSrTSvdEVz4,1,8.208622154057897,3000000
6b86458f-1e9e-11ef-b621-040e3c016083,xMvYNHdXNLjVYEpMwDkj,5,4.847215643783665,2500000
6b86458f-1e9e-11ef-b621-040e3c016083,xPHcHlh7noyKSUN3GOLN,4,1.0770014632068283,4000000
6b86458f-1e9e-11ef-b621-040e3c016083,xr2zLfe7460vEJHfL1R6,5,4.456152133133975,3500000
6b86458f-1e9e-11ef-b621-040e3c016083,xxu0VIwsrPiKsfmv3Cjt,2,10.8207177082775,3500000
6b86458f-1e9e-11ef-b621-040e3c016083,y7JrAjqTeLN3yELPKIlC,2,7.178801950494332,4500000
6b86458f-1e9e-11ef-b621-040e3c016083,yGOblFsjdzUPur7dzOMP,2,4.456152133133975,3500000
6b86458f-1e9e-11ef-b621-040e3c016083,yINcUBiwI7ibtlOK1pbm,4,4.591912906717685,3300000
6b86458f-1e9e-11ef-b621-040e3c016083,yKVlk54uje47thOdLLBg,1,6.895081670944763,3500000
6b86458f-1e9e-11ef-b621-040e3c016083,yPyyB4MYfMYx6MsvHBLl,2,3.561235824243417,3200000
6b86458f-1e9e-11ef-b621-040e3c016083,yzYp9L1VvPieCHrHV78y,2,4.788215581963904,3300000
6b86458f-1e9e-11ef-b621-040e3c016083,zR6WxlgEf2RKQFDyoJwl,3,3.9629457294833994,700000
6b86458f-1e9e-11ef-b621-040e3c016083,zwhKkfA7skECX5ZDgWvj,3,4.456152133133975,2000000
6e80617b-1e9e-11ef-97a4-040e3c016083,0RsXIpTxYxbkD1ef7nCF,3,4.1970723696483745,5000000
6e80617b-1e9e-11ef-97a4-040e3c016083,0ibitfDjJNvgIx7vCd6Y,3,5.426198674507881,3000000
6e80617b-1e9e-11ef-97a4-040e3c016083,0swBNCJBfiIRxmzRREi2,5,1.1334382061911503,7800000
6e80617b-1e9e-11ef-97a4-040e3c016083,0u8Rj5YaaYUN05pOqOAe,3,4.384245028585015,6200000
6e80617b-1e9e-11ef-97a4-040e3c016083,1StM5HswzLz3VwD3nnyT,3,10.111268003714514,6800000
6e80617b-1e9e-11ef-97a4-040e3c016083,1SyOX5nLpPbHxF0tRBQe,2,9.44123981818877,8200000
6e80617b-1e9e-11ef-97a4-040e3c016083,1aoYNhwtodvT662nxon8,3,5.6526597394031555,7700000
6e80617b-1e9e-11ef-97a4-040e3c016083,1yHlowt1q6F9m5e1837E,5,2.581439906591324,5400000
6e80617b-1e9e-11ef-97a4-040e3c016083,29f1A0i5GzNpGMvUsdae,5,4.960026851101209,5500000
6e80617b-1e9e-11ef-97a4-040e3c016083,29xDwPaXIY0vwCVDSpFG,1,10.305561333352419,7700000
6e80617b-1e9e-11ef-97a4-040e3c016083,2yyZFyn41qMQCMFGFqPj,4,4.506812679846248,3600000
6e80617b-1e9e-11ef-97a4-040e3c016083,39GFiLtd7VrHOoUsPrWz,2,6.95019468073825,6500000
6e80617b-1e9e-11ef-97a4-040e3c016083,3UXclQQjPqZn3o67SOso,2,5.418157635213766,6300000
6e80617b-1e9e-11ef-97a4-040e3c016083,3dpZxuBBaJpStfsVfJNY,3,3.041816338034467,5400000
6e80617b-1e9e-11ef-97a4-040e3c016083,3gz1rLyC62cNtSbledms,4,1.9328918049803991,2400000
6e80617b-1e9e-11ef-97a4-040e3c016083,3uSI9UGP8KkdYWscHC51,2,6.185165060937172,3000000
6e80617b-1e9e-11ef-97a4-040e3c016083,4FIYxwtacJ4rbVYkcG9k,5,4.1970723696483745,3000000
6e80617b-1e9e-11ef-97a4-040e3c016083,4tgeNGivKygg6R8R1JCZ,5,4.436659160840314,7500000
6e80617b-1e9e-11ef-97a4-040e3c016083,4wI60GtouIZvd2HIFhIh,3,10.702829804330538,2500000
6e80617b-1e9e-11ef-97a4-040e3c016083,4yvz9glBBrXWmDuMQaEB,3,7.334439487001971,7100000
6e80617b-1e9e-11ef-97a4-040e3c016083,5FdOq5z7Ehjvtfnp7I24,3,4.133621091723915,4800000
6e80617b-1e9e-11ef-97a4-040e3c016083,5PzoM1qR3LW9T4RnwYxs,2,10.305561333352419,8000000
6e80617b-1e9e-11ef-97a4-040e3c016083,5ZbvLzrN6CtpKjGuaOJf,5,2.25825670761653,6000000
6e80617b-1e9e-11ef-97a4-040e3c016083,6iUK9Lno6nd0ky8WHhvQ,1,7.831702510286037,5900001
6e80617b-1e9e-11ef-97a4-040e3c016083,78ooDgz5bkVfTAVLHQ4b,5,3.482017572358333,6500000
6e80617b-1e9e-11ef-97a4-040e3c016083,7GLCseg2wkvweqXP2FZq,7,1.1334382061911503,7000000
6e80617b-1e9e-11ef-97a4-040e3c016083,7Hhgg4USykrF2WYAMq4h,1,5.26380584517979,6500000
6e80617b-1e9e-11ef-97a4-040e3c016083,7rqFEphDcFf17Y9Mxr0b,3,5.377593989105496,8700000
6e80617b-1e9e-11ef-97a4-040e3c016083,8A2GXme5EJMUCi2K6oOl,2,10.305561333352419,8000000
6e80617b-1e9e-11ef-97a4-040e3c016083,8Bc7Usq9diqSmj9mOrJE,3,30,5000000
6e80617b-1e9e-11ef-97a4-040e3c016083,8L04W3da0mdrL2eVBvmP,2,4.1970723696483745,5000000
6e80617b-1e9e-11ef-97a4-040e3c016083,98hNZmMHWBjj7uPZeK2B,3,7.831702510286037,8000000
6e80617b-1e9e-11ef-97a4-040e3c016083,AL5cL8tJ5WDcRQqjiWfq,3,7.831702510286037,6200000
6e80617b-1e9e-11ef-97a4-040e3c016083,AcKonDcKbBd9srJ8kJrT,2,5.971477613318089,6000000
6e80617b-1e9e-11ef-97a4-040e3c016083,B4ItVZxVAylYJmxfBLM4,6,1.6265663938048782,3000000
6e80617b-1e9e-11ef-97a4-040e3c016083,BGLRJW546SxNnhOCma2F,3,10.491795574239491,8400000
6e80617b-1e9e-11ef-97a4-040e3c016083,CsAuzfyhqdeRmO5EwHMo,2,2.348466195466557,5000000
6e80617b-1e9e-11ef-97a4-040e3c016083,CzeJRpKSJJPd0u93Jl5X,4,2.6326928244451118,4000000
6e80617b-1e9e-11ef-97a4-040e3c016083,D2yQi0OGpEg9lXe4paHN,3,5.377593989105496,8700000
6e80617b-1e9e-11ef-97a4-040e3c016083,DfYJgwxYNnaqctVFX6Fx,5,1.1334382061911503,8500000
6e80617b-1e9e-11ef-97a4-040e3c016083,Dzxsk6CNw2s06qhm42qO,6,0.9427403220562348,3700000
6e80617b-1e9e-11ef-97a4-040e3c016083,E66qoWthZdknSpsDyuyC,4,1.9328918049803991,2400000
6e80617b-1e9e-11ef-97a4-040e3c016083,ED7u2sENb7U8qM3P3Zev,4,0.9427403220562348,3700000
6e80617b-1e9e-11ef-97a4-040e3c016083,EPXHkQqzRGCapf2a4ki8,3,2.393051266387002,6300000
6e80617b-1e9e-11ef-97a4-040e3c016083,EZTxqwMDBfEDxNqhtEbR,3,5.615859633838808,5300000
6e80617b-1e9e-11ef-97a4-040e3c016083,EwBTbTCGOWoBb1EbEEEW,5,2.4324444949172737,2000000
6e80617b-1e9e-11ef-97a4-040e3c016083,F0cscj5XTHKgU57T8bhy,3,8.75556020944236,5300000
6e80617b-1e9e-11ef-97a4-040e3c016083,FCAEPJQWscGwnzRM4jUi,3,4.7066108986639215,3500000
6e80617b-1e9e-11ef-97a4-040e3c016083,FnjUu83KXaLi2vhAcoeQ,2,6.423433952906396,6700000
6e80617b-1e9e-11ef-97a4-040e3c016083,GAuaI0SSPTNV0vN3he09,5,1.1334382061911503,6500000
6e80617b-1e9e-11ef-97a4-040e3c016083,GV265joouF79qk7lErIx,3,21.40686367355476,6200000
6e80617b-1e9e-11ef-97a4-040e3c016083,GbJK7QiT6cppBPTDVOsf,6,1.1334382061911503,7100000
6e80617b-1e9e-11ef-97a4-040e3c016083,HJOHvRsAWlzWEbzHM8Px,2,8.008871700271287,5700000
6e80617b-1e9e-11ef-97a4-040e3c016083,HpJd2w8HYj0xl3v7JlKQ,4,4.133621091723915,4800000
6e80617b-1e9e-11ef-97a4-040e3c016083,I6IQ4iHVuTTPucUoHPln,1,8.111376552651777,7700000
6e80617b-1e9e-11ef-97a4-040e3c016083,IYC5QeWKNbr5XlyWhaJt,4,2.545634292982826,4300000
6e80617b-1e9e-11ef-97a4-040e3c016083,JFG5PCdrQLeNRCRr0zZu,3,3.0528871336202275,8100000
6e80617b-1e9e-11ef-97a4-040e3c016083,JaCMElOyhlt8jDstvajY,1,9.44123981818877,8200000
6e80617b-1e9e-11ef-97a4-040e3c016083,KRSxQrWPsnzn9E9AZd8K,3,6.447460249518858,8200000
6e80617b-1e9e-11ef-97a4-040e3c016083,KVctgJrJINLUizdlOU0Z,3,2.4324444949172737,2000000
6e80617b-1e9e-11ef-97a4-040e3c016083,KkE7H2hNrFq8hODowTnY,1,5.830601063462668,6000000
6e80617b-1e9e-11ef-97a4-040e3c016083,L3w3AFkJn0qxyROAD77a,4,2.654730651711647,4200000
6e80617b-1e9e-11ef-97a4-040e3c016083,LIB3o9pkiZiNMiZ3NiMB,5,1.1334382061911503,6100000
6e80617b-1e9e-11ef-97a4-040e3c016083,LM4qnEwdhXUKncNI35L6,5,1.1334382061911503,6000000
6e80617b-1e9e-11ef-97a4-040e3c016083,LukiqvE5zaxZeobZVY6O,5,4.1970723696483745,5000000
6e80617b-1e9e-11ef-97a4-040e3c016083,M6NxlWupOJfZ0jPp7Lk6,2,7.831702510286037,5500000
6e80617b-1e9e-11ef-97a4-040e3c016083,MqNmUpgJfx7sPUtFiash,3,5.060215429833512,5000000
6e80617b-1e9e-11ef-97a4-040e3c016083,N6vVpQ9M5APipqlVL7aL,4,1.9620805779342627,4400000
6e80617b-1e9e-11ef-97a4-040e3c016083,No0cbw2NKa76fILSeXUD,5,3.409590551422029,8200000
6e80617b-1e9e-11ef-97a4-040e3c016083,O1kmuvjKTk2eAW2xpw7e,1,5.26380584517979,6500000
6e80617b-1e9e-11ef-97a4-040e3c016083,O6s95SMQC0aJyZqBeZm7,2,6.255603603499279,8600000
6e80617b-1e9e-11ef-97a4-040e3c016083,OBPIg9ZLeN4Coifrye0W,1,6.179023598882214,5500000
6e80617b-1e9e-11ef-97a4-040e3c016083,OkWvDHMqAs83XCAPcdO2,1,20.172746530328862,6600000
6e80617b-1e9e-11ef-97a4-040e3c016083,PCOUS8KZR0Ph13BLzrPR,1,5.830601063462668,5500000
6e80617b-1e9e-11ef-97a4-040e3c016083,PJmi4oBrIyQw8hxN45jY,3,3.3672259027549933,8500000
6e80617b-1e9e-11ef-97a4-040e3c016083,Pae60dySd6ixwSyE6NUv,3,5.830601063462668,6000000
6e80617b-1e9e-11ef-97a4-040e3c016083,PdMUfYqBBfdZQvl3ZmDF,1,6.270278507188875,6700000
6e80617b-1e9e-11ef-97a4-040e3c016083,PdUlTnzmgcRd3I0O0Kje,5,1.1334382061911503,6000000
6e80617b-1e9e-11ef-97a4-040e3c016083,Q2pUi1iaYkUXp2V0PhTA,2,10.305561333352419,8000000
6e80617b-1e9e-11ef-97a4-040e3c016083,Qux3ZMgibJarc4CfCo4L,3,5.4133387328018125,7500000
6e80617b-1e9e-11ef-97a4-040e3c016083,Quyw1yoMf6oeAsf4ei82,2,5.6526597394031555,7700000
6e80617b-1e9e-11ef-97a4-040e3c016083,Qx8Dx7hkNehsP8Ec5yA5,4,3.409590551422029,8200000
6e80617b-1e9e-11ef-97a4-040e3c016083,QypCz2qv29dQlcX4LTcc,4,2.4240772946494076,8300000
6e80617b-1e9e-11ef-97a4-040e3c016083,R59acpMZGr8IcIHo8yCh,5,2.545634292982826,4300000
6e80617b-1e9e-11ef-97a4-040e3c016083,R6eT9AxLMT7KF2Sv9QaG,3,5.217124503927381,3500000
6e80617b-1e9e-11ef-97a4-040e3c016083,RfsuLJPMPj0snX0ihLjn,2,5.6526597394031555,7700000
6e80617b-1e9e-11ef-97a4-040e3c016083,RgEunQB3QDn719ailYkj,3,4.384245028585015,6200000
6e80617b-1e9e-11ef-97a4-040e3c016083,Rwgf8cjLEEGUA7EEVKtf,7,1.1334382061911503,8500000
6e80617b-1e9e-11ef-97a4-040e3c016083,S8D4ROZ1LivtKSbdYpSv,3,3.0528871336202275,8100000
6e80617b-1e9e-11ef-97a4-040e3c016083,TCmSxtvfpzAI9Kyhydzr,3,30,5000000
6e80617b-1e9e-11ef-97a4-040e3c016083,TNWiPAcmdfDmmLebrmIu,5,1.1334382061911503,6000000
6e80617b-1e9e-11ef-97a4-040e3c016083,TY1HhU1covRwD7TN2VTh,2,20.172746530328862,6600000
6e80617b-1e9e-11ef-97a4-040e3c016083,TeqpLgdC4vf6Q9gmKXsP,1,8.008871700271287,5700000
6e80617b-1e9e-11ef-97a4-040e3c016083,TfYJzXYE1bvRUKUcugAb,2,2.4163596092707733,4000000
6e80617b-1e9e-11ef-97a4-040e3c016083,URdWYFi04GTO7rIodoAc,1,6.185165060937172,4300000
6e80617b-1e9e-11ef-97a4-040e3c016083,Uj3qeGrJBrEwAEu0W2iu,1,6.7985707014171535,7200000
6e80617b-1e9e-11ef-97a4-040e3c016083,V47fq1hBC1HWjH7NROGy,6,1.1334382061911503,6100000
6e80617b-1e9e-11ef-97a4-040e3c016083,VBu1kQ3PymLBAOsgCg4Q,7,1.1334382061911503,7000000
6e80617b-1e9e-11ef-97a4-040e3c016083,VIYbdeLQYy78mkbzvt3S,6,1.1334382061911503,7000000
6e80617b-1e9e-11ef-97a4-040e3c016083,VVqpULhyUfjXpEAU8uBf,4,2.6326928244451118,6500000
6e80617b-1e9e-11ef-97a4-040e3c016083,WD9xJz2lRxRfhUGf7Yy6,2,5.830601063462668,5200000
6e80617b-1e9e-11ef-97a4-040e3c016083,X3qNwAFynzgskrzR0qUZ,3,7.831702510286037,6000000
6e80617b-1e9e-11ef-97a4-040e3c016083,X9UpWqtaybMjsu2Lm8Xk,2,2.6326928244451118,6500000
6e80617b-1e9e-11ef-97a4-040e3c016083,XMabSiGhdNfstta0Yium,2,2.524404966606597,4500000
6e80617b-1e9e-11ef-97a4-040e3c016083,XbipMOI4lDgqW6kCV1kk,3,30,4500000
6e80617b-1e9e-11ef-97a4-040e3c016083,XzLiRrgyVHW4JsJ8c0Hc,5,1.5496055788320515,5000000
6e80617b-1e9e-11ef-97a4-040e3c016083,YLspABuzKu9k1xgc6Cfj,3,3.041816338034467,5400000
6e80617b-1e9e-11ef-97a4-040e3c016083,YcqP9jtrc1uvhxsEP2N9,5,1.1334382061911503,7100000
6e80617b-1e9e-11ef-97a4-040e3c016083,YdjFGRRUjacJCU9lp7QL,3,2.524404966606597,4500000
6e80617b-1e9e-11ef-97a4-040e3c016083,YnPRgwM3K736kEyjGqPZ,4,1.1334382061911503,8500000
6e80617b-1e9e-11ef-97a4-040e3c016083,YoqUAe9srafQLwUMGXTM,1,7.48394187329293,5700000
6e80617b-1e9e-11ef-97a4-040e3c016083,Zu7VT3CEOweTOwLKpQMK,3,2.9988199554859207,3200000
6e80617b-1e9e-11ef-97a4-040e3c016083,a1XaaEcggSPSjH7x3M1N,5,4.960026851101209,4000000
6e80617b-1e9e-11ef-97a4-040e3c016083,afc5kIbTL7X9Ip4cz7fF,7,1.1334382061911503,7000000
6e80617b-1e9e-11ef-97a4-040e3c016083,avUBZXqNogvbbayyGUh6,1,10.52620939774742,6800000
6e80617b-1e9e-11ef-97a4-040e3c016083,avyOiCvR4sU3DDjWH8ge,3,9.909180018578532,6700000
6e80617b-1e9e-11ef-97a4-040e3c016083,bCX7vkW5T3eSDEGTQbg1,3,4.928627390005467,5000000
6e80617b-1e9e-11ef-97a4-040e3c016083,bHUoj2xkuI4gY30OdjdM,1,5.998163396075765,4000000
6e80617b-1e9e-11ef-97a4-040e3c016083,bUIQWkMPdyZ1uzVrKCnc,2,5.4133387328018125,7500000
6e80617b-1e9e-11ef-97a4-040e3c016083,bXNDqZT3fXRRBk661akG,2,30,7000000
6e80617b-1e9e-11ef-97a4-040e3c016083,c292g4ic0e6lJgIWX1QH,1,6.95019468073825,6500000
6e80617b-1e9e-11ef-97a4-040e3c016083,d0DxGTKfPQA04Gakw6OF,2,2.581439906591324,5400000
6e80617b-1e9e-11ef-97a4-040e3c016083,dBgp9eBweTw75LV2tSR6,5,4.240223979253199,2800000
6e80617b-1e9e-11ef-97a4-040e3c016083,dv4XdgHVlZcJtOebPA8Q,4,4.506812679846248,3600000
6e80617b-1e9e-11ef-97a4-040e3c016083,dyABpC7CFuHsWxf5DAyN,2,2.6326928244451118,6500000
6e80617b-1e9e-11ef-97a4-040e3c016083,e0PgpVCcAWreswsEv0Jq,2,5.971477613318089,6000000
6e80617b-1e9e-11ef-97a4-040e3c016083,eJDPRHHinhFgyBZrjGGq,2,4.6079911171359536,3600000
6e80617b-1e9e-11ef-97a4-040e3c016083,eUMXmCuLlMMmdMQpXFQJ,3,12.257119089116264,8000000
6e80617b-1e9e-11ef-97a4-040e3c016083,ea1FDgQB4zoUegWl32ya,4,4.960026851101209,4000000
6e80617b-1e9e-11ef-97a4-040e3c016083,epOSoWYY55L4QeLeBxyV,2,9.909180018578532,7000000
6e80617b-1e9e-11ef-97a4-040e3c016083,f4FupO5Vb3JYf936r0Nw,4,1.1334382061911503,3500000
6e80617b-1e9e-11ef-97a4-040e3c016083,fMBPtUSiBqAcQOk32RR8,1,5.7044267425985975,2000000
6e80617b-1e9e-11ef-97a4-040e3c016083,fYOnAKdKtZkgQrFfVuXW,5,2.524404966606597,4500000
6e80617b-1e9e-11ef-97a4-040e3c016083,fwZ4pXRydP9iaCD9N1G7,3,4.3503913706875394,5000000
6e80617b-1e9e-11ef-97a4-040e3c016083,gvbZ45x7DWLtPmvK8oVz,3,6.270278507188875,5000000
6e80617b-1e9e-11ef-97a4-040e3c016083,hBAOBVv4CR9d6bkGZCzc,2,30,5000000
6e80617b-1e9e-11ef-97a4-040e3c016083,hECdNPaBAfZ89HNs3l9h,2,8.284099390849587,7500000
6e80617b-1e9e-11ef-97a4-040e3c016083,hEFwZXthqMfupnAcmJ2t,2,6.423433952906396,6700000
6e80617b-1e9e-11ef-97a4-040e3c016083,hXpH041I8oRihgAHxmj5,2,5.426198674507881,3800000
6e80617b-1e9e-11ef-97a4-040e3c016083,hYW58tBxFoZ9zsaJubqY,3,9.832229537202423,6000000
6e80617b-1e9e-11ef-97a4-040e3c016083,hjFiktzdojENxE0zgyds,2,2.654730651711647,4200000
6e80617b-1e9e-11ef-97a4-040e3c016083,hu9hrvL8MsVnBlTQMPzw,4,3.1044129693635973,3500000
6e80617b-1e9e-11ef-97a4-040e3c016083,i5XIQyawjhlTTUxeyITS,2,5.217124503927381,5500000
6e80617b-1e9e-11ef-97a4-040e3c016083,imGVWUTfam1MgYO5c282,5,3.8138644326026365,6500000
6e80617b-1e9e-11ef-97a4-040e3c016083,j74I7sAno4NwrQpS752a,5,2.4163596092707733,4000000
6e80617b-1e9e-11ef-97a4-040e3c016083,jX5SZGw0ODmmWUOwHchZ,2,6.447460249518858,8200000
6e80617b-1e9e-11ef-97a4-040e3c016083,k2PZ5odV85GDWTpXUIkc,3,2.5688756547618703,2100000
6e80617b-1e9e-11ef-97a4-040e3c016083,kHOd3ZfUXgcQ1cvhlNi4,5,4.1970723696483745,3000000
6e80617b-1e9e-11ef-97a4-040e3c016083,kdvwjgxBrGzeMZFK4HxI,2,7.831702510286037,5500000
6e80617b-1e9e-11ef-97a4-040e3c016083,klXFM7EzvnkEUJk1NzPo,4,2.5688756547618703,2100000
6e80617b-1e9e-11ef-97a4-040e3c016083,lCRJoJsp2BkBn4VAxSG6,1,10.491795574239491,8400000
6e80617b-1e9e-11ef-97a4-040e3c016083,lHtIzGxgadpcI2SH2MXD,3,2.4960467983872507,5500000
6e80617b-1e9e-11ef-97a4-040e3c016083,mNdE6mQ3mVdYt23lgTmX,4,1.5496055788320515,5000000
6e80617b-1e9e-11ef-97a4-040e3c016083,mONPfAYVYW7kEuk920qW,3,5.615859633838808,5300000
6e80617b-1e9e-11ef-97a4-040e3c016083,mq0X1B9uobOVM4CWZf4q,2,30,4500000
6e80617b-1e9e-11ef-97a4-040e3c016083,n1OjfWW29Zj73gH14gY8,3,3.4088652885255377,3700000
6e80617b-1e9e-11ef-97a4-040e3c016083,nMJnm3BvKnte1bdx6NTF,4,3.8930770097613068,8100000
6e80617b-1e9e-11ef-97a4-040e3c016083,nRI0z3n3ZL6SG9nmTh2V,1,5.830601063462668,5200000
6e80617b-1e9e-11ef-97a4-040e3c016083,naug2BVkWVGo928BNdsQ,3,5.26380584517979,6500000
6e80617b-1e9e-11ef-97a4-040e3c016083,o2uRjiWu7x9y66w54ZKI,5,2.8670446968132364,6300000
6e80617b-1e9e-11ef-97a4-040e3c016083,oNOYrpRfzrG5y1lVllsF,6,1.1334382061911503,8500000
6e80617b-1e9e-11ef-97a4-040e3c016083,oZhFXIopaf9e2g0Ho4W2,5,4.26626655515202,6400000
6e80617b-1e9e-11ef-97a4-040e3c016083,ohl0N2ZNHgIFHRyRm5JF,3,2.1630738184715574,3800000
6e80617b-1e9e-11ef-97a4-040e3c016083,olWZl8WOq8rAQ5XopzjV,4,2.1630738184715574,3800000
6e80617b-1e9e-11ef-97a4-040e3c016083,ozd4DNbt4QbNcC64quxB,7,1.1334382061911503,4500000
6e80617b-1e9e-11ef-97a4-040e3c016083,q3rhJlWyZN10raxxtvHV,1,30,5000000
6e80617b-1e9e-11ef-97a4-040e3c016083,qcY2zCPIXeGeBNZMxAgs,5,4.312052956089399,3800000
6e80617b-1e9e-11ef-97a4-040e3c016083,rCVVZfC4uvfut3YgpCBH,3,5.543855313982541,5500000
6e80617b-1e9e-11ef-97a4-040e3c016083,rQPZSWKNWgFGb5t7WxTm,3,3.6485011631464164,5100000
6e80617b-1e9e-11ef-97a4-040e3c016083,s8JgUAuPWgNG4zQUNeGU,2,7.831702510286037,5500000
6e80617b-1e9e-11ef-97a4-040e3c016083,sa6P3ZiFd5t1Wu7RNXOH,3,9.909180018578532,7000000
6e80617b-1e9e-11ef-97a4-040e3c016083,sqPzwUiSvMMX3lLmd2B2,7,1.1334382061911503,8500000
6e80617b-1e9e-11ef-97a4-040e3c016083,t1pycrNs36UteM5AUtLG,1,6.185165060937172,3000000
6e80617b-1e9e-11ef-97a4-040e3c016083,t8wI7QAD1RSmc54UPRq1,5,2.5494572311616173,7000000
6e80617b-1e9e-11ef-97a4-040e3c016083,tF53XYMNMd4QJxtMsF2h,4,1.1334382061911503,7300000
6e80617b-1e9e-11ef-97a4-040e3c016083,txDz7IbKccW2ZXYMsg5k,5,1.1334382061911503,6500000
6e80617b-1e9e-11ef-97a4-040e3c016083,uF7XsTghoGs3mEpsckOR,3,2.524404966606597,4500000
6e80617b-1e9e-11ef-97a4-040e3c016083,uI3USCYdTBVnRHfbolgt,7,1.6265663938048782,3000000
6e80617b-1e9e-11ef-97a4-040e3c016083,ubOhCaldtZ2NGNZSzl8S,4,3.041816338034467,5400000
6e80617b-1e9e-11ef-97a4-040e3c016083,udsIIuHdOHojPr3mOjc2,2,4.7584158122080975,5800000
6e80617b-1e9e-11ef-97a4-040e3c016083,unwKz0xY03RmO5OxTjtC,3,7.667930382407106,7200000
6e80617b-1e9e-11ef-97a4-040e3c016083,urT2a8ldifgBYedGmUmd,6,1.9620805779342627,4400000
6e80617b-1e9e-11ef-97a4-040e3c016083,vRY5BQ2hWJbFgYHPGK74,5,1.1334382061911503,8500000
6e80617b-1e9e-11ef-97a4-040e3c016083,vkrJ5cP2ZtqwNjfTi7aG,2,6.185165060937172,3000000
6e80617b-1e9e-11ef-97a4-040e3c016083,vvMl58AkIxJqFjrtMczu,2,5.830601063462668,6000000
6e80617b-1e9e-11ef-97a4-040e3c016083,vvq3pFbrLrQKJ5c0NVa0,2,8.328251468680136,1500000
6e80617b-1e9e-11ef-97a4-040e3c016083,wkcpTkzsdCUB0WddZHtL,2,10.702829804330538,2500000
6e80617b-1e9e-11ef-97a4-040e3c016083,ww8LMVceitSrTSvdEVz4,2,7.831702510286037,6000000
6e80617b-1e9e-11ef-97a4-040e3c016083,xMvYNHdXNLjVYEpMwDkj,5,4.960026851101209,5500000
6e80617b-1e9e-11ef-97a4-040e3c016083,xPHcHlh7noyKSUN3GOLN,4,1.1334382061911503,7000000
6e80617b-1e9e-11ef-97a4-040e3c016083,xr2zLfe7460vEJHfL1R6,3,3.482017572358333,6500000
6e80617b-1e9e-11ef-97a4-040e3c016083,xxu0VIwsrPiKsfmv3Cjt,3,9.77859781003571,6500000
6e80617b-1e9e-11ef-97a4-040e3c016083,y7JrAjqTeLN3yELPKIlC,3,7.371426535587989,7500000
6e80617b-1e9e-11ef-97a4-040e3c016083,yGOblFsjdzUPur7dzOMP,5,3.482017572358333,6500000
6e80617b-1e9e-11ef-97a4-040e3c016083,yINcUBiwI7ibtlOK1pbm,2,4.432542216785298,6300000
6e80617b-1e9e-11ef-97a4-040e3c016083,yKVlk54uje47thOdLLBg,1,6.95019468073825,6500000
6e80617b-1e9e-11ef-97a4-040e3c016083,yPyyB4MYfMYx6MsvHBLl,4,2.4957269259148336,6200000
6e80617b-1e9e-11ef-97a4-040e3c016083,yzYp9L1VvPieCHrHV78y,2,5.418157635213766,6300000
6e80617b-1e9e-11ef-97a4-040e3c016083,zR6WxlgEf2RKQFDyoJwl,3,3.4088652885255377,3700000
6e80617b-1e9e-11ef-97a4-040e3c016083,zwhKkfA7skECX5ZDgWvj,2,3.482017572358333,1000000
76a0193e-1e9e-11ef-852d-040e3c016083,0RsXIpTxYxbkD1ef7nCF,4,4.291614326927265,2000000
76a0193e-1e9e-11ef-852d-040e3c016083,0ibitfDjJNvgIx7vCd6Y,5,4.331161987563274,4000000
76a0193e-1e9e-11ef-852d-040e3c016083,0swBNCJBfiIRxmzRREi2,6,2.1006879159829617,800000
76a0193e-1e9e-11ef-852d-040e3c016083,0u8Rj5YaaYUN05pOqOAe,2,7.0616872211500805,800000
76a0193e-1e9e-11ef-852d-040e3c016083,1StM5HswzLz3VwD3nnyT,2,13.191925307407386,200000
76a0193e-1e9e-11ef-852d-040e3c016083,1SyOX5nLpPbHxF0tRBQe,2,9.03854954644742,1200000
76a0193e-1e9e-11ef-852d-040e3c016083,1aoYNhwtodvT662nxon8,3,3.95384157984242,700000
76a0193e-1e9e-11ef-852d-040e3c016083,1yHlowt1q6F9m5e1837E,3,5.685835748465706,1600000
76a0193e-1e9e-11ef-852d-040e3c016083,29f1A0i5GzNpGMvUsdae,3,3.345079761007153,1500000
76a0193e-1e9e-11ef-852d-040e3c016083,29xDwPaXIY0vwCVDSpFG,4,13.408398542433154,700000
76a0193e-1e9e-11ef-852d-040e3c016083,2yyZFyn41qMQCMFGFqPj,2,3.5414233711846066,3400000
76a0193e-1e9e-11ef-852d-040e3c016083,39GFiLtd7VrHOoUsPrWz,1,5.30999828779086,500000
76a0193e-1e9e-11ef-852d-040e3c016083,3UXclQQjPqZn3o67SOso,5,2.4893479342259264,700000
76a0193e-1e9e-11ef-852d-040e3c016083,3dpZxuBBaJpStfsVfJNY,2,2.7028434795894265,1600000
76a0193e-1e9e-11ef-852d-040e3c016083,3gz1rLyC62cNtSbledms,4,4.982028262510564,4600000
76a0193e-1e9e-11ef-852d-040e3c016083,3uSI9UGP8KkdYWscHC51,3,5.946210182596931,4000000
76a0193e-1e9e-11ef-852d-040e3c016083,4FIYxwtacJ4rbVYkcG9k,5,4.291614326927265,4000000
76a0193e-1e9e-11ef-852d-040e3c016083,4tgeNGivKygg6R8R1JCZ,7,1.6241559337484575,500000
76a0193e-1e9e-11ef-852d-040e3c016083,4wI60GtouIZvd2HIFhIh,3,7.604222198607881,4500000
76a0193e-1e9e-11ef-852d-040e3c016083,4yvz9glBBrXWmDuMQaEB,4,5.334533015492951,100000
76a0193e-1e9e-11ef-852d-040e3c016083,5FdOq5z7Ehjvtfnp7I24,3,6.314375054821237,2200000
76a0193e-1e9e-11ef-852d-040e3c016083,5PzoM1qR3LW9T4RnwYxs,1,13.408398542433154,1000000
76a0193e-1e9e-11ef-852d-040e3c016083,5ZbvLzrN6CtpKjGuaOJf,1,5.352636331857662,1000000
76a0193e-1e9e-11ef-852d-040e3c016083,6iUK9Lno6nd0ky8WHhvQ,3,7.4201469983218,1099999
76a0193e-1e9e-11ef-852d-040e3c016083,78ooDgz5bkVfTAVLHQ4b,1,5.605433994556926,500000
76a0193e-1e9e-11ef-852d-040e3c016083,7GLCseg2wkvweqXP2FZq,8,2.1006879159829617,0
76a0193e-1e9e-11ef-852d-040e3c016083,7Hhgg4USykrF2WYAMq4h,4,5.969503072644458,500000
76a0193e-1e9e-11ef-852d-040e3c016083,7rqFEphDcFf17Y9Mxr0b,2,8.48072690311285,1700000
76a0193e-1e9e-11ef-852d-040e3c016083,8A2GXme5EJMUCi2K6oOl,1,13.408398542433154,1000000
76a0193e-1e9e-11ef-852d-040e3c016083,8Bc7Usq9diqSmj9mOrJE,1,30,2000000
76a0193e-1e9e-11ef-852d-040e3c016083,8L04W3da0mdrL2eVBvmP,4,4.291614326927265,2000000
76a0193e-1e9e-11ef-852d-040e3c016083,98hNZmMHWBjj7uPZeK2B,3,7.4201469983218,1000000
76a0193e-1e9e-11ef-852d-040e3c016083,AL5cL8tJ5WDcRQqjiWfq,4,7.4201469983218,800000
76a0193e-1e9e-11ef-852d-040e3c016083,AcKonDcKbBd9srJ8kJrT,3,5.123727486494758,1000000
76a0193e-1e9e-11ef-852d-040e3c016083,B4ItVZxVAylYJmxfBLM4,4,4.664786037482982,4000000
76a0193e-1e9e-11ef-852d-040e3c016083,BGLRJW546SxNnhOCma2F,1,13.268956793078,1400000
76a0193e-1e9e-11ef-852d-040e3c016083,CsAuzfyhqdeRmO5EwHMo,5,3.5784525061850663,2000000
76a0193e-1e9e-11ef-852d-040e3c016083,CzeJRpKSJJPd0u93Jl5X,3,2.0527917890636656,3000000
76a0193e-1e9e-11ef-852d-040e3c016083,D2yQi0OGpEg9lXe4paHN,2,8.48072690311285,1700000
76a0193e-1e9e-11ef-852d-040e3c016083,DfYJgwxYNnaqctVFX6Fx,5,2.1006879159829617,1500000
76a0193e-1e9e-11ef-852d-040e3c016083,Dzxsk6CNw2s06qhm42qO,3,3.87839968007647,3300000
76a0193e-1e9e-11ef-852d-040e3c016083,E66qoWthZdknSpsDyuyC,2,4.982028262510564,4600000
76a0193e-1e9e-11ef-852d-040e3c016083,ED7u2sENb7U8qM3P3Zev,3,3.87839968007647,3300000
76a0193e-1e9e-11ef-852d-040e3c016083,EPXHkQqzRGCapf2a4ki8,7,1.0777329740690726,700000
76a0193e-1e9e-11ef-852d-040e3c016083,EZTxqwMDBfEDxNqhtEbR,4,2.5321836052816193,1700000
76a0193e-1e9e-11ef-852d-040e3c016083,EwBTbTCGOWoBb1EbEEEW,3,5.100317423082649,5000000
76a0193e-1e9e-11ef-852d-040e3c016083,F0cscj5XTHKgU57T8bhy,2,5.766389561304863,1700000
76a0193e-1e9e-11ef-852d-040e3c016083,FCAEPJQWscGwnzRM4jUi,3,4.304271217162684,3500000
76a0193e-1e9e-11ef-852d-040e3c016083,FnjUu83KXaLi2vhAcoeQ,5,3.461093950941378,300000
76a0193e-1e9e-11ef-852d-040e3c016083,GAuaI0SSPTNV0vN3he09,4,2.1006879159829617,500000
76a0193e-1e9e-11ef-852d-040e3c016083,GV265joouF79qk7lErIx,1,19.29751635819441,800000
76a0193e-1e9e-11ef-852d-040e3c016083,GbJK7QiT6cppBPTDVOsf,7,2.1006879159829617,100000
76a0193e-1e9e-11ef-852d-040e3c016083,HJOHvRsAWlzWEbzHM8Px,1,7.73639632823597,1300000
76a0193e-1e9e-11ef-852d-040e3c016083,HpJd2w8HYj0xl3v7JlKQ,3,6.314375054821237,2200000
76a0193e-1e9e-11ef-852d-040e3c016083,I6IQ4iHVuTTPucUoHPln,4,8.03152368446163,700000
76a0193e-1e9e-11ef-852d-040e3c016083,IYC5QeWKNbr5XlyWhaJt,3,5.103086410534669,2700000
76a0193e-1e9e-11ef-852d-040e3c016083,JFG5PCdrQLeNRCRr0zZu,6,1.1626770368495285,1100000
76a0193e-1e9e-11ef-852d-040e3c016083,JaCMElOyhlt8jDstvajY,2,9.03854954644742,1200000
76a0193e-1e9e-11ef-852d-040e3c016083,KRSxQrWPsnzn9E9AZd8K,1,8.054674579685637,1200000
76a0193e-1e9e-11ef-852d-040e3c016083,KVctgJrJINLUizdlOU0Z,3,5.100317423082649,5000000
76a0193e-1e9e-11ef-852d-040e3c016083,KkE7H2hNrFq8hODowTnY,3,7.897054828446064,1000000
76a0193e-1e9e-11ef-852d-040e3c016083,L3w3AFkJn0qxyROAD77a,6,1.9811297638268266,2800000
76a0193e-1e9e-11ef-852d-040e3c016083,LIB3o9pkiZiNMiZ3NiMB,4,2.1006879159829617,900000
76a0193e-1e9e-11ef-852d-040e3c016083,LM4qnEwdhXUKncNI35L6,2,2.1006879159829617,1000000
76a0193e-1e9e-11ef-852d-040e3c016083,LukiqvE5zaxZeobZVY6O,5,4.291614326927265,2000000
76a0193e-1e9e-11ef-852d-040e3c016083,M6NxlWupOJfZ0jPp7Lk6,1,7.4201469983218,1500000
76a0193e-1e9e-11ef-852d-040e3c016083,MqNmUpgJfx7sPUtFiash,2,3.914030229479069,2000000
76a0193e-1e9e-11ef-852d-040e3c016083,N6vVpQ9M5APipqlVL7aL,5,3.548193940132227,2600000
76a0193e-1e9e-11ef-852d-040e3c016083,No0cbw2NKa76fILSeXUD,3,5.086256236265754,1200000
76a0193e-1e9e-11ef-852d-040e3c016083,O1kmuvjKTk2eAW2xpw7e,2,5.969503072644458,500000
76a0193e-1e9e-11ef-852d-040e3c016083,O6s95SMQC0aJyZqBeZm7,5,3.761719985408963,1600000
76a0193e-1e9e-11ef-852d-040e3c016083,OBPIg9ZLeN4Coifrye0W,5,4.717042607031527,1500000
76a0193e-1e9e-11ef-852d-040e3c016083,OkWvDHMqAs83XCAPcdO2,1,17.068353315538463,400000
76a0193e-1e9e-11ef-852d-040e3c016083,PCOUS8KZR0Ph13BLzrPR,2,7.897054828446064,1500000
76a0193e-1e9e-11ef-852d-040e3c016083,PJmi4oBrIyQw8hxN45jY,3,6.370423785538476,1500000
76a0193e-1e9e-11ef-852d-040e3c016083,Pae60dySd6ixwSyE6NUv,1,7.897054828446064,1000000
76a0193e-1e9e-11ef-852d-040e3c016083,PdMUfYqBBfdZQvl3ZmDF,3,8.910118840532633,300000
76a0193e-1e9e-11ef-852d-040e3c016083,PdUlTnzmgcRd3I0O0Kje,2,2.1006879159829617,1000000
76a0193e-1e9e-11ef-852d-040e3c016083,Q2pUi1iaYkUXp2V0PhTA,2,13.408398542433154,1000000
76a0193e-1e9e-11ef-852d-040e3c016083,Qux3ZMgibJarc4CfCo4L,6,4.321919115162733,500000
76a0193e-1e9e-11ef-852d-040e3c016083,Quyw1yoMf6oeAsf4ei82,5,3.95384157984242,700000
76a0193e-1e9e-11ef-852d-040e3c016083,Qx8Dx7hkNehsP8Ec5yA5,3,5.086256236265754,1200000
76a0193e-1e9e-11ef-852d-040e3c016083,QypCz2qv29dQlcX4LTcc,3,5.51807922231746,1300000
76a0193e-1e9e-11ef-852d-040e3c016083,R59acpMZGr8IcIHo8yCh,1,5.103086410534669,2700000
76a0193e-1e9e-11ef-852d-040e3c016083,R6eT9AxLMT7KF2Sv9QaG,5,2.541718152592617,3500000
76a0193e-1e9e-11ef-852d-040e3c016083,RfsuLJPMPj0snX0ihLjn,6,3.95384157984242,700000
76a0193e-1e9e-11ef-852d-040e3c016083,RgEunQB3QDn719ailYkj,2,7.0616872211500805,800000
76a0193e-1e9e-11ef-852d-040e3c016083,Rwgf8cjLEEGUA7EEVKtf,5,2.1006879159829617,1500000
76a0193e-1e9e-11ef-852d-040e3c016083,S8D4ROZ1LivtKSbdYpSv,4,1.1626770368495285,1100000
76a0193e-1e9e-11ef-852d-040e3c016083,TCmSxtvfpzAI9Kyhydzr,3,30,2000000
76a0193e-1e9e-11ef-852d-040e3c016083,TNWiPAcmdfDmmLebrmIu,5,2.1006879159829617,1000000
76a0193e-1e9e-11ef-852d-040e3c016083,TY1HhU1covRwD7TN2VTh,5,17.068353315538463,400000
76a0193e-1e9e-11ef-852d-040e3c016083,TeqpLgdC4vf6Q9gmKXsP,3,7.73639632823597,1300000
76a0193e-1e9e-11ef-852d-040e3c016083,TfYJzXYE1bvRUKUcugAb,2,2.7211669074426075,3000000
76a0193e-1e9e-11ef-852d-040e3c016083,URdWYFi04GTO7rIodoAc,1,5.946210182596931,2700000
76a0193e-1e9e-11ef-852d-040e3c016083,Uj3qeGrJBrEwAEu0W2iu,4,8.329601362740616,200000
76a0193e-1e9e-11ef-852d-040e3c016083,V47fq1hBC1HWjH7NROGy,4,2.1006879159829617,900000
76a0193e-1e9e-11ef-852d-040e3c016083,VBu1kQ3PymLBAOsgCg4Q,6,2.1006879159829617,0
76a0193e-1e9e-11ef-852d-040e3c016083,VIYbdeLQYy78mkbzvt3S,7,2.1006879159829617,0
76a0193e-1e9e-11ef-852d-040e3c016083,VVqpULhyUfjXpEAU8uBf,4,2.0527917890636656,500000
76a0193e-1e9e-11ef-852d-040e3c016083,WD9xJz2lRxRfhUGf7Yy6,3,7.897054828446064,1800000
76a0193e-1e9e-11ef-852d-040e3c016083,X3qNwAFynzgskrzR0qUZ,2,7.4201469983218,1000000
76a0193e-1e9e-11ef-852d-040e3c016083,X9UpWqtaybMjsu2Lm8Xk,3,2.0527917890636656,500000
76a0193e-1e9e-11ef-852d-040e3c016083,XMabSiGhdNfstta0Yium,1,5.221693219396402,2500000
76a0193e-1e9e-11ef-852d-040e3c016083,XbipMOI4lDgqW6kCV1kk,1,30,2500000
76a0193e-1e9e-11ef-852d-040e3c016083,XzLiRrgyVHW4JsJ8c0Hc,2,3.2961735902092917,2000000
76a0193e-1e9e-11ef-852d-040e3c016083,YLspABuzKu9k1xgc6Cfj,5,2.7028434795894265,1600000
76a0193e-1e9e-11ef-852d-040e3c016083,YcqP9jtrc1uvhxsEP2N9,8,2.1006879159829617,100000
76a0193e-1e9e-11ef-852d-040e3c016083,YdjFGRRUjacJCU9lp7QL,2,5.221693219396402,2500000
76a0193e-1e9e-11ef-852d-040e3c016083,YnPRgwM3K736kEyjGqPZ,4,2.1006879159829617,1500000
76a0193e-1e9e-11ef-852d-040e3c016083,YoqUAe9srafQLwUMGXTM,2,9.285475336526636,1300000
76a0193e-1e9e-11ef-852d-040e3c016083,Zu7VT3CEOweTOwLKpQMK,5,0.8123077611564536,3800000
76a0193e-1e9e-11ef-852d-040e3c016083,a1XaaEcggSPSjH7x3M1N,5,3.345079761007153,3000000
76a0193e-1e9e-11ef-852d-040e3c016083,afc5kIbTL7X9Ip4cz7fF,8,2.1006879159829617,0
76a0193e-1e9e-11ef-852d-040e3c016083,avUBZXqNogvbbayyGUh6,5,7.531747759682839,200000
76a0193e-1e9e-11ef-852d-040e3c016083,avyOiCvR4sU3DDjWH8ge,2,6.963125905696057,300000
76a0193e-1e9e-11ef-852d-040e3c016083,bCX7vkW5T3eSDEGTQbg1,2,2.2517720958765977,2000000
76a0193e-1e9e-11ef-852d-040e3c016083,bHUoj2xkuI4gY30OdjdM,2,7.8030958717654055,3000000
76a0193e-1e9e-11ef-852d-040e3c016083,bUIQWkMPdyZ1uzVrKCnc,3,4.321919115162733,500000
76a0193e-1e9e-11ef-852d-040e3c016083,bXNDqZT3fXRRBk661akG,2,30,0
76a0193e-1e9e-11ef-852d-040e3c016083,c292g4ic0e6lJgIWX1QH,3,5.30999828779086,500000
76a0193e-1e9e-11ef-852d-040e3c016083,d0DxGTKfPQA04Gakw6OF,3,5.685835748465706,1600000
76a0193e-1e9e-11ef-852d-040e3c016083,dBgp9eBweTw75LV2tSR6,5,3.3875108507405964,4200000
76a0193e-1e9e-11ef-852d-040e3c016083,dv4XdgHVlZcJtOebPA8Q,4,3.5414233711846066,3400000
76a0193e-1e9e-11ef-852d-040e3c016083,dyABpC7CFuHsWxf5DAyN,3,2.0527917890636656,500000
76a0193e-1e9e-11ef-852d-040e3c016083,e0PgpVCcAWreswsEv0Jq,3,5.123727486494758,1000000
76a0193e-1e9e-11ef-852d-040e3c016083,eJDPRHHinhFgyBZrjGGq,3,5.581479581316365,10600000
76a0193e-1e9e-11ef-852d-040e3c016083,eUMXmCuLlMMmdMQpXFQJ,3,9.721007213919668,1000000
76a0193e-1e9e-11ef-852d-040e3c016083,ea1FDgQB4zoUegWl32ya,4,3.345079761007153,3000000
76a0193e-1e9e-11ef-852d-040e3c016083,epOSoWYY55L4QeLeBxyV,1,6.963125905696057,0
76a0193e-1e9e-11ef-852d-040e3c016083,f4FupO5Vb3JYf936r0Nw,2,2.1006879159829617,3500000
76a0193e-1e9e-11ef-852d-040e3c016083,fMBPtUSiBqAcQOk32RR8,1,5.604445999187267,5000000
76a0193e-1e9e-11ef-852d-040e3c016083,fYOnAKdKtZkgQrFfVuXW,1,5.221693219396402,2500000
76a0193e-1e9e-11ef-852d-040e3c016083,fwZ4pXRydP9iaCD9N1G7,5,2.27090525491364,2000000
76a0193e-1e9e-11ef-852d-040e3c016083,gvbZ45x7DWLtPmvK8oVz,2,8.910118840532633,2000000
76a0193e-1e9e-11ef-852d-040e3c016083,hBAOBVv4CR9d6bkGZCzc,3,30,2000000
76a0193e-1e9e-11ef-852d-040e3c016083,hECdNPaBAfZ89HNs3l9h,3,9.436433833540338,500000
76a0193e-1e9e-11ef-852d-040e3c016083,hEFwZXthqMfupnAcmJ2t,6,3.461093950941378,300000
76a0193e-1e9e-11ef-852d-040e3c016083,hXpH041I8oRihgAHxmj5,5,4.331161987563274,3200000
76a0193e-1e9e-11ef-852d-040e3c016083,hYW58tBxFoZ9zsaJubqY,3,12.901676952439297,1000000
76a0193e-1e9e-11ef-852d-040e3c016083,hjFiktzdojENxE0zgyds,7,1.9811297638268266,2800000
76a0193e-1e9e-11ef-852d-040e3c016083,hu9hrvL8MsVnBlTQMPzw,5,0,3500000
76a0193e-1e9e-11ef-852d-040e3c016083,i5XIQyawjhlTTUxeyITS,5,2.541718152592617,1500000
76a0193e-1e9e-11ef-852d-040e3c016083,imGVWUTfam1MgYO5c282,5,3.709969765174768,500000
76a0193e-1e9e-11ef-852d-040e3c016083,j74I7sAno4NwrQpS752a,4,2.7211669074426075,3000000
76a0193e-1e9e-11ef-852d-040e3c016083,jX5SZGw0ODmmWUOwHchZ,1,8.054674579685637,1200000
76a0193e-1e9e-11ef-852d-040e3c016083,k2PZ5odV85GDWTpXUIkc,2,5.463680444745445,4900000
76a0193e-1e9e-11ef-852d-040e3c016083,kHOd3ZfUXgcQ1cvhlNi4,2,4.291614326927265,4000000
76a0193e-1e9e-11ef-852d-040e3c016083,kdvwjgxBrGzeMZFK4HxI,1,7.4201469983218,1500000
76a0193e-1e9e-11ef-852d-040e3c016083,klXFM7EzvnkEUJk1NzPo,1,5.463680444745445,4900000
76a0193e-1e9e-11ef-852d-040e3c016083,lCRJoJsp2BkBn4VAxSG6,1,13.268956793078,1400000
76a0193e-1e9e-11ef-852d-040e3c016083,lHtIzGxgadpcI2SH2MXD,2,2.3411326246993367,1500000
76a0193e-1e9e-11ef-852d-040e3c016083,mNdE6mQ3mVdYt23lgTmX,4,3.2961735902092917,2000000
76a0193e-1e9e-11ef-852d-040e3c016083,mONPfAYVYW7kEuk920qW,4,2.5321836052816193,1700000
76a0193e-1e9e-11ef-852d-040e3c016083,mq0X1B9uobOVM4CWZf4q,1,30,2500000
76a0193e-1e9e-11ef-852d-040e3c016083,n1OjfWW29Zj73gH14gY8,5,4.094138114645764,3300000
76a0193e-1e9e-11ef-852d-040e3c016083,nMJnm3BvKnte1bdx6NTF,2,2.4589863154187213,1100000
76a0193e-1e9e-11ef-852d-040e3c016083,nRI0z3n3ZL6SG9nmTh2V,1,7.897054828446064,1800000
76a0193e-1e9e-11ef-852d-040e3c016083,naug2BVkWVGo928BNdsQ,2,5.969503072644458,500000
76a0193e-1e9e-11ef-852d-040e3c016083,o2uRjiWu7x9y66w54ZKI,6,3.672553507981471,700000
76a0193e-1e9e-11ef-852d-040e3c016083,oNOYrpRfzrG5y1lVllsF,3,2.1006879159829617,1500000
76a0193e-1e9e-11ef-852d-040e3c016083,oZhFXIopaf9e2g0Ho4W2,6,3.5112749893998294,600000
76a0193e-1e9e-11ef-852d-040e3c016083,ohl0N2ZNHgIFHRyRm5JF,2,5.243499339235906,3200000
76a0193e-1e9e-11ef-852d-040e3c016083,olWZl8WOq8rAQ5XopzjV,3,5.243499339235906,3200000
76a0193e-1e9e-11ef-852d-040e3c016083,ozd4DNbt4QbNcC64quxB,5,2.1006879159829617,2500000
76a0193e-1e9e-11ef-852d-040e3c016083,q3rhJlWyZN10raxxtvHV,3,30,2000000
76a0193e-1e9e-11ef-852d-040e3c016083,qcY2zCPIXeGeBNZMxAgs,7,1.8561099638136849,3200000
76a0193e-1e9e-11ef-852d-040e3c016083,rCVVZfC4uvfut3YgpCBH,2,4.002290709081247,1500000
76a0193e-1e9e-11ef-852d-040e3c016083,rQPZSWKNWgFGb5t7WxTm,3,5.495445750096733,1900000
76a0193e-1e9e-11ef-852d-040e3c016083,s8JgUAuPWgNG4zQUNeGU,2,7.4201469983218,1500000
76a0193e-1e9e-11ef-852d-040e3c016083,sa6P3ZiFd5t1Wu7RNXOH,5,6.963125905696057,0
76a0193e-1e9e-11ef-852d-040e3c016083,sqPzwUiSvMMX3lLmd2B2,2,2.1006879159829617,1500000
76a0193e-1e9e-11ef-852d-040e3c016083,t1pycrNs36UteM5AUtLG,3,5.946210182596931,4000000
76a0193e-1e9e-11ef-852d-040e3c016083,t8wI7QAD1RSmc54UPRq1,2,5.479045815530773,0
76a0193e-1e9e-11ef-852d-040e3c016083,tF53XYMNMd4QJxtMsF2h,7,2.1006879159829617,300000
76a0193e-1e9e-11ef-852d-040e3c016083,txDz7IbKccW2ZXYMsg5k,3,2.1006879159829617,500000
76a0193e-1e9e-11ef-852d-040e3c016083,uF7XsTghoGs3mEpsckOR,1,5.221693219396402,2500000
76a0193e-1e9e-11ef-852d-040e3c016083,uI3USCYdTBVnRHfbolgt,4,4.664786037482982,4000000
76a0193e-1e9e-11ef-852d-040e3c016083,ubOhCaldtZ2NGNZSzl8S,2,2.7028434795894265,1600000
76a0193e-1e9e-11ef-852d-040e3c016083,udsIIuHdOHojPr3mOjc2,3,2.169554768253185,1200000
76a0193e-1e9e-11ef-852d-040e3c016083,unwKz0xY03RmO5OxTjtC,4,6.6119725807747995,200000
76a0193e-1e9e-11ef-852d-040e3c016083,urT2a8ldifgBYedGmUmd,3,3.548193940132227,2600000
76a0193e-1e9e-11ef-852d-040e3c016083,vRY5BQ2hWJbFgYHPGK74,4,2.1006879159829617,1500000
76a0193e-1e9e-11ef-852d-040e3c016083,vkrJ5cP2ZtqwNjfTi7aG,1,5.946210182596931,4000000
76a0193e-1e9e-11ef-852d-040e3c016083,vvMl58AkIxJqFjrtMczu,2,7.897054828446064,1000000
76a0193e-1e9e-11ef-852d-040e3c016083,vvq3pFbrLrQKJ5c0NVa0,1,7.845155365162795,5500000
76a0193e-1e9e-11ef-852d-040e3c016083,wkcpTkzsdCUB0WddZHtL,1,7.604222198607881,4500000
76a0193e-1e9e-11ef-852d-040e3c016083,ww8LMVceitSrTSvdEVz4,3,7.4201469983218,1000000
76a0193e-1e9e-11ef-852d-040e3c016083,xMvYNHdXNLjVYEpMwDkj,5,3.345079761007153,1500000
76a0193e-1e9e-11ef-852d-040e3c016083,xPHcHlh7noyKSUN3GOLN,8,2.1006879159829617,0
76a0193e-1e9e-11ef-852d-040e3c016083,xr2zLfe7460vEJHfL1R6,4,5.605433994556926,500000
76a0193e-1e9e-11ef-852d-040e3c016083,xxu0VIwsrPiKsfmv3Cjt,2,12.685617494406323,500000
76a0193e-1e9e-11ef-852d-040e3c016083,y7JrAjqTeLN3yELPKIlC,1,5.3425168046974365,500000
76a0193e-1e9e-11ef-852d-040e3c016083,yGOblFsjdzUPur7dzOMP,1,5.605433994556926,500000
76a0193e-1e9e-11ef-852d-040e3c016083,yINcUBiwI7ibtlOK1pbm,3,3.7075054440130994,700000
76a0193e-1e9e-11ef-852d-040e3c016083,yKVlk54uje47thOdLLBg,1,5.30999828779086,500000
76a0193e-1e9e-11ef-852d-040e3c016083,yPyyB4MYfMYx6MsvHBLl,1,5.312400910522256,800000
76a0193e-1e9e-11ef-852d-040e3c016083,yzYp9L1VvPieCHrHV78y,5,2.4893479342259264,700000
76a0193e-1e9e-11ef-852d-040e3c016083,zR6WxlgEf2RKQFDyoJwl,2,4.094138114645764,3300000
76a0193e-1e9e-11ef-852d-040e3c016083,zwhKkfA7skECX5ZDgWvj,3,5.605433994556926,6000000
7d2d417a-1e9e-11ef-b736-040e3c016083,0RsXIpTxYxbkD1ef7nCF,4,3.8934530610900917,5000000
7d2d417a-1e9e-11ef-b736-040e3c016083,0ibitfDjJNvgIx7vCd6Y,3,5.442602047575977,3000000
7d2d417a-1e9e-11ef-b736-040e3c016083,0swBNCJBfiIRxmzRREi2,7,1.962442448248215,7800000
7d2d417a-1e9e-11ef-b736-040e3c016083,0u8Rj5YaaYUN05pOqOAe,2,3.1941782090586557,6200000
7d2d417a-1e9e-11ef-b736-040e3c016083,1StM5HswzLz3VwD3nnyT,2,9.153551048491412,6800000
7d2d417a-1e9e-11ef-b736-040e3c016083,1SyOX5nLpPbHxF0tRBQe,1,8.989041397097884,8200000
7d2d417a-1e9e-11ef-b736-040e3c016083,1aoYNhwtodvT662nxon8,2,6.845151540275749,7700000
7d2d417a-1e9e-11ef-b736-040e3c016083,1yHlowt1q6F9m5e1837E,5,1.8800246521099704,5400000
7d2d417a-1e9e-11ef-b736-040e3c016083,29f1A0i5GzNpGMvUsdae,1,5.218067997490612,5500000
7d2d417a-1e9e-11ef-b736-040e3c016083,29xDwPaXIY0vwCVDSpFG,2,9.495005213147325,7700000
7d2d417a-1e9e-11ef-b736-040e3c016083,2yyZFyn41qMQCMFGFqPj,3,4.5777982266441954,3600000
7d2d417a-1e9e-11ef-b736-040e3c016083,39GFiLtd7VrHOoUsPrWz,2,7.071478192453264,6500000
7d2d417a-1e9e-11ef-b736-040e3c016083,3UXclQQjPqZn3o67SOso,1,6.172767673956055,6300000
7d2d417a-1e9e-11ef-b736-040e3c016083,3dpZxuBBaJpStfsVfJNY,5,3.17337129938513,5400000
7d2d417a-1e9e-11ef-b736-040e3c016083,3gz1rLyC62cNtSbledms,5,0.9924050423307699,2400000
7d2d417a-1e9e-11ef-b736-040e3c016083,3uSI9UGP8KkdYWscHC51,3,7.2569217781146165,3000000
7d2d417a-1e9e-11ef-b736-040e3c016083,4FIYxwtacJ4rbVYkcG9k,4,3.8934530610900917,3000000
7d2d417a-1e9e-11ef-b736-040e3c016083,4tgeNGivKygg6R8R1JCZ,2,5.183626221797129,7500000
7d2d417a-1e9e-11ef-b736-040e3c016083,4wI60GtouIZvd2HIFhIh,2,11.569041766549041,2500000
7d2d417a-1e9e-11ef-b736-040e3c016083,4yvz9glBBrXWmDuMQaEB,2,7.584058821279631,7100000
7d2d417a-1e9e-11ef-b736-040e3c016083,5FdOq5z7Ehjvtfnp7I24,4,3.009918980794013,4800000
7d2d417a-1e9e-11ef-b736-040e3c016083,5PzoM1qR3LW9T4RnwYxs,1,9.495005213147325,8000000
7d2d417a-1e9e-11ef-b736-040e3c016083,5ZbvLzrN6CtpKjGuaOJf,5,1.4621210754190603,6000000
7d2d417a-1e9e-11ef-b736-040e3c016083,6iUK9Lno6nd0ky8WHhvQ,1,7.436822511740543,5900001
7d2d417a-1e9e-11ef-b736-040e3c016083,78ooDgz5bkVfTAVLHQ4b,5,2.4053248929335833,6500000
7d2d417a-1e9e-11ef-b736-040e3c016083,7GLCseg2wkvweqXP2FZq,5,1.962442448248215,7000000
7d2d417a-1e9e-11ef-b736-040e3c016083,7Hhgg4USykrF2WYAMq4h,1,6.1726431788599045,6500000
7d2d417a-1e9e-11ef-b736-040e3c016083,7rqFEphDcFf17Y9Mxr0b,4,4.606642554336128,8700000
7d2d417a-1e9e-11ef-b736-040e3c016083,8A2GXme5EJMUCi2K6oOl,1,9.495005213147325,8000000
7d2d417a-1e9e-11ef-b736-040e3c016083,8Bc7Usq9diqSmj9mOrJE,1,30,5000000
7d2d417a-1e9e-11ef-b736-040e3c016083,8L04W3da0mdrL2eVBvmP,5,3.8934530610900917,5000000
7d2d417a-1e9e-11ef-b736-040e3c016083,98hNZmMHWBjj7uPZeK2B,3,7.436822511740543,8000000
7d2d417a-1e9e-11ef-b736-040e3c016083,AL5cL8tJ5WDcRQqjiWfq,2,7.436822511740543,6200000
7d2d417a-1e9e-11ef-b736-040e3c016083,AcKonDcKbBd9srJ8kJrT,1,5.847257706031319,6000000
7d2d417a-1e9e-11ef-b736-040e3c016083,B4ItVZxVAylYJmxfBLM4,6,1.51531444333534,3000000
7d2d417a-1e9e-11ef-b736-040e3c016083,BGLRJW546SxNnhOCma2F,3,9.331135040489858,8400000
7d2d417a-1e9e-11ef-b736-040e3c016083,CsAuzfyhqdeRmO5EwHMo,4,1.9642023710720666,5000000
7d2d417a-1e9e-11ef-b736-040e3c016083,CzeJRpKSJJPd0u93Jl5X,4,3.0103134574092643,4000000
7d2d417a-1e9e-11ef-b736-040e3c016083,D2yQi0OGpEg9lXe4paHN,4,4.606642554336128,8700000
7d2d417a-1e9e-11ef-b736-040e3c016083,DfYJgwxYNnaqctVFX6Fx,7,1.962442448248215,8500000
7d2d417a-1e9e-11ef-b736-040e3c016083,Dzxsk6CNw2s06qhm42qO,4,0.25628305655400263,3700000
7d2d417a-1e9e-11ef-b736-040e3c016083,E66qoWthZdknSpsDyuyC,6,0.9924050423307699,2400000
7d2d417a-1e9e-11ef-b736-040e3c016083,ED7u2sENb7U8qM3P3Zev,4,0.25628305655400263,3700000
7d2d417a-1e9e-11ef-b736-040e3c016083,EPXHkQqzRGCapf2a4ki8,2,3.506970560896968,6300000
7d2d417a-1e9e-11ef-b736-040e3c016083,EZTxqwMDBfEDxNqhtEbR,2,6.594630388718247,5300000
7d2d417a-1e9e-11ef-b736-040e3c016083,EwBTbTCGOWoBb1EbEEEW,6,1.2444301095205978,2000000
7d2d417a-1e9e-11ef-b736-040e3c016083,F0cscj5XTHKgU57T8bhy,1,9.486081442489322,5300000
7d2d417a-1e9e-11ef-b736-040e3c016083,FCAEPJQWscGwnzRM4jUi,3,4.533337976047797,3500000
7d2d417a-1e9e-11ef-b736-040e3c016083,FnjUu83KXaLi2vhAcoeQ,2,7.480010397481298,6700000
7d2d417a-1e9e-11ef-b736-040e3c016083,GAuaI0SSPTNV0vN3he09,6,1.962442448248215,6500000
7d2d417a-1e9e-11ef-b736-040e3c016083,GV265joouF79qk7lErIx,1,21.508819112058866,6200000
7d2d417a-1e9e-11ef-b736-040e3c016083,GbJK7QiT6cppBPTDVOsf,4,1.962442448248215,7100000
7d2d417a-1e9e-11ef-b736-040e3c016083,HJOHvRsAWlzWEbzHM8Px,1,7.555540491432332,5700000
7d2d417a-1e9e-11ef-b736-040e3c016083,HpJd2w8HYj0xl3v7JlKQ,3,3.009918980794013,4800000
7d2d417a-1e9e-11ef-b736-040e3c016083,I6IQ4iHVuTTPucUoHPln,1,7.58412908989132,7700000
7d2d417a-1e9e-11ef-b736-040e3c016083,IYC5QeWKNbr5XlyWhaJt,4,1.3775027012490684,4300000
7d2d417a-1e9e-11ef-b736-040e3c016083,JFG5PCdrQLeNRCRr0zZu,2,4.18877204511858,8100000
7d2d417a-1e9e-11ef-b736-040e3c016083,JaCMElOyhlt8jDstvajY,1,8.989041397097884,8200000
7d2d417a-1e9e-11ef-b736-040e3c016083,KRSxQrWPsnzn9E9AZd8K,1,5.416801885493272,8200000
7d2d417a-1e9e-11ef-b736-040e3c016083,KVctgJrJINLUizdlOU0Z,5,1.2444301095205978,2000000
7d2d417a-1e9e-11ef-b736-040e3c016083,KkE7H2hNrFq8hODowTnY,2,6.179013989461853,6000000
7d2d417a-1e9e-11ef-b736-040e3c016083,L3w3AFkJn0qxyROAD77a,2,3.0599415171184634,4200000
7d2d417a-1e9e-11ef-b736-040e3c016083,LIB3o9pkiZiNMiZ3NiMB,4,1.962442448248215,6100000
7d2d417a-1e9e-11ef-b736-040e3c016083,LM4qnEwdhXUKncNI35L6,6,1.962442448248215,6000000
7d2d417a-1e9e-11ef-b736-040e3c016083,LukiqvE5zaxZeobZVY6O,4,3.8934530610900917,5000000
7d2d417a-1e9e-11ef-b736-040e3c016083,M6NxlWupOJfZ0jPp7Lk6,3,7.436822511740543,5500000
7d2d417a-1e9e-11ef-b736-040e3c016083,MqNmUpgJfx7sPUtFiash,2,6.243254753253882,5000000
7d2d417a-1e9e-11ef-b736-040e3c016083,N6vVpQ9M5APipqlVL7aL,4,1.5381052626767613,4400000
7d2d417a-1e9e-11ef-b736-040e3c016083,No0cbw2NKa76fILSeXUD,2,2.524099376197488,8200000
7d2d417a-1e9e-11ef-b736-040e3c016083,O1kmuvjKTk2eAW2xpw7e,1,6.1726431788599045,6500000
7d2d417a-1e9e-11ef-b736-040e3c016083,O6s95SMQC0aJyZqBeZm7,1,6.764746895979498,8600000
7d2d417a-1e9e-11ef-b736-040e3c016083,OBPIg9ZLeN4Coifrye0W,1,7.366769144256804,5500000
7d2d417a-1e9e-11ef-b736-040e3c016083,OkWvDHMqAs83XCAPcdO2,2,21.063277817508926,6600000
7d2d417a-1e9e-11ef-b736-040e3c016083,PCOUS8KZR0Ph13BLzrPR,2,6.179013989461853,5500000
7d2d417a-1e9e-11ef-b736-040e3c016083,PJmi4oBrIyQw8hxN45jY,2,2.30873869416006,8500000
7d2d417a-1e9e-11ef-b736-040e3c016083,Pae60dySd6ixwSyE6NUv,3,6.179013989461853,6000000
7d2d417a-1e9e-11ef-b736-040e3c016083,PdMUfYqBBfdZQvl3ZmDF,1,6.200618412818144,6700000
7d2d417a-1e9e-11ef-b736-040e3c016083,PdUlTnzmgcRd3I0O0Kje,7,1.962442448248215,6000000
7d2d417a-1e9e-11ef-b736-040e3c016083,Q2pUi1iaYkUXp2V0PhTA,1,9.495005213147325,8000000
7d2d417a-1e9e-11ef-b736-040e3c016083,Qux3ZMgibJarc4CfCo4L,3,5.4295556909756435,7500000
7d2d417a-1e9e-11ef-b736-040e3c016083,Quyw1yoMf6oeAsf4ei82,1,6.845151540275749,7700000
7d2d417a-1e9e-11ef-b736-040e3c016083,Qx8Dx7hkNehsP8Ec5yA5,4,2.524099376197488,8200000
7d2d417a-1e9e-11ef-b736-040e3c016083,QypCz2qv29dQlcX4LTcc,6,1.6102902714462037,8300000
7d2d417a-1e9e-11ef-b736-040e3c016083,R59acpMZGr8IcIHo8yCh,5,1.3775027012490684,4300000
7d2d417a-1e9e-11ef-b736-040e3c016083,R6eT9AxLMT7KF2Sv9QaG,2,5.858402390278316,3500000
7d2d417a-1e9e-11ef-b736-040e3c016083,RfsuLJPMPj0snX0ihLjn,2,6.845151540275749,7700000
7d2d417a-1e9e-11ef-b736-040e3c016083,RgEunQB3QDn719ailYkj,3,3.1941782090586557,6200000
7d2d417a-1e9e-11ef-b736-040e3c016083,Rwgf8cjLEEGUA7EEVKtf,4,1.962442448248215,8500000
7d2d417a-1e9e-11ef-b736-040e3c016083,S8D4ROZ1LivtKSbdYpSv,3,4.18877204511858,8100000
7d2d417a-1e9e-11ef-b736-040e3c016083,TCmSxtvfpzAI9Kyhydzr,3,30,5000000
7d2d417a-1e9e-11ef-b736-040e3c016083,TNWiPAcmdfDmmLebrmIu,5,1.962442448248215,6000000
7d2d417a-1e9e-11ef-b736-040e3c016083,TY1HhU1covRwD7TN2VTh,3,21.063277817508926,6600000
7d2d417a-1e9e-11ef-b736-040e3c016083,TeqpLgdC4vf6Q9gmKXsP,3,7.555540491432332,5700000
7d2d417a-1e9e-11ef-b736-040e3c016083,TfYJzXYE1bvRUKUcugAb,5,3.5821412472204543,4000000
7d2d417a-1e9e-11ef-b736-040e3c016083,URdWYFi04GTO7rIodoAc,3,7.2569217781146165,4300000
7d2d417a-1e9e-11ef-b736-040e3c016083,Uj3qeGrJBrEwAEu0W2iu,3,5.7809846424981695,7200000
7d2d417a-1e9e-11ef-b736-040e3c016083,V47fq1hBC1HWjH7NROGy,5,1.962442448248215,6100000
7d2d417a-1e9e-11ef-b736-040e3c016083,VBu1kQ3PymLBAOsgCg4Q,7,1.962442448248215,7000000
7d2d417a-1e9e-11ef-b736-040e3c016083,VIYbdeLQYy78mkbzvt3S,6,1.962442448248215,7000000
7d2d417a-1e9e-11ef-b736-040e3c016083,VVqpULhyUfjXpEAU8uBf,4,3.0103134574092643,6500000
7d2d417a-1e9e-11ef-b736-040e3c016083,WD9xJz2lRxRfhUGf7Yy6,2,6.179013989461853,5200000
7d2d417a-1e9e-11ef-b736-040e3c016083,X3qNwAFynzgskrzR0qUZ,2,7.436822511740543,6000000
7d2d417a-1e9e-11ef-b736-040e3c016083,X9UpWqtaybMjsu2Lm8Xk,5,3.0103134574092643,6500000
7d2d417a-1e9e-11ef-b736-040e3c016083,XMabSiGhdNfstta0Yium,7,1.332655422879698,4500000
7d2d417a-1e9e-11ef-b736-040e3c016083,XbipMOI4lDgqW6kCV1kk,1,30,4500000
7d2d417a-1e9e-11ef-b736-040e3c016083,XzLiRrgyVHW4JsJ8c0Hc,7,1.292897789384353,5000000
7d2d417a-1e9e-11ef-b736-040e3c016083,YLspABuzKu9k1xgc6Cfj,2,3.17337129938513,5400000
7d2d417a-1e9e-11ef-b736-040e3c016083,YcqP9jtrc1uvhxsEP2N9,7,1.962442448248215,7100000
7d2d417a-1e9e-11ef-b736-040e3c016083,YdjFGRRUjacJCU9lp7QL,5,1.332655422879698,4500000
7d2d417a-1e9e-11ef-b736-040e3c016083,YnPRgwM3K736kEyjGqPZ,7,1.962442448248215,8500000
7d2d417a-1e9e-11ef-b736-040e3c016083,YoqUAe9srafQLwUMGXTM,1,6.385884268144987,5700000
7d2d417a-1e9e-11ef-b736-040e3c016083,Zu7VT3CEOweTOwLKpQMK,3,3.7720036617977084,3200000
7d2d417a-1e9e-11ef-b736-040e3c016083,a1XaaEcggSPSjH7x3M1N,1,5.218067997490612,4000000
7d2d417a-1e9e-11ef-b736-040e3c016083,afc5kIbTL7X9Ip4cz7fF,4,1.962442448248215,7000000
7d2d417a-1e9e-11ef-b736-040e3c016083,avUBZXqNogvbbayyGUh6,2,11.244783324194653,6800000
7d2d417a-1e9e-11ef-b736-040e3c016083,avyOiCvR4sU3DDjWH8ge,2,10.590940473950187,6700000
7d2d417a-1e9e-11ef-b736-040e3c016083,bCX7vkW5T3eSDEGTQbg1,3,6.043090938514377,5000000
7d2d417a-1e9e-11ef-b736-040e3c016083,bHUoj2xkuI4gY30OdjdM,3,4.924286945478083,4000000
7d2d417a-1e9e-11ef-b736-040e3c016083,bUIQWkMPdyZ1uzVrKCnc,3,5.4295556909756435,7500000
7d2d417a-1e9e-11ef-b736-040e3c016083,bXNDqZT3fXRRBk661akG,3,30,7000000
7d2d417a-1e9e-11ef-b736-040e3c016083,c292g4ic0e6lJgIWX1QH,3,7.071478192453264,6500000
7d2d417a-1e9e-11ef-b736-040e3c016083,d0DxGTKfPQA04Gakw6OF,7,1.8800246521099704,5400000
7d2d417a-1e9e-11ef-b736-040e3c016083,dBgp9eBweTw75LV2tSR6,5,4.307616291076574,2800000
7d2d417a-1e9e-11ef-b736-040e3c016083,dv4XdgHVlZcJtOebPA8Q,3,4.5777982266441954,3600000
7d2d417a-1e9e-11ef-b736-040e3c016083,dyABpC7CFuHsWxf5DAyN,3,3.0103134574092643,6500000
7d2d417a-1e9e-11ef-b736-040e3c016083,e0PgpVCcAWreswsEv0Jq,2,5.847257706031319,6000000
7d2d417a-1e9e-11ef-b736-040e3c016083,eJDPRHHinhFgyBZrjGGq,4,3.8904112078066566,3600000
7d2d417a-1e9e-11ef-b736-040e3c016083,eUMXmCuLlMMmdMQpXFQJ,3,12.649464097516228,8000000
7d2d417a-1e9e-11ef-b736-040e3c016083,ea1FDgQB4zoUegWl32ya,2,5.218067997490612,4000000
7d2d417a-1e9e-11ef-b736-040e3c016083,epOSoWYY55L4QeLeBxyV,3,10.590940473950187,7000000
7d2d417a-1e9e-11ef-b736-040e3c016083,f4FupO5Vb3JYf936r0Nw,6,1.962442448248215,3500000
7d2d417a-1e9e-11ef-b736-040e3c016083,fMBPtUSiBqAcQOk32RR8,3,6.7662465743936115,2000000
7d2d417a-1e9e-11ef-b736-040e3c016083,fYOnAKdKtZkgQrFfVuXW,4,1.332655422879698,4500000
7d2d417a-1e9e-11ef-b736-040e3c016083,fwZ4pXRydP9iaCD9N1G7,3,4.843413091136079,5000000
7d2d417a-1e9e-11ef-b736-040e3c016083,gvbZ45x7DWLtPmvK8oVz,2,6.200618412818144,5000000
7d2d417a-1e9e-11ef-b736-040e3c016083,hBAOBVv4CR9d6bkGZCzc,3,30,5000000
7d2d417a-1e9e-11ef-b736-040e3c016083,hECdNPaBAfZ89HNs3l9h,3,7.343041246245231,7500000
7d2d417a-1e9e-11ef-b736-040e3c016083,hEFwZXthqMfupnAcmJ2t,1,7.480010397481298,6700000
7d2d417a-1e9e-11ef-b736-040e3c016083,hXpH041I8oRihgAHxmj5,3,5.442602047575977,3800000
7d2d417a-1e9e-11ef-b736-040e3c016083,hYW58tBxFoZ9zsaJubqY,1,8.852760162118832,6000000
7d2d417a-1e9e-11ef-b736-040e3c016083,hjFiktzdojENxE0zgyds,3,3.0599415171184634,4200000
7d2d417a-1e9e-11ef-b736-040e3c016083,hu9hrvL8MsVnBlTQMPzw,4,4.063038671287184,3500000
7d2d417a-1e9e-11ef-b736-040e3c016083,i5XIQyawjhlTTUxeyITS,3,5.858402390278316,5500000
7d2d417a-1e9e-11ef-b736-040e3c016083,imGVWUTfam1MgYO5c282,5,4.944034276647657,6500000
7d2d417a-1e9e-11ef-b736-040e3c016083,j74I7sAno4NwrQpS752a,4,3.5821412472204543,4000000
7d2d417a-1e9e-11ef-b736-040e3c016083,jX5SZGw0ODmmWUOwHchZ,1,5.416801885493272,8200000
7d2d417a-1e9e-11ef-b736-040e3c016083,k2PZ5odV85GDWTpXUIkc,6,1.4183032245405778,2100000
7d2d417a-1e9e-11ef-b736-040e3c016083,kHOd3ZfUXgcQ1cvhlNi4,5,3.8934530610900917,3000000
7d2d417a-1e9e-11ef-b736-040e3c016083,kdvwjgxBrGzeMZFK4HxI,1,7.436822511740543,5500000
7d2d417a-1e9e-11ef-b736-040e3c016083,klXFM7EzvnkEUJk1NzPo,6,1.4183032245405778,2100000
7d2d417a-1e9e-11ef-b736-040e3c016083,lCRJoJsp2BkBn4VAxSG6,3,9.331135040489858,8400000
7d2d417a-1e9e-11ef-b736-040e3c016083,lHtIzGxgadpcI2SH2MXD,3,3.685099612327632,5500000
7d2d417a-1e9e-11ef-b736-040e3c016083,mNdE6mQ3mVdYt23lgTmX,6,1.292897789384353,5000000
7d2d417a-1e9e-11ef-b736-040e3c016083,mONPfAYVYW7kEuk920qW,2,6.594630388718247,5300000
7d2d417a-1e9e-11ef-b736-040e3c016083,mq0X1B9uobOVM4CWZf4q,3,30,4500000
7d2d417a-1e9e-11ef-b736-040e3c016083,n1OjfWW29Zj73gH14gY8,2,2.9890333939819196,3700000
7d2d417a-1e9e-11ef-b736-040e3c016083,nMJnm3BvKnte1bdx6NTF,5,4.231937585988734,8100000
7d2d417a-1e9e-11ef-b736-040e3c016083,nRI0z3n3ZL6SG9nmTh2V,1,6.179013989461853,5200000
7d2d417a-1e9e-11ef-b736-040e3c016083,naug2BVkWVGo928BNdsQ,3,6.1726431788599045,6500000
7d2d417a-1e9e-11ef-b736-040e3c016083,o2uRjiWu7x9y66w54ZKI,2,2.527691967447705,6300000
7d2d417a-1e9e-11ef-b736-040e3c016083,oNOYrpRfzrG5y1lVllsF,4,1.962442448248215,8500000
7d2d417a-1e9e-11ef-b736-040e3c016083,oZhFXIopaf9e2g0Ho4W2,2,5.439880107706415,6400000
7d2d417a-1e9e-11ef-b736-040e3c016083,ohl0N2ZNHgIFHRyRm5JF,5,1.7462182154631731,3800000
7d2d417a-1e9e-11ef-b736-040e3c016083,olWZl8WOq8rAQ5XopzjV,7,1.7462182154631731,3800000
7d2d417a-1e9e-11ef-b736-040e3c016083,ozd4DNbt4QbNcC64quxB,4,1.962442448248215,4500000
7d2d417a-1e9e-11ef-b736-040e3c016083,q3rhJlWyZN10raxxtvHV,2,30,5000000
7d2d417a-1e9e-11ef-b736-040e3c016083,qcY2zCPIXeGeBNZMxAgs,2,5.445639699466802,3800000
7d2d417a-1e9e-11ef-b736-040e3c016083,rCVVZfC4uvfut3YgpCBH,3,6.735534835893895,5500000
7d2d417a-1e9e-11ef-b736-040e3c016083,rQPZSWKNWgFGb5t7WxTm,4,2.6649932888476218,5100000
7d2d417a-1e9e-11ef-b736-040e3c016083,s8JgUAuPWgNG4zQUNeGU,2,7.436822511740543,5500000
7d2d417a-1e9e-11ef-b736-040e3c016083,sa6P3ZiFd5t1Wu7RNXOH,3,10.590940473950187,7000000
7d2d417a-1e9e-11ef-b736-040e3c016083,sqPzwUiSvMMX3lLmd2B2,6,1.962442448248215,8500000
7d2d417a-1e9e-11ef-b736-040e3c016083,t1pycrNs36UteM5AUtLG,3,7.2569217781146165,3000000
7d2d417a-1e9e-11ef-b736-040e3c016083,t8wI7QAD1RSmc54UPRq1,5,1.4210672580262942,7000000
7d2d417a-1e9e-11ef-b736-040e3c016083,tF53XYMNMd4QJxtMsF2h,6,1.962442448248215,7300000
7d2d417a-1e9e-11ef-b736-040e3c016083,txDz7IbKccW2ZXYMsg5k,4,1.962442448248215,6500000
7d2d417a-1e9e-11ef-b736-040e3c016083,uF7XsTghoGs3mEpsckOR,5,1.332655422879698,4500000
7d2d417a-1e9e-11ef-b736-040e3c016083,uI3USCYdTBVnRHfbolgt,6,1.51531444333534,3000000
7d2d417a-1e9e-11ef-b736-040e3c016083,ubOhCaldtZ2NGNZSzl8S,4,3.17337129938513,5400000
7d2d417a-1e9e-11ef-b736-040e3c016083,udsIIuHdOHojPr3mOjc2,1,5.3943992869407555,5800000
7d2d417a-1e9e-11ef-b736-040e3c016083,unwKz0xY03RmO5OxTjtC,2,7.524860165152234,7200000
7d2d417a-1e9e-11ef-b736-040e3c016083,urT2a8ldifgBYedGmUmd,7,1.5381052626767613,4400000
7d2d417a-1e9e-11ef-b736-040e3c016083,vRY5BQ2hWJbFgYHPGK74,7,1.962442448248215,8500000
7d2d417a-1e9e-11ef-b736-040e3c016083,vkrJ5cP2ZtqwNjfTi7aG,1,7.2569217781146165,3000000
7d2d417a-1e9e-11ef-b736-040e3c016083,vvMl58AkIxJqFjrtMczu,1,6.179013989461853,6000000
7d2d417a-1e9e-11ef-b736-040e3c016083,vvq3pFbrLrQKJ5c0NVa0,2,7.940749888555943,1500000
7d2d417a-1e9e-11ef-b736-040e3c016083,wkcpTkzsdCUB0WddZHtL,2,11.569041766549041,2500000
7d2d417a-1e9e-11ef-b736-040e3c016083,ww8LMVceitSrTSvdEVz4,2,7.436822511740543,6000000
7d2d417a-1e9e-11ef-b736-040e3c016083,xMvYNHdXNLjVYEpMwDkj,3,5.218067997490612,5500000
7d2d417a-1e9e-11ef-b736-040e3c016083,xPHcHlh7noyKSUN3GOLN,4,1.962442448248215,7000000
7d2d417a-1e9e-11ef-b736-040e3c016083,xr2zLfe7460vEJHfL1R6,2,2.4053248929335833,6500000
7d2d417a-1e9e-11ef-b736-040e3c016083,xxu0VIwsrPiKsfmv3Cjt,2,8.660438694376637,6500000
7d2d417a-1e9e-11ef-b736-040e3c016083,y7JrAjqTeLN3yELPKIlC,3,7.631658681024226,7500000
7d2d417a-1e9e-11ef-b736-040e3c016083,yGOblFsjdzUPur7dzOMP,3,2.4053248929335833,6500000
7d2d417a-1e9e-11ef-b736-040e3c016083,yINcUBiwI7ibtlOK1pbm,4,4.4220785953419695,6300000
7d2d417a-1e9e-11ef-b736-040e3c016083,yKVlk54uje47thOdLLBg,2,7.071478192453264,6500000
7d2d417a-1e9e-11ef-b736-040e3c016083,yPyyB4MYfMYx6MsvHBLl,7,1.3136682245675164,6200000
7d2d417a-1e9e-11ef-b736-040e3c016083,yzYp9L1VvPieCHrHV78y,3,6.172767673956055,6300000
7d2d417a-1e9e-11ef-b736-040e3c016083,zR6WxlgEf2RKQFDyoJwl,4,2.9890333939819196,3700000
7d2d417a-1e9e-11ef-b736-040e3c016083,zwhKkfA7skECX5ZDgWvj,2,2.4053248929335833,1000000
81ad834c-1e9e-11ef-b5c2-040e3c016083,0RsXIpTxYxbkD1ef7nCF,3,12.093239985524535,5000000
81ad834c-1e9e-11ef-b5c2-040e3c016083,0ibitfDjJNvgIx7vCd6Y,3,10.637830625210809,3000000
81ad834c-1e9e-11ef-b5c2-040e3c016083,0swBNCJBfiIRxmzRREi2,1,11.442552436817406,7800000
81ad834c-1e9e-11ef-b5c2-040e3c016083,0u8Rj5YaaYUN05pOqOAe,3,16.251754147991864,6200000
81ad834c-1e9e-11ef-b5c2-040e3c016083,1StM5HswzLz3VwD3nnyT,2,22.53852176050228,6800000
81ad834c-1e9e-11ef-b5c2-040e3c016083,1SyOX5nLpPbHxF0tRBQe,3,14.029535813850178,8200000
81ad834c-1e9e-11ef-b5c2-040e3c016083,1aoYNhwtodvT662nxon8,3,8.60908010053073,7700000
81ad834c-1e9e-11ef-b5c2-040e3c016083,1yHlowt1q6F9m5e1837E,3,15.00626379476033,5400000
81ad834c-1e9e-11ef-b5c2-040e3c016083,29f1A0i5GzNpGMvUsdae,1,9.747229796881989,5500000
81ad834c-1e9e-11ef-b5c2-040e3c016083,29xDwPaXIY0vwCVDSpFG,3,22.690720436304964,7700000
81ad834c-1e9e-11ef-b5c2-040e3c016083,2yyZFyn41qMQCMFGFqPj,2,10.66666805167091,3600000
81ad834c-1e9e-11ef-b5c2-040e3c016083,39GFiLtd7VrHOoUsPrWz,1,9.803453147248163,6500000
81ad834c-1e9e-11ef-b5c2-040e3c016083,3UXclQQjPqZn3o67SOso,3,7.483849940832864,6300000
81ad834c-1e9e-11ef-b5c2-040e3c016083,3dpZxuBBaJpStfsVfJNY,2,11.103628324998526,5400000
81ad834c-1e9e-11ef-b5c2-040e3c016083,3gz1rLyC62cNtSbledms,2,14.329335713642195,2400000
81ad834c-1e9e-11ef-b5c2-040e3c016083,3uSI9UGP8KkdYWscHC51,3,11.363935208489844,3000000
81ad834c-1e9e-11ef-b5c2-040e3c016083,4FIYxwtacJ4rbVYkcG9k,3,12.093239985524535,3000000
81ad834c-1e9e-11ef-b5c2-040e3c016083,4tgeNGivKygg6R8R1JCZ,2,8.394498105580269,7500000
81ad834c-1e9e-11ef-b5c2-040e3c016083,4wI60GtouIZvd2HIFhIh,5,2.414398908506634,2500000
81ad834c-1e9e-11ef-b5c2-040e3c016083,4yvz9glBBrXWmDuMQaEB,2,8.942033028990467,7100000
81ad834c-1e9e-11ef-b5c2-040e3c016083,5FdOq5z7Ehjvtfnp7I24,2,15.245623908512044,4800000
81ad834c-1e9e-11ef-b5c2-040e3c016083,5PzoM1qR3LW9T4RnwYxs,1,22.690720436304964,8000000
81ad834c-1e9e-11ef-b5c2-040e3c016083,5ZbvLzrN6CtpKjGuaOJf,2,14.690832909757832,6000000
81ad834c-1e9e-11ef-b5c2-040e3c016083,6iUK9Lno6nd0ky8WHhvQ,3,13.032318297434163,5900001
81ad834c-1e9e-11ef-b5c2-040e3c016083,78ooDgz5bkVfTAVLHQ4b,1,14.578692330030293,6500000
81ad834c-1e9e-11ef-b5c2-040e3c016083,7GLCseg2wkvweqXP2FZq,1,11.442552436817406,7000000
81ad834c-1e9e-11ef-b5c2-040e3c016083,7Hhgg4USykrF2WYAMq4h,1,12.772650851590702,6500000
81ad834c-1e9e-11ef-b5c2-040e3c016083,7rqFEphDcFf17Y9Mxr0b,3,17.7789991178687,8700000
81ad834c-1e9e-11ef-b5c2-040e3c016083,8A2GXme5EJMUCi2K6oOl,3,22.690720436304964,8000000
81ad834c-1e9e-11ef-b5c2-040e3c016083,8Bc7Usq9diqSmj9mOrJE,3,30,5000000
81ad834c-1e9e-11ef-b5c2-040e3c016083,8L04W3da0mdrL2eVBvmP,2,12.093239985524535,5000000
81ad834c-1e9e-11ef-b5c2-040e3c016083,98hNZmMHWBjj7uPZeK2B,3,13.032318297434163,8000000
81ad834c-1e9e-11ef-b5c2-040e3c016083,AL5cL8tJ5WDcRQqjiWfq,2,13.032318297434163,6200000
81ad834c-1e9e-11ef-b5c2-040e3c016083,AcKonDcKbBd9srJ8kJrT,3,11.240305792676367,6000000
81ad834c-1e9e-11ef-b5c2-040e3c016083,B4ItVZxVAylYJmxfBLM4,2,13.917731119824005,3000000
81ad834c-1e9e-11ef-b5c2-040e3c016083,BGLRJW546SxNnhOCma2F,1,22.398677980933588,8400000
81ad834c-1e9e-11ef-b5c2-040e3c016083,CsAuzfyhqdeRmO5EwHMo,2,12.49743061513315,5000000
81ad834c-1e9e-11ef-b5c2-040e3c016083,CzeJRpKSJJPd0u93Jl5X,2,10.784570119979682,4000000
81ad834c-1e9e-11ef-b5c2-040e3c016083,D2yQi0OGpEg9lXe4paHN,2,17.7789991178687,8700000
81ad834c-1e9e-11ef-b5c2-040e3c016083,DfYJgwxYNnaqctVFX6Fx,2,11.442552436817406,8500000
81ad834c-1e9e-11ef-b5c2-040e3c016083,Dzxsk6CNw2s06qhm42qO,3,13.224658427902744,3700000
81ad834c-1e9e-11ef-b5c2-040e3c016083,E66qoWthZdknSpsDyuyC,2,14.329335713642195,2400000
81ad834c-1e9e-11ef-b5c2-040e3c016083,ED7u2sENb7U8qM3P3Zev,3,13.224658427902744,3700000
81ad834c-1e9e-11ef-b5c2-040e3c016083,EPXHkQqzRGCapf2a4ki8,2,10.101380054237607,6300000
81ad834c-1e9e-11ef-b5c2-040e3c016083,EZTxqwMDBfEDxNqhtEbR,1,6.81903129710876,5300000
81ad834c-1e9e-11ef-b5c2-040e3c016083,EwBTbTCGOWoBb1EbEEEW,1,14.364095202523062,2000000
81ad834c-1e9e-11ef-b5c2-040e3c016083,F0cscj5XTHKgU57T8bhy,2,4.9233094364797205,5300000
81ad834c-1e9e-11ef-b5c2-040e3c016083,FCAEPJQWscGwnzRM4jUi,2,11.563051024323732,3500000
81ad834c-1e9e-11ef-b5c2-040e3c016083,FnjUu83KXaLi2vhAcoeQ,1,6.113916090742836,6700000
81ad834c-1e9e-11ef-b5c2-040e3c016083,GAuaI0SSPTNV0vN3he09,2,11.442552436817406,6500000
81ad834c-1e9e-11ef-b5c2-040e3c016083,GV265joouF79qk7lErIx,3,16.340900499957772,6200000
81ad834c-1e9e-11ef-b5c2-040e3c016083,GbJK7QiT6cppBPTDVOsf,3,11.442552436817406,7100000
81ad834c-1e9e-11ef-b5c2-040e3c016083,HJOHvRsAWlzWEbzHM8Px,1,13.462737071384359,5700000
81ad834c-1e9e-11ef-b5c2-040e3c016083,HpJd2w8HYj0xl3v7JlKQ,2,15.245623908512044,4800000
81ad834c-1e9e-11ef-b5c2-040e3c016083,I6IQ4iHVuTTPucUoHPln,3,13.978674434531188,7700000
81ad834c-1e9e-11ef-b5c2-040e3c016083,IYC5QeWKNbr5XlyWhaJt,1,14.327891885246833,4300000
81ad834c-1e9e-11ef-b5c2-040e3c016083,JFG5PCdrQLeNRCRr0zZu,1,9.54239485856042,8100000
81ad834c-1e9e-11ef-b5c2-040e3c016083,JaCMElOyhlt8jDstvajY,2,14.029535813850178,8200000
81ad834c-1e9e-11ef-b5c2-040e3c016083,KRSxQrWPsnzn9E9AZd8K,2,16.275448449227838,8200000
81ad834c-1e9e-11ef-b5c2-040e3c016083,KVctgJrJINLUizdlOU0Z,1,14.364095202523062,2000000
81ad834c-1e9e-11ef-b5c2-040e3c016083,KkE7H2hNrFq8hODowTnY,2,15.86048287474122,6000000
81ad834c-1e9e-11ef-b5c2-040e3c016083,L3w3AFkJn0qxyROAD77a,2,10.710014549082368,4200000
81ad834c-1e9e-11ef-b5c2-040e3c016083,LIB3o9pkiZiNMiZ3NiMB,2,11.442552436817406,6100000
81ad834c-1e9e-11ef-b5c2-040e3c016083,LM4qnEwdhXUKncNI35L6,2,11.442552436817406,6000000
81ad834c-1e9e-11ef-b5c2-040e3c016083,LukiqvE5zaxZeobZVY6O,1,12.093239985524535,5000000
81ad834c-1e9e-11ef-b5c2-040e3c016083,M6NxlWupOJfZ0jPp7Lk6,3,13.032318297434163,5500000
81ad834c-1e9e-11ef-b5c2-040e3c016083,MqNmUpgJfx7sPUtFiash,1,9.569361831257318,5000000
81ad834c-1e9e-11ef-b5c2-040e3c016083,N6vVpQ9M5APipqlVL7aL,1,12.627497936539939,4400000
81ad834c-1e9e-11ef-b5c2-040e3c016083,No0cbw2NKa76fILSeXUD,2,13.870691105198901,8200000
81ad834c-1e9e-11ef-b5c2-040e3c016083,O1kmuvjKTk2eAW2xpw7e,2,12.772650851590702,6500000
81ad834c-1e9e-11ef-b5c2-040e3c016083,O6s95SMQC0aJyZqBeZm7,2,7.895835304804802,8600000
81ad834c-1e9e-11ef-b5c2-040e3c016083,OBPIg9ZLeN4Coifrye0W,2,8.94512297456638,5500000
81ad834c-1e9e-11ef-b5c2-040e3c016083,OkWvDHMqAs83XCAPcdO2,2,7.892727507484212,6600000
81ad834c-1e9e-11ef-b5c2-040e3c016083,PCOUS8KZR0Ph13BLzrPR,2,15.86048287474122,5500000
81ad834c-1e9e-11ef-b5c2-040e3c016083,PJmi4oBrIyQw8hxN45jY,3,15.711355474004016,8500000
81ad834c-1e9e-11ef-b5c2-040e3c016083,Pae60dySd6ixwSyE6NUv,2,15.86048287474122,6000000
81ad834c-1e9e-11ef-b5c2-040e3c016083,PdMUfYqBBfdZQvl3ZmDF,3,17.495288352845822,6700000
81ad834c-1e9e-11ef-b5c2-040e3c016083,PdUlTnzmgcRd3I0O0Kje,3,11.442552436817406,6000000
81ad834c-1e9e-11ef-b5c2-040e3c016083,Q2pUi1iaYkUXp2V0PhTA,3,22.690720436304964,8000000
81ad834c-1e9e-11ef-b5c2-040e3c016083,Qux3ZMgibJarc4CfCo4L,1,10.641432747742686,7500000
81ad834c-1e9e-11ef-b5c2-040e3c016083,Quyw1yoMf6oeAsf4ei82,1,8.60908010053073,7700000
81ad834c-1e9e-11ef-b5c2-040e3c016083,Qx8Dx7hkNehsP8Ec5yA5,3,13.870691105198901,8200000
81ad834c-1e9e-11ef-b5c2-040e3c016083,QypCz2qv29dQlcX4LTcc,2,14.856615524618023,8300000
81ad834c-1e9e-11ef-b5c2-040e3c016083,R59acpMZGr8IcIHo8yCh,3,14.327891885246833,4300000
81ad834c-1e9e-11ef-b5c2-040e3c016083,R6eT9AxLMT7KF2Sv9QaG,2,8.052844715937528,3500000
81ad834c-1e9e-11ef-b5c2-040e3c016083,RfsuLJPMPj0snX0ihLjn,1,8.60908010053073,7700000
81ad834c-1e9e-11ef-b5c2-040e3c016083,RgEunQB3QDn719ailYkj,3,16.251754147991864,6200000
81ad834c-1e9e-11ef-b5c2-040e3c016083,Rwgf8cjLEEGUA7EEVKtf,2,11.442552436817406,8500000
81ad834c-1e9e-11ef-b5c2-040e3c016083,S8D4ROZ1LivtKSbdYpSv,3,9.54239485856042,8100000
81ad834c-1e9e-11ef-b5c2-040e3c016083,TCmSxtvfpzAI9Kyhydzr,3,30,5000000
81ad834c-1e9e-11ef-b5c2-040e3c016083,TNWiPAcmdfDmmLebrmIu,2,11.442552436817406,6000000
81ad834c-1e9e-11ef-b5c2-040e3c016083,TY1HhU1covRwD7TN2VTh,2,7.892727507484212,6600000
81ad834c-1e9e-11ef-b5c2-040e3c016083,TeqpLgdC4vf6Q9gmKXsP,3,13.462737071384359,5700000
81ad834c-1e9e-11ef-b5c2-040e3c016083,TfYJzXYE1bvRUKUcugAb,2,11.111483842448294,4000000
81ad834c-1e9e-11ef-b5c2-040e3c016083,URdWYFi04GTO7rIodoAc,3,11.363935208489844,4300000
81ad834c-1e9e-11ef-b5c2-040e3c016083,Uj3qeGrJBrEwAEu0W2iu,2,16.427118527560243,7200000
81ad834c-1e9e-11ef-b5c2-040e3c016083,V47fq1hBC1HWjH7NROGy,3,11.442552436817406,6100000
81ad834c-1e9e-11ef-b5c2-040e3c016083,VBu1kQ3PymLBAOsgCg4Q,1,11.442552436817406,7000000
81ad834c-1e9e-11ef-b5c2-040e3c016083,VIYbdeLQYy78mkbzvt3S,1,11.442552436817406,7000000
81ad834c-1e9e-11ef-b5c2-040e3c016083,VVqpULhyUfjXpEAU8uBf,1,10.784570119979682,6500000
81ad834c-1e9e-11ef-b5c2-040e3c016083,WD9xJz2lRxRfhUGf7Yy6,2,15.86048287474122,5200000
81ad834c-1e9e-11ef-b5c2-040e3c016083,X3qNwAFynzgskrzR0qUZ,2,13.032318297434163,6000000
81ad834c-1e9e-11ef-b5c2-040e3c016083,X9UpWqtaybMjsu2Lm8Xk,3,10.784570119979682,6500000
81ad834c-1e9e-11ef-b5c2-040e3c016083,XMabSiGhdNfstta0Yium,3,14.490185815459274,4500000
81ad834c-1e9e-11ef-b5c2-040e3c016083,XbipMOI4lDgqW6kCV1kk,2,30,4500000
81ad834c-1e9e-11ef-b5c2-040e3c016083,XzLiRrgyVHW4JsJ8c0Hc,2,12.486801238367931,5000000
81ad834c-1e9e-11ef-b5c2-040e3c016083,YLspABuzKu9k1xgc6Cfj,3,11.103628324998526,5400000
81ad834c-1e9e-11ef-b5c2-040e3c016083,YcqP9jtrc1uvhxsEP2N9,2,11.442552436817406,7100000
81ad834c-1e9e-11ef-b5c2-040e3c016083,YdjFGRRUjacJCU9lp7QL,2,14.490185815459274,4500000
81ad834c-1e9e-11ef-b5c2-040e3c016083,YnPRgwM3K736kEyjGqPZ,2,11.442552436817406,8500000
81ad834c-1e9e-11ef-b5c2-040e3c016083,YoqUAe9srafQLwUMGXTM,1,17.560722057995058,5700000
81ad834c-1e9e-11ef-b5c2-040e3c016083,Zu7VT3CEOweTOwLKpQMK,1,9.683619754506344,3200000
81ad834c-1e9e-11ef-b5c2-040e3c016083,a1XaaEcggSPSjH7x3M1N,3,9.747229796881989,4000000
81ad834c-1e9e-11ef-b5c2-040e3c016083,afc5kIbTL7X9Ip4cz7fF,1,11.442552436817406,7000000
81ad834c-1e9e-11ef-b5c2-040e3c016083,avUBZXqNogvbbayyGUh6,5,4.107139653120459,6800000
81ad834c-1e9e-11ef-b5c2-040e3c016083,avyOiCvR4sU3DDjWH8ge,3,4.722481598940878,6700000
81ad834c-1e9e-11ef-b5c2-040e3c016083,bCX7vkW5T3eSDEGTQbg1,3,7.74397601019978,5000000
81ad834c-1e9e-11ef-b5c2-040e3c016083,bHUoj2xkuI4gY30OdjdM,1,16.257427777292893,4000000
81ad834c-1e9e-11ef-b5c2-040e3c016083,bUIQWkMPdyZ1uzVrKCnc,1,10.641432747742686,7500000
81ad834c-1e9e-11ef-b5c2-040e3c016083,bXNDqZT3fXRRBk661akG,1,30,7000000
81ad834c-1e9e-11ef-b5c2-040e3c016083,c292g4ic0e6lJgIWX1QH,1,9.803453147248163,6500000
81ad834c-1e9e-11ef-b5c2-040e3c016083,d0DxGTKfPQA04Gakw6OF,1,15.00626379476033,5400000
81ad834c-1e9e-11ef-b5c2-040e3c016083,dBgp9eBweTw75LV2tSR6,2,10.773646230218151,2800000
81ad834c-1e9e-11ef-b5c2-040e3c016083,dv4XdgHVlZcJtOebPA8Q,2,10.66666805167091,3600000
81ad834c-1e9e-11ef-b5c2-040e3c016083,dyABpC7CFuHsWxf5DAyN,1,10.784570119979682,6500000
81ad834c-1e9e-11ef-b5c2-040e3c016083,e0PgpVCcAWreswsEv0Jq,1,11.240305792676367,6000000
81ad834c-1e9e-11ef-b5c2-040e3c016083,eJDPRHHinhFgyBZrjGGq,3,13.702643736816261,3600000
81ad834c-1e9e-11ef-b5c2-040e3c016083,eUMXmCuLlMMmdMQpXFQJ,1,7.673638958258906,8000000
81ad834c-1e9e-11ef-b5c2-040e3c016083,ea1FDgQB4zoUegWl32ya,1,9.747229796881989,4000000
81ad834c-1e9e-11ef-b5c2-040e3c016083,epOSoWYY55L4QeLeBxyV,5,4.722481598940878,7000000
81ad834c-1e9e-11ef-b5c2-040e3c016083,f4FupO5Vb3JYf936r0Nw,3,11.442552436817406,3500000
81ad834c-1e9e-11ef-b5c2-040e3c016083,fMBPtUSiBqAcQOk32RR8,2,11.464737026435513,2000000
81ad834c-1e9e-11ef-b5c2-040e3c016083,fYOnAKdKtZkgQrFfVuXW,1,14.490185815459274,4500000
81ad834c-1e9e-11ef-b5c2-040e3c016083,fwZ4pXRydP9iaCD9N1G7,1,9.235058016067125,5000000
81ad834c-1e9e-11ef-b5c2-040e3c016083,gvbZ45x7DWLtPmvK8oVz,2,17.495288352845822,5000000
81ad834c-1e9e-11ef-b5c2-040e3c016083,hBAOBVv4CR9d6bkGZCzc,2,30,5000000
81ad834c-1e9e-11ef-b5c2-040e3c016083,hECdNPaBAfZ89HNs3l9h,1,16.888461793631294,7500000
81ad834c-1e9e-11ef-b5c2-040e3c016083,hEFwZXthqMfupnAcmJ2t,2,6.113916090742836,6700000
81ad834c-1e9e-11ef-b5c2-040e3c016083,hXpH041I8oRihgAHxmj5,1,10.637830625210809,3800000
81ad834c-1e9e-11ef-b5c2-040e3c016083,hYW58tBxFoZ9zsaJubqY,2,22.249048540263498,6000000
81ad834c-1e9e-11ef-b5c2-040e3c016083,hjFiktzdojENxE0zgyds,3,10.710014549082368,4200000
81ad834c-1e9e-11ef-b5c2-040e3c016083,hu9hrvL8MsVnBlTQMPzw,1,9.347442542023702,3500000
81ad834c-1e9e-11ef-b5c2-040e3c016083,i5XIQyawjhlTTUxeyITS,3,8.052844715937528,5500000
81ad834c-1e9e-11ef-b5c2-040e3c016083,imGVWUTfam1MgYO5c282,3,10.93405328386417,6500000
81ad834c-1e9e-11ef-b5c2-040e3c016083,j74I7sAno4NwrQpS752a,1,11.111483842448294,4000000
81ad834c-1e9e-11ef-b5c2-040e3c016083,jX5SZGw0ODmmWUOwHchZ,3,16.275448449227838,8200000
81ad834c-1e9e-11ef-b5c2-040e3c016083,k2PZ5odV85GDWTpXUIkc,1,14.785668888032728,2100000
81ad834c-1e9e-11ef-b5c2-040e3c016083,kHOd3ZfUXgcQ1cvhlNi4,2,12.093239985524535,3000000
81ad834c-1e9e-11ef-b5c2-040e3c016083,kdvwjgxBrGzeMZFK4HxI,3,13.032318297434163,5500000
81ad834c-1e9e-11ef-b5c2-040e3c016083,klXFM7EzvnkEUJk1NzPo,3,14.785668888032728,2100000
81ad834c-1e9e-11ef-b5c2-040e3c016083,lCRJoJsp2BkBn4VAxSG6,2,22.398677980933588,8400000
81ad834c-1e9e-11ef-b5c2-040e3c016083,lHtIzGxgadpcI2SH2MXD,1,10.72649817863361,5500000
81ad834c-1e9e-11ef-b5c2-040e3c016083,mNdE6mQ3mVdYt23lgTmX,3,12.486801238367931,5000000
81ad834c-1e9e-11ef-b5c2-040e3c016083,mONPfAYVYW7kEuk920qW,3,6.81903129710876,5300000
81ad834c-1e9e-11ef-b5c2-040e3c016083,mq0X1B9uobOVM4CWZf4q,3,30,4500000
81ad834c-1e9e-11ef-b5c2-040e3c016083,n1OjfWW29Zj73gH14gY8,1,12.494114546539885,3700000
81ad834c-1e9e-11ef-b5c2-040e3c016083,nMJnm3BvKnte1bdx6NTF,1,10.038255367429839,8100000
81ad834c-1e9e-11ef-b5c2-040e3c016083,nRI0z3n3ZL6SG9nmTh2V,1,15.86048287474122,5200000
81ad834c-1e9e-11ef-b5c2-040e3c016083,naug2BVkWVGo928BNdsQ,2,12.772650851590702,6500000
81ad834c-1e9e-11ef-b5c2-040e3c016083,o2uRjiWu7x9y66w54ZKI,3,12.325186150983965,6300000
81ad834c-1e9e-11ef-b5c2-040e3c016083,oNOYrpRfzrG5y1lVllsF,2,11.442552436817406,8500000
81ad834c-1e9e-11ef-b5c2-040e3c016083,oZhFXIopaf9e2g0Ho4W2,3,10.140709974881654,6400000
81ad834c-1e9e-11ef-b5c2-040e3c016083,ohl0N2ZNHgIFHRyRm5JF,3,14.52007135565088,3800000
81ad834c-1e9e-11ef-b5c2-040e3c016083,olWZl8WOq8rAQ5XopzjV,3,14.52007135565088,3800000
81ad834c-1e9e-11ef-b5c2-040e3c016083,ozd4DNbt4QbNcC64quxB,1,11.442552436817406,4500000
81ad834c-1e9e-11ef-b5c2-040e3c016083,q3rhJlWyZN10raxxtvHV,2,30,5000000
81ad834c-1e9e-11ef-b5c2-040e3c016083,qcY2zCPIXeGeBNZMxAgs,2,8.398241880638015,3800000
81ad834c-1e9e-11ef-b5c2-040e3c016083,rCVVZfC4uvfut3YgpCBH,3,8.889679949716397,5500000
81ad834c-1e9e-11ef-b5c2-040e3c016083,rQPZSWKNWgFGb5t7WxTm,2,14.315207847481492,5100000
81ad834c-1e9e-11ef-b5c2-040e3c016083,s8JgUAuPWgNG4zQUNeGU,2,13.032318297434163,5500000
81ad834c-1e9e-11ef-b5c2-040e3c016083,sa6P3ZiFd5t1Wu7RNXOH,3,4.722481598940878,7000000
81ad834c-1e9e-11ef-b5c2-040e3c016083,sqPzwUiSvMMX3lLmd2B2,3,11.442552436817406,8500000
81ad834c-1e9e-11ef-b5c2-040e3c016083,t1pycrNs36UteM5AUtLG,3,11.363935208489844,3000000
81ad834c-1e9e-11ef-b5c2-040e3c016083,t8wI7QAD1RSmc54UPRq1,3,14.809372096426154,7000000
81ad834c-1e9e-11ef-b5c2-040e3c016083,tF53XYMNMd4QJxtMsF2h,1,11.442552436817406,7300000
81ad834c-1e9e-11ef-b5c2-040e3c016083,txDz7IbKccW2ZXYMsg5k,3,11.442552436817406,6500000
81ad834c-1e9e-11ef-b5c2-040e3c016083,uF7XsTghoGs3mEpsckOR,1,14.490185815459274,4500000
81ad834c-1e9e-11ef-b5c2-040e3c016083,uI3USCYdTBVnRHfbolgt,1,13.917731119824005,3000000
81ad834c-1e9e-11ef-b5c2-040e3c016083,ubOhCaldtZ2NGNZSzl8S,2,11.103628324998526,5400000
81ad834c-1e9e-11ef-b5c2-040e3c016083,udsIIuHdOHojPr3mOjc2,2,8.444213372485812,5800000
81ad834c-1e9e-11ef-b5c2-040e3c016083,unwKz0xY03RmO5OxTjtC,2,11.411407290925869,7200000
81ad834c-1e9e-11ef-b5c2-040e3c016083,urT2a8ldifgBYedGmUmd,1,12.627497936539939,4400000
81ad834c-1e9e-11ef-b5c2-040e3c016083,vRY5BQ2hWJbFgYHPGK74,2,11.442552436817406,8500000
81ad834c-1e9e-11ef-b5c2-040e3c016083,vkrJ5cP2ZtqwNjfTi7aG,1,11.363935208489844,3000000
81ad834c-1e9e-11ef-b5c2-040e3c016083,vvMl58AkIxJqFjrtMczu,2,15.86048287474122,6000000
81ad834c-1e9e-11ef-b5c2-040e3c016083,vvq3pFbrLrQKJ5c0NVa0,3,13.144235767574528,1500000
81ad834c-1e9e-11ef-b5c2-040e3c016083,wkcpTkzsdCUB0WddZHtL,4,2.414398908506634,2500000
81ad834c-1e9e-11ef-b5c2-040e3c016083,ww8LMVceitSrTSvdEVz4,3,13.032318297434163,6000000
81ad834c-1e9e-11ef-b5c2-040e3c016083,xMvYNHdXNLjVYEpMwDkj,1,9.747229796881989,5500000
81ad834c-1e9e-11ef-b5c2-040e3c016083,xPHcHlh7noyKSUN3GOLN,3,11.442552436817406,7000000
81ad834c-1e9e-11ef-b5c2-040e3c016083,xr2zLfe7460vEJHfL1R6,2,14.578692330030293,6500000
81ad834c-1e9e-11ef-b5c2-040e3c016083,xxu0VIwsrPiKsfmv3Cjt,2,21.93913595575265,6500000
81ad834c-1e9e-11ef-b5c2-040e3c016083,y7JrAjqTeLN3yELPKIlC,1,8.86574127724572,7500000
81ad834c-1e9e-11ef-b5c2-040e3c016083,yGOblFsjdzUPur7dzOMP,1,14.578692330030293,6500000
81ad834c-1e9e-11ef-b5c2-040e3c016083,yINcUBiwI7ibtlOK1pbm,1,10.993900935709231,6300000
81ad834c-1e9e-11ef-b5c2-040e3c016083,yKVlk54uje47thOdLLBg,1,9.803453147248163,6500000
81ad834c-1e9e-11ef-b5c2-040e3c016083,yPyyB4MYfMYx6MsvHBLl,1,14.615655605341841,6200000
81ad834c-1e9e-11ef-b5c2-040e3c016083,yzYp9L1VvPieCHrHV78y,2,7.483849940832864,6300000
81ad834c-1e9e-11ef-b5c2-040e3c016083,zR6WxlgEf2RKQFDyoJwl,3,12.494114546539885,3700000
81ad834c-1e9e-11ef-b5c2-040e3c016083,zwhKkfA7skECX5ZDgWvj,2,14.578692330030293,1000000
84ff3680-1e9e-11ef-9762-040e3c016083,0RsXIpTxYxbkD1ef7nCF,4,4.1970723696483745,2000000
84ff3680-1e9e-11ef-9762-040e3c016083,0ibitfDjJNvgIx7vCd6Y,2,5.426198674507881,4000000
84ff3680-1e9e-11ef-9762-040e3c016083,0swBNCJBfiIRxmzRREi2,6,1.1334382061911503,800000
84ff3680-1e9e-11ef-9762-040e3c016083,0u8Rj5YaaYUN05pOqOAe,6,4.384245028585015,800000
84ff3680-1e9e-11ef-9762-040e3c016083,1StM5HswzLz3VwD3nnyT,3,10.111268003714514,200000
84ff3680-1e9e-11ef-9762-040e3c016083,1SyOX5nLpPbHxF0tRBQe,1,9.44123981818877,1200000
84ff3680-1e9e-11ef-9762-040e3c016083,1aoYNhwtodvT662nxon8,1,5.6526597394031555,700000
84ff3680-1e9e-11ef-9762-040e3c016083,1yHlowt1q6F9m5e1837E,5,2.581439906591324,1600000
84ff3680-1e9e-11ef-9762-040e3c016083,29f1A0i5GzNpGMvUsdae,4,4.960026851101209,1500000
84ff3680-1e9e-11ef-9762-040e3c016083,29xDwPaXIY0vwCVDSpFG,1,10.305561333352419,700000
84ff3680-1e9e-11ef-9762-040e3c016083,2yyZFyn41qMQCMFGFqPj,2,4.506812679846248,3400000
84ff3680-1e9e-11ef-9762-040e3c016083,39GFiLtd7VrHOoUsPrWz,4,6.95019468073825,500000
84ff3680-1e9e-11ef-9762-040e3c016083,3UXclQQjPqZn3o67SOso,4,5.418157635213766,700000
84ff3680-1e9e-11ef-9762-040e3c016083,3dpZxuBBaJpStfsVfJNY,5,3.041816338034467,1600000
84ff3680-1e9e-11ef-9762-040e3c016083,3gz1rLyC62cNtSbledms,7,1.9328918049803991,4600000
84ff3680-1e9e-11ef-9762-040e3c016083,3uSI9UGP8KkdYWscHC51,2,6.185165060937172,4000000
84ff3680-1e9e-11ef-9762-040e3c016083,4FIYxwtacJ4rbVYkcG9k,5,4.1970723696483745,4000000
84ff3680-1e9e-11ef-9762-040e3c016083,4tgeNGivKygg6R8R1JCZ,5,4.436659160840314,500000
84ff3680-1e9e-11ef-9762-040e3c016083,4wI60GtouIZvd2HIFhIh,1,10.702829804330538,4500000
84ff3680-1e9e-11ef-9762-040e3c016083,4yvz9glBBrXWmDuMQaEB,1,7.334439487001971,100000
84ff3680-1e9e-11ef-9762-040e3c016083,5FdOq5z7Ehjvtfnp7I24,4,4.133621091723915,2200000
84ff3680-1e9e-11ef-9762-040e3c016083,5PzoM1qR3LW9T4RnwYxs,3,10.305561333352419,1000000
84ff3680-1e9e-11ef-9762-040e3c016083,5ZbvLzrN6CtpKjGuaOJf,2,2.25825670761653,1000000
84ff3680-1e9e-11ef-9762-040e3c016083,6iUK9Lno6nd0ky8WHhvQ,3,7.831702510286037,1099999
84ff3680-1e9e-11ef-9762-040e3c016083,78ooDgz5bkVfTAVLHQ4b,3,3.482017572358333,500000
84ff3680-1e9e-11ef-9762-040e3c016083,7GLCseg2wkvweqXP2FZq,8,1.1334382061911503,0
84ff3680-1e9e-11ef-9762-040e3c016083,7Hhgg4USykrF2WYAMq4h,2,5.26380584517979,500000
84ff3680-1e9e-11ef-9762-040e3c016083,7rqFEphDcFf17Y9Mxr0b,3,5.377593989105496,1700000
84ff3680-1e9e-11ef-9762-040e3c016083,8A2GXme5EJMUCi2K6oOl,1,10.305561333352419,1000000
84ff3680-1e9e-11ef-9762-040e3c016083,8Bc7Usq9diqSmj9mOrJE,3,30,2000000
84ff3680-1e9e-11ef-9762-040e3c016083,8L04W3da0mdrL2eVBvmP,2,4.1970723696483745,2000000
84ff3680-1e9e-11ef-9762-040e3c016083,98hNZmMHWBjj7uPZeK2B,3,7.831702510286037,1000000
84ff3680-1e9e-11ef-9762-040e3c016083,AL5cL8tJ5WDcRQqjiWfq,1,7.831702510286037,800000
84ff3680-1e9e-11ef-9762-040e3c016083,AcKonDcKbBd9srJ8kJrT,3,5.971477613318089,1000000
84ff3680-1e9e-11ef-9762-040e3c016083,B4ItVZxVAylYJmxfBLM4,7,1.6265663938048782,4000000
84ff3680-1e9e-11ef-9762-040e3c016083,BGLRJW546SxNnhOCma2F,1,10.491795574239491,1400000
84ff3680-1e9e-11ef-9762-040e3c016083,CsAuzfyhqdeRmO5EwHMo,2,2.348466195466557,2000000
84ff3680-1e9e-11ef-9762-040e3c016083,CzeJRpKSJJPd0u93Jl5X,5,2.6326928244451118,3000000
84ff3680-1e9e-11ef-9762-040e3c016083,D2yQi0OGpEg9lXe4paHN,3,5.377593989105496,1700000
84ff3680-1e9e-11ef-9762-040e3c016083,DfYJgwxYNnaqctVFX6Fx,5,1.1334382061911503,1500000
84ff3680-1e9e-11ef-9762-040e3c016083,Dzxsk6CNw2s06qhm42qO,7,0.9427403220562348,3300000
84ff3680-1e9e-11ef-9762-040e3c016083,E66qoWthZdknSpsDyuyC,6,1.9328918049803991,4600000
84ff3680-1e9e-11ef-9762-040e3c016083,ED7u2sENb7U8qM3P3Zev,5,0.9427403220562348,3300000
84ff3680-1e9e-11ef-9762-040e3c016083,EPXHkQqzRGCapf2a4ki8,5,2.393051266387002,700000
84ff3680-1e9e-11ef-9762-040e3c016083,EZTxqwMDBfEDxNqhtEbR,2,5.615859633838808,1700000
84ff3680-1e9e-11ef-9762-040e3c016083,EwBTbTCGOWoBb1EbEEEW,4,2.4324444949172737,5000000
84ff3680-1e9e-11ef-9762-040e3c016083,F0cscj5XTHKgU57T8bhy,1,8.75556020944236,1700000
84ff3680-1e9e-11ef-9762-040e3c016083,FCAEPJQWscGwnzRM4jUi,4,4.7066108986639215,3500000
84ff3680-1e9e-11ef-9762-040e3c016083,FnjUu83KXaLi2vhAcoeQ,1,6.423433952906396,300000
84ff3680-1e9e-11ef-9762-040e3c016083,GAuaI0SSPTNV0vN3he09,7,1.1334382061911503,500000
84ff3680-1e9e-11ef-9762-040e3c016083,GV265joouF79qk7lErIx,4,21.40686367355476,800000
84ff3680-1e9e-11ef-9762-040e3c016083,GbJK7QiT6cppBPTDVOsf,9,1.1334382061911503,100000
84ff3680-1e9e-11ef-9762-040e3c016083,HJOHvRsAWlzWEbzHM8Px,2,8.008871700271287,1300000
84ff3680-1e9e-11ef-9762-040e3c016083,HpJd2w8HYj0xl3v7JlKQ,3,4.133621091723915,2200000
84ff3680-1e9e-11ef-9762-040e3c016083,I6IQ4iHVuTTPucUoHPln,2,8.111376552651777,700000
84ff3680-1e9e-11ef-9762-040e3c016083,IYC5QeWKNbr5XlyWhaJt,5,2.545634292982826,2700000
84ff3680-1e9e-11ef-9762-040e3c016083,JFG5PCdrQLeNRCRr0zZu,4,3.0528871336202275,1100000
84ff3680-1e9e-11ef-9762-040e3c016083,JaCMElOyhlt8jDstvajY,1,9.44123981818877,1200000
84ff3680-1e9e-11ef-9762-040e3c016083,KRSxQrWPsnzn9E9AZd8K,2,6.447460249518858,1200000
84ff3680-1e9e-11ef-9762-040e3c016083,KVctgJrJINLUizdlOU0Z,3,2.4324444949172737,5000000
84ff3680-1e9e-11ef-9762-040e3c016083,KkE7H2hNrFq8hODowTnY,3,5.830601063462668,1000000
84ff3680-1e9e-11ef-9762-040e3c016083,L3w3AFkJn0qxyROAD77a,4,2.654730651711647,2800000
84ff3680-1e9e-11ef-9762-040e3c016083,LIB3o9pkiZiNMiZ3NiMB,8,1.1334382061911503,900000
84ff3680-1e9e-11ef-9762-040e3c016083,LM4qnEwdhXUKncNI35L6,6,1.1334382061911503,1000000
84ff3680-1e9e-11ef-9762-040e3c016083,LukiqvE5zaxZeobZVY6O,4,4.1970723696483745,2000000
84ff3680-1e9e-11ef-9762-040e3c016083,M6NxlWupOJfZ0jPp7Lk6,1,7.831702510286037,1500000
84ff3680-1e9e-11ef-9762-040e3c016083,MqNmUpgJfx7sPUtFiash,3,5.060215429833512,2000000
84ff3680-1e9e-11ef-9762-040e3c016083,N6vVpQ9M5APipqlVL7aL,6,1.9620805779342627,2600000
84ff3680-1e9e-11ef-9762-040e3c016083,No0cbw2NKa76fILSeXUD,4,3.409590551422029,1200000
84ff3680-1e9e-11ef-9762-040e3c016083,O1kmuvjKTk2eAW2xpw7e,4,5.26380584517979,500000
84ff3680-1e9e-11ef-9762-040e3c016083,O6s95SMQC0aJyZqBeZm7,1,6.255603603499279,1600000
84ff3680-1e9e-11ef-9762-040e3c016083,OBPIg9ZLeN4Coifrye0W,1,6.179023598882214,1500000
84ff3680-1e9e-11ef-9762-040e3c016083,OkWvDHMqAs83XCAPcdO2,1,20.172746530328862,400000
84ff3680-1e9e-11ef-9762-040e3c016083,PCOUS8KZR0Ph13BLzrPR,3,5.830601063462668,1500000
84ff3680-1e9e-11ef-9762-040e3c016083,PJmi4oBrIyQw8hxN45jY,2,3.3672259027549933,1500000
84ff3680-1e9e-11ef-9762-040e3c016083,Pae60dySd6ixwSyE6NUv,1,5.830601063462668,1000000
84ff3680-1e9e-11ef-9762-040e3c016083,PdMUfYqBBfdZQvl3ZmDF,3,6.270278507188875,300000
84ff3680-1e9e-11ef-9762-040e3c016083,PdUlTnzmgcRd3I0O0Kje,6,1.1334382061911503,1000000
84ff3680-1e9e-11ef-9762-040e3c016083,Q2pUi1iaYkUXp2V0PhTA,1,10.305561333352419,1000000
84ff3680-1e9e-11ef-9762-040e3c016083,Qux3ZMgibJarc4CfCo4L,4,5.4133387328018125,500000
84ff3680-1e9e-11ef-9762-040e3c016083,Quyw1yoMf6oeAsf4ei82,1,5.6526597394031555,700000
84ff3680-1e9e-11ef-9762-040e3c016083,Qx8Dx7hkNehsP8Ec5yA5,2,3.409590551422029,1200000
84ff3680-1e9e-11ef-9762-040e3c016083,QypCz2qv29dQlcX4LTcc,3,2.4240772946494076,1300000
84ff3680-1e9e-11ef-9762-040e3c016083,R59acpMZGr8IcIHo8yCh,2,2.545634292982826,2700000
84ff3680-1e9e-11ef-9762-040e3c016083,R6eT9AxLMT7KF2Sv9QaG,2,5.217124503927381,3500000
84ff3680-1e9e-11ef-9762-040e3c016083,RfsuLJPMPj0snX0ihLjn,3,5.6526597394031555,700000
84ff3680-1e9e-11ef-9762-040e3c016083,RgEunQB3QDn719ailYkj,6,4.384245028585015,800000
84ff3680-1e9e-11ef-9762-040e3c016083,Rwgf8cjLEEGUA7EEVKtf,7,1.1334382061911503,1500000
84ff3680-1e9e-11ef-9762-040e3c016083,S8D4ROZ1LivtKSbdYpSv,2,3.0528871336202275,1100000
84ff3680-1e9e-11ef-9762-040e3c016083,TCmSxtvfpzAI9Kyhydzr,3,30,2000000
84ff3680-1e9e-11ef-9762-040e3c016083,TNWiPAcmdfDmmLebrmIu,7,1.1334382061911503,1000000
84ff3680-1e9e-11ef-9762-040e3c016083,TY1HhU1covRwD7TN2VTh,3,20.172746530328862,400000
84ff3680-1e9e-11ef-9762-040e3c016083,TeqpLgdC4vf6Q9gmKXsP,2,8.008871700271287,1300000
84ff3680-1e9e-11ef-9762-040e3c016083,TfYJzXYE1bvRUKUcugAb,3,2.4163596092707733,3000000
84ff3680-1e9e-11ef-9762-040e3c016083,URdWYFi04GTO7rIodoAc,1,6.185165060937172,2700000
84ff3680-1e9e-11ef-9762-040e3c016083,Uj3qeGrJBrEwAEu0W2iu,1,6.7985707014171535,200000
84ff3680-1e9e-11ef-9762-040e3c016083,V47fq1hBC1HWjH7NROGy,8,1.1334382061911503,900000
84ff3680-1e9e-11ef-9762-040e3c016083,VBu1kQ3PymLBAOsgCg4Q,9,1.1334382061911503,0
84ff3680-1e9e-11ef-9762-040e3c016083,VIYbdeLQYy78mkbzvt3S,9,1.1334382061911503,0
84ff3680-1e9e-11ef-9762-040e3c016083,VVqpULhyUfjXpEAU8uBf,3,2.6326928244451118,500000
84ff3680-1e9e-11ef-9762-040e3c016083,WD9xJz2lRxRfhUGf7Yy6,3,5.830601063462668,1800000
84ff3680-1e9e-11ef-9762-040e3c016083,X3qNwAFynzgskrzR0qUZ,2,7.831702510286037,1000000
84ff3680-1e9e-11ef-9762-040e3c016083,X9UpWqtaybMjsu2Lm8Xk,3,2.6326928244451118,500000
84ff3680-1e9e-11ef-9762-040e3c016083,XMabSiGhdNfstta0Yium,2,2.524404966606597,2500000
84ff3680-1e9e-11ef-9762-040e3c016083,XbipMOI4lDgqW6kCV1kk,3,30,2500000
84ff3680-1e9e-11ef-9762-040e3c016083,XzLiRrgyVHW4JsJ8c0Hc,6,1.5496055788320515,2000000
84ff3680-1e9e-11ef-9762-040e3c016083,YLspABuzKu9k1xgc6Cfj,4,3.041816338034467,1600000
84ff3680-1e9e-11ef-9762-040e3c016083,YcqP9jtrc1uvhxsEP2N9,10,1.1334382061911503,100000
84ff3680-1e9e-11ef-9762-040e3c016083,YdjFGRRUjacJCU9lp7QL,3,2.524404966606597,2500000
84ff3680-1e9e-11ef-9762-040e3c016083,YnPRgwM3K736kEyjGqPZ,6,1.1334382061911503,1500000
84ff3680-1e9e-11ef-9762-040e3c016083,YoqUAe9srafQLwUMGXTM,1,7.48394187329293,1300000
84ff3680-1e9e-11ef-9762-040e3c016083,Zu7VT3CEOweTOwLKpQMK,5,2.9988199554859207,3800000
84ff3680-1e9e-11ef-9762-040e3c016083,a1XaaEcggSPSjH7x3M1N,4,4.960026851101209,3000000
84ff3680-1e9e-11ef-9762-040e3c016083,afc5kIbTL7X9Ip4cz7fF,10,1.1334382061911503,0
84ff3680-1e9e-11ef-9762-040e3c016083,avUBZXqNogvbbayyGUh6,4,10.52620939774742,200000
84ff3680-1e9e-11ef-9762-040e3c016083,avyOiCvR4sU3DDjWH8ge,3,9.909180018578532,300000
84ff3680-1e9e-11ef-9762-040e3c016083,bCX7vkW5T3eSDEGTQbg1,2,4.928627390005467,2000000
84ff3680-1e9e-11ef-9762-040e3c016083,bHUoj2xkuI4gY30OdjdM,2,5.998163396075765,3000000
84ff3680-1e9e-11ef-9762-040e3c016083,bUIQWkMPdyZ1uzVrKCnc,2,5.4133387328018125,500000
84ff3680-1e9e-11ef-9762-040e3c016083,bXNDqZT3fXRRBk661akG,4,30,0
84ff3680-1e9e-11ef-9762-040e3c016083,c292g4ic0e6lJgIWX1QH,4,6.95019468073825,500000
84ff3680-1e9e-11ef-9762-040e3c016083,d0DxGTKfPQA04Gakw6OF,2,2.581439906591324,1600000
84ff3680-1e9e-11ef-9762-040e3c016083,dBgp9eBweTw75LV2tSR6,4,4.240223979253199,4200000
84ff3680-1e9e-11ef-9762-040e3c016083,dv4XdgHVlZcJtOebPA8Q,2,4.506812679846248,3400000
84ff3680-1e9e-11ef-9762-040e3c016083,dyABpC7CFuHsWxf5DAyN,6,2.6326928244451118,500000
84ff3680-1e9e-11ef-9762-040e3c016083,e0PgpVCcAWreswsEv0Jq,3,5.971477613318089,1000000
84ff3680-1e9e-11ef-9762-040e3c016083,eJDPRHHinhFgyBZrjGGq,3,4.6079911171359536,10600000
84ff3680-1e9e-11ef-9762-040e3c016083,eUMXmCuLlMMmdMQpXFQJ,2,12.257119089116264,1000000
84ff3680-1e9e-11ef-9762-040e3c016083,ea1FDgQB4zoUegWl32ya,5,4.960026851101209,3000000
84ff3680-1e9e-11ef-9762-040e3c016083,epOSoWYY55L4QeLeBxyV,3,9.909180018578532,0
84ff3680-1e9e-11ef-9762-040e3c016083,f4FupO5Vb3JYf936r0Nw,6,1.1334382061911503,3500000
84ff3680-1e9e-11ef-9762-040e3c016083,fMBPtUSiBqAcQOk32RR8,2,5.7044267425985975,5000000
84ff3680-1e9e-11ef-9762-040e3c016083,fYOnAKdKtZkgQrFfVuXW,5,2.524404966606597,2500000
84ff3680-1e9e-11ef-9762-040e3c016083,fwZ4pXRydP9iaCD9N1G7,3,4.3503913706875394,2000000
84ff3680-1e9e-11ef-9762-040e3c016083,gvbZ45x7DWLtPmvK8oVz,3,6.270278507188875,2000000
84ff3680-1e9e-11ef-9762-040e3c016083,hBAOBVv4CR9d6bkGZCzc,3,30,2000000
84ff3680-1e9e-11ef-9762-040e3c016083,hECdNPaBAfZ89HNs3l9h,1,8.284099390849587,500000
84ff3680-1e9e-11ef-9762-040e3c016083,hEFwZXthqMfupnAcmJ2t,1,6.423433952906396,300000
84ff3680-1e9e-11ef-9762-040e3c016083,hXpH041I8oRihgAHxmj5,1,5.426198674507881,3200000
84ff3680-1e9e-11ef-9762-040e3c016083,hYW58tBxFoZ9zsaJubqY,3,9.832229537202423,1000000
84ff3680-1e9e-11ef-9762-040e3c016083,hjFiktzdojENxE0zgyds,5,2.654730651711647,2800000
84ff3680-1e9e-11ef-9762-040e3c016083,hu9hrvL8MsVnBlTQMPzw,3,3.1044129693635973,3500000
84ff3680-1e9e-11ef-9762-040e3c016083,i5XIQyawjhlTTUxeyITS,3,5.217124503927381,1500000
84ff3680-1e9e-11ef-9762-040e3c016083,imGVWUTfam1MgYO5c282,6,3.8138644326026365,500000
84ff3680-1e9e-11ef-9762-040e3c016083,j74I7sAno4NwrQpS752a,3,2.4163596092707733,3000000
84ff3680-1e9e-11ef-9762-040e3c016083,jX5SZGw0ODmmWUOwHchZ,2,6.447460249518858,1200000
84ff3680-1e9e-11ef-9762-040e3c016083,k2PZ5odV85GDWTpXUIkc,3,2.5688756547618703,4900000
84ff3680-1e9e-11ef-9762-040e3c016083,kHOd3ZfUXgcQ1cvhlNi4,2,4.1970723696483745,4000000
84ff3680-1e9e-11ef-9762-040e3c016083,kdvwjgxBrGzeMZFK4HxI,2,7.831702510286037,1500000
84ff3680-1e9e-11ef-9762-040e3c016083,klXFM7EzvnkEUJk1NzPo,4,2.5688756547618703,4900000
84ff3680-1e9e-11ef-9762-040e3c016083,lCRJoJsp2BkBn4VAxSG6,2,10.491795574239491,1400000
84ff3680-1e9e-11ef-9762-040e3c016083,lHtIzGxgadpcI2SH2MXD,3,2.4960467983872507,1500000
84ff3680-1e9e-11ef-9762-040e3c016083,mNdE6mQ3mVdYt23lgTmX,5,1.5496055788320515,2000000
84ff3680-1e9e-11ef-9762-040e3c016083,mONPfAYVYW7kEuk920qW,1,5.615859633838808,1700000
84ff3680-1e9e-11ef-9762-040e3c016083,mq0X1B9uobOVM4CWZf4q,3,30,2500000
84ff3680-1e9e-11ef-9762-040e3c016083,n1OjfWW29Zj73gH14gY8,3,3.4088652885255377,3300000
84ff3680-1e9e-11ef-9762-040e3c016083,nMJnm3BvKnte1bdx6NTF,3,3.8930770097613068,1100000
84ff3680-1e9e-11ef-9762-040e3c016083,nRI0z3n3ZL6SG9nmTh2V,1,5.830601063462668,1800000
84ff3680-1e9e-11ef-9762-040e3c016083,naug2BVkWVGo928BNdsQ,1,5.26380584517979,500000
84ff3680-1e9e-11ef-9762-040e3c016083,o2uRjiWu7x9y66w54ZKI,6,2.8670446968132364,700000
84ff3680-1e9e-11ef-9762-040e3c016083,oNOYrpRfzrG5y1lVllsF,7,1.1334382061911503,1500000
84ff3680-1e9e-11ef-9762-040e3c016083,oZhFXIopaf9e2g0Ho4W2,5,4.26626655515202,600000
84ff3680-1e9e-11ef-9762-040e3c016083,ohl0N2ZNHgIFHRyRm5JF,4,2.1630738184715574,3200000
84ff3680-1e9e-11ef-9762-040e3c016083,olWZl8WOq8rAQ5XopzjV,5,2.1630738184715574,3200000
84ff3680-1e9e-11ef-9762-040e3c016083,ozd4DNbt4QbNcC64quxB,5,1.1334382061911503,2500000
84ff3680-1e9e-11ef-9762-040e3c016083,q3rhJlWyZN10raxxtvHV,3,30,2000000
84ff3680-1e9e-11ef-9762-040e3c016083,qcY2zCPIXeGeBNZMxAgs,3,4.312052956089399,3200000
84ff3680-1e9e-11ef-9762-040e3c016083,rCVVZfC4uvfut3YgpCBH,1,5.543855313982541,1500000
84ff3680-1e9e-11ef-9762-040e3c016083,rQPZSWKNWgFGb5t7WxTm,4,3.6485011631464164,1900000
84ff3680-1e9e-11ef-9762-040e3c016083,s8JgUAuPWgNG4zQUNeGU,3,7.831702510286037,1500000
84ff3680-1e9e-11ef-9762-040e3c016083,sa6P3ZiFd5t1Wu7RNXOH,4,9.909180018578532,0
84ff3680-1e9e-11ef-9762-040e3c016083,sqPzwUiSvMMX3lLmd2B2,5,1.1334382061911503,1500000
84ff3680-1e9e-11ef-9762-040e3c016083,t1pycrNs36UteM5AUtLG,1,6.185165060937172,4000000
84ff3680-1e9e-11ef-9762-040e3c016083,t8wI7QAD1RSmc54UPRq1,6,2.5494572311616173,0
84ff3680-1e9e-11ef-9762-040e3c016083,tF53XYMNMd4QJxtMsF2h,9,1.1334382061911503,300000
84ff3680-1e9e-11ef-9762-040e3c016083,txDz7IbKccW2ZXYMsg5k,8,1.1334382061911503,500000
84ff3680-1e9e-11ef-9762-040e3c016083,uF7XsTghoGs3mEpsckOR,3,2.524404966606597,2500000
84ff3680-1e9e-11ef-9762-040e3c016083,uI3USCYdTBVnRHfbolgt,7,1.6265663938048782,4000000
84ff3680-1e9e-11ef-9762-040e3c016083,ubOhCaldtZ2NGNZSzl8S,2,3.041816338034467,1600000
84ff3680-1e9e-11ef-9762-040e3c016083,udsIIuHdOHojPr3mOjc2,5,4.7584158122080975,1200000
84ff3680-1e9e-11ef-9762-040e3c016083,unwKz0xY03RmO5OxTjtC,1,7.667930382407106,200000
84ff3680-1e9e-11ef-9762-040e3c016083,urT2a8ldifgBYedGmUmd,6,1.9620805779342627,2600000
84ff3680-1e9e-11ef-9762-040e3c016083,vRY5BQ2hWJbFgYHPGK74,5,1.1334382061911503,1500000
84ff3680-1e9e-11ef-9762-040e3c016083,vkrJ5cP2ZtqwNjfTi7aG,2,6.185165060937172,4000000
84ff3680-1e9e-11ef-9762-040e3c016083,vvMl58AkIxJqFjrtMczu,1,5.830601063462668,1000000
84ff3680-1e9e-11ef-9762-040e3c016083,vvq3pFbrLrQKJ5c0NVa0,2,8.328251468680136,5500000
84ff3680-1e9e-11ef-9762-040e3c016083,wkcpTkzsdCUB0WddZHtL,1,10.702829804330538,4500000
84ff3680-1e9e-11ef-9762-040e3c016083,ww8LMVceitSrTSvdEVz4,3,7.831702510286037,1000000
84ff3680-1e9e-11ef-9762-040e3c016083,xMvYNHdXNLjVYEpMwDkj,5,4.960026851101209,1500000
84ff3680-1e9e-11ef-9762-040e3c016083,xPHcHlh7noyKSUN3GOLN,8,1.1334382061911503,0
84ff3680-1e9e-11ef-9762-040e3c016083,xr2zLfe7460vEJHfL1R6,6,3.482017572358333,500000
84ff3680-1e9e-11ef-9762-040e3c016083,xxu0VIwsrPiKsfmv3Cjt,2,9.77859781003571,500000
84ff3680-1e9e-11ef-9762-040e3c016083,y7JrAjqTeLN3yELPKIlC,1,7.371426535587989,500000
84ff3680-1e9e-11ef-9762-040e3c016083,yGOblFsjdzUPur7dzOMP,3,3.482017572358333,500000
84ff3680-1e9e-11ef-9762-040e3c016083,yINcUBiwI7ibtlOK1pbm,5,4.432542216785298,700000
84ff3680-1e9e-11ef-9762-040e3c016083,yKVlk54uje47thOdLLBg,3,6.95019468073825,500000
84ff3680-1e9e-11ef-9762-040e3c016083,yPyyB4MYfMYx6MsvHBLl,6,2.4957269259148336,800000
84ff3680-1e9e-11ef-9762-040e3c016083,yzYp9L1VvPieCHrHV78y,1,5.418157635213766,700000
84ff3680-1e9e-11ef-9762-040e3c016083,zR6WxlgEf2RKQFDyoJwl,4,3.4088652885255377,3300000
84ff3680-1e9e-11ef-9762-040e3c016083,zwhKkfA7skECX5ZDgWvj,5,3.482017572358333,6000000
88a182f1-1e9e-11ef-ba10-040e3c016083,0RsXIpTxYxbkD1ef7nCF,2,15.165161493316747,5000000
88a182f1-1e9e-11ef-ba10-040e3c016083,0ibitfDjJNvgIx7vCd6Y,2,13.29349217302314,3000000
88a182f1-1e9e-11ef-ba10-040e3c016083,0swBNCJBfiIRxmzRREi2,2,16.958861099690957,7800000
88a182f1-1e9e-11ef-ba10-040e3c016083,0u8Rj5YaaYUN05pOqOAe,1,20.094484867336053,6200000
88a182f1-1e9e-11ef-ba10-040e3c016083,1StM5HswzLz3VwD3nnyT,1,26.832911387137393,6800000
88a182f1-1e9e-11ef-ba10-040e3c016083,1SyOX5nLpPbHxF0tRBQe,2,13.031416457253755,8200000
88a182f1-1e9e-11ef-ba10-040e3c016083,1aoYNhwtodvT662nxon8,1,17.152729102543688,7700000
88a182f1-1e9e-11ef-ba10-040e3c016083,1yHlowt1q6F9m5e1837E,3,20.369752688585823,5400000
88a182f1-1e9e-11ef-ba10-040e3c016083,29f1A0i5GzNpGMvUsdae,2,13.279760292603955,5500000
88a182f1-1e9e-11ef-ba10-040e3c016083,29xDwPaXIY0vwCVDSpFG,1,27.65638791942529,7700000
88a182f1-1e9e-11ef-ba10-040e3c016083,2yyZFyn41qMQCMFGFqPj,2,14.018515907416363,3600000
88a182f1-1e9e-11ef-ba10-040e3c016083,39GFiLtd7VrHOoUsPrWz,3,11.626759623193333,6500000
88a182f1-1e9e-11ef-ba10-040e3c016083,3UXclQQjPqZn3o67SOso,1,12.975392009628287,6300000
88a182f1-1e9e-11ef-ba10-040e3c016083,3dpZxuBBaJpStfsVfJNY,1,15.32805472163964,5400000
88a182f1-1e9e-11ef-ba10-040e3c016083,3gz1rLyC62cNtSbledms,1,19.459941414828336,2400000
88a182f1-1e9e-11ef-ba10-040e3c016083,3uSI9UGP8KkdYWscHC51,3,20.11973938993375,3000000
88a182f1-1e9e-11ef-ba10-040e3c016083,4FIYxwtacJ4rbVYkcG9k,1,15.165161493316747,3000000
88a182f1-1e9e-11ef-ba10-040e3c016083,4tgeNGivKygg6R8R1JCZ,3,13.841922813710179,7500000
88a182f1-1e9e-11ef-ba10-040e3c016083,4wI60GtouIZvd2HIFhIh,3,9.720083827037408,2500000
88a182f1-1e9e-11ef-ba10-040e3c016083,4yvz9glBBrXWmDuMQaEB,3,10.957351063237438,7100000
88a182f1-1e9e-11ef-ba10-040e3c016083,5FdOq5z7Ehjvtfnp7I24,1,18.660953252030527,4800000
88a182f1-1e9e-11ef-ba10-040e3c016083,5PzoM1qR3LW9T4RnwYxs,2,27.65638791942529,8000000
88a182f1-1e9e-11ef-ba10-040e3c016083,5ZbvLzrN6CtpKjGuaOJf,3,19.947734423256488,6000000
88a182f1-1e9e-11ef-ba10-040e3c016083,6iUK9Lno6nd0ky8WHhvQ,2,13.294650917456298,5900001
88a182f1-1e9e-11ef-ba10-040e3c016083,78ooDgz5bkVfTAVLHQ4b,1,18.25429869243339,6500000
88a182f1-1e9e-11ef-ba10-040e3c016083,7GLCseg2wkvweqXP2FZq,2,16.958861099690957,7000000
88a182f1-1e9e-11ef-ba10-040e3c016083,7Hhgg4USykrF2WYAMq4h,1,20.949274440375145,6500000
88a182f1-1e9e-11ef-ba10-040e3c016083,7rqFEphDcFf17Y9Mxr0b,2,22.9993888109159,8700000
88a182f1-1e9e-11ef-ba10-040e3c016083,8A2GXme5EJMUCi2K6oOl,1,27.65638791942529,8000000
88a182f1-1e9e-11ef-ba10-040e3c016083,8Bc7Usq9diqSmj9mOrJE,3,30,5000000
88a182f1-1e9e-11ef-ba10-040e3c016083,8L04W3da0mdrL2eVBvmP,1,15.165161493316747,5000000
88a182f1-1e9e-11ef-ba10-040e3c016083,98hNZmMHWBjj7uPZeK2B,2,13.294650917456298,8000000
88a182f1-1e9e-11ef-ba10-040e3c016083,AL5cL8tJ5WDcRQqjiWfq,1,13.294650917456298,6200000
88a182f1-1e9e-11ef-ba10-040e3c016083,AcKonDcKbBd9srJ8kJrT,3,13.243033528593449,6000000
88a182f1-1e9e-11ef-ba10-040e3c016083,B4ItVZxVAylYJmxfBLM4,3,19.69166872423989,3000000
88a182f1-1e9e-11ef-ba10-040e3c016083,BGLRJW546SxNnhOCma2F,3,25.111098307586555,8400000
88a182f1-1e9e-11ef-ba10-040e3c016083,CsAuzfyhqdeRmO5EwHMo,1,16.723056089350578,5000000
88a182f1-1e9e-11ef-ba10-040e3c016083,CzeJRpKSJJPd0u93Jl5X,1,15.514448997129415,4000000
88a182f1-1e9e-11ef-ba10-040e3c016083,D2yQi0OGpEg9lXe4paHN,3,22.9993888109159,8700000
88a182f1-1e9e-11ef-ba10-040e3c016083,DfYJgwxYNnaqctVFX6Fx,2,16.958861099690957,8500000
88a182f1-1e9e-11ef-ba10-040e3c016083,Dzxsk6CNw2s06qhm42qO,2,18.446293146916286,3700000
88a182f1-1e9e-11ef-ba10-040e3c016083,E66qoWthZdknSpsDyuyC,1,19.459941414828336,2400000
88a182f1-1e9e-11ef-ba10-040e3c016083,ED7u2sENb7U8qM3P3Zev,1,18.446293146916286,3700000
88a182f1-1e9e-11ef-ba10-040e3c016083,EPXHkQqzRGCapf2a4ki8,1,16.52154645329717,6300000
88a182f1-1e9e-11ef-ba10-040e3c016083,EZTxqwMDBfEDxNqhtEbR,2,13.766544917025113,5300000
88a182f1-1e9e-11ef-ba10-040e3c016083,EwBTbTCGOWoBb1EbEEEW,3,18.844267877064606,2000000
88a182f1-1e9e-11ef-ba10-040e3c016083,F0cscj5XTHKgU57T8bhy,1,10.01046684942214,5300000
88a182f1-1e9e-11ef-ba10-040e3c016083,FCAEPJQWscGwnzRM4jUi,2,14.410938200898402,3500000
88a182f1-1e9e-11ef-ba10-040e3c016083,FnjUu83KXaLi2vhAcoeQ,3,13.972272383208555,6700000
88a182f1-1e9e-11ef-ba10-040e3c016083,GAuaI0SSPTNV0vN3he09,1,16.958861099690957,6500000
88a182f1-1e9e-11ef-ba10-040e3c016083,GV265joouF79qk7lErIx,3,6.0711941954381645,6200000
88a182f1-1e9e-11ef-ba10-040e3c016083,GbJK7QiT6cppBPTDVOsf,2,16.958861099690957,7100000
88a182f1-1e9e-11ef-ba10-040e3c016083,HJOHvRsAWlzWEbzHM8Px,3,13.585587964399533,5700000
88a182f1-1e9e-11ef-ba10-040e3c016083,HpJd2w8HYj0xl3v7JlKQ,2,18.660953252030527,4800000
88a182f1-1e9e-11ef-ba10-040e3c016083,I6IQ4iHVuTTPucUoHPln,2,14.05049660391059,7700000
88a182f1-1e9e-11ef-ba10-040e3c016083,IYC5QeWKNbr5XlyWhaJt,3,18.680139655903833,4300000
88a182f1-1e9e-11ef-ba10-040e3c016083,JFG5PCdrQLeNRCRr0zZu,3,16.334603729146618,8100000
88a182f1-1e9e-11ef-ba10-040e3c016083,JaCMElOyhlt8jDstvajY,1,13.031416457253755,8200000
88a182f1-1e9e-11ef-ba10-040e3c016083,KRSxQrWPsnzn9E9AZd8K,3,18.194716353570783,8200000
88a182f1-1e9e-11ef-ba10-040e3c016083,KVctgJrJINLUizdlOU0Z,1,18.844267877064606,2000000
88a182f1-1e9e-11ef-ba10-040e3c016083,KkE7H2hNrFq8hODowTnY,3,23.331250583626872,6000000
88a182f1-1e9e-11ef-ba10-040e3c016083,L3w3AFkJn0qxyROAD77a,3,15.476409773660587,4200000
88a182f1-1e9e-11ef-ba10-040e3c016083,LIB3o9pkiZiNMiZ3NiMB,1,16.958861099690957,6100000
88a182f1-1e9e-11ef-ba10-040e3c016083,LM4qnEwdhXUKncNI35L6,2,16.958861099690957,6000000
88a182f1-1e9e-11ef-ba10-040e3c016083,LukiqvE5zaxZeobZVY6O,3,15.165161493316747,5000000
88a182f1-1e9e-11ef-ba10-040e3c016083,M6NxlWupOJfZ0jPp7Lk6,1,13.294650917456298,5500000
88a182f1-1e9e-11ef-ba10-040e3c016083,MqNmUpgJfx7sPUtFiash,1,17.90108453221184,5000000
88a182f1-1e9e-11ef-ba10-040e3c016083,N6vVpQ9M5APipqlVL7aL,2,17.080480024986493,4400000
88a182f1-1e9e-11ef-ba10-040e3c016083,No0cbw2NKa76fILSeXUD,1,17.415054391604073,8200000
88a182f1-1e9e-11ef-ba10-040e3c016083,O1kmuvjKTk2eAW2xpw7e,3,20.949274440375145,6500000
88a182f1-1e9e-11ef-ba10-040e3c016083,O6s95SMQC0aJyZqBeZm7,3,11.835483275854655,8600000
88a182f1-1e9e-11ef-ba10-040e3c016083,OBPIg9ZLeN4Coifrye0W,3,17.793161961054214,5500000
88a182f1-1e9e-11ef-ba10-040e3c016083,OkWvDHMqAs83XCAPcdO2,2,9.803635390337163,6600000
88a182f1-1e9e-11ef-ba10-040e3c016083,PCOUS8KZR0Ph13BLzrPR,2,23.331250583626872,5500000
88a182f1-1e9e-11ef-ba10-040e3c016083,PJmi4oBrIyQw8hxN45jY,3,20.42981207151064,8500000
88a182f1-1e9e-11ef-ba10-040e3c016083,Pae60dySd6ixwSyE6NUv,3,23.331250583626872,6000000
88a182f1-1e9e-11ef-ba10-040e3c016083,PdMUfYqBBfdZQvl3ZmDF,2,24.292008432886202,6700000
88a182f1-1e9e-11ef-ba10-040e3c016083,PdUlTnzmgcRd3I0O0Kje,2,16.958861099690957,6000000
88a182f1-1e9e-11ef-ba10-040e3c016083,Q2pUi1iaYkUXp2V0PhTA,3,27.65638791942529,8000000
88a182f1-1e9e-11ef-ba10-040e3c016083,Qux3ZMgibJarc4CfCo4L,3,13.305507417286913,7500000
88a182f1-1e9e-11ef-ba10-040e3c016083,Quyw1yoMf6oeAsf4ei82,1,17.152729102543688,7700000
88a182f1-1e9e-11ef-ba10-040e3c016083,Qx8Dx7hkNehsP8Ec5yA5,3,17.415054391604073,8200000
88a182f1-1e9e-11ef-ba10-040e3c016083,QypCz2qv29dQlcX4LTcc,2,20.08808255160559,8300000
88a182f1-1e9e-11ef-ba10-040e3c016083,R59acpMZGr8IcIHo8yCh,2,18.680139655903833,4300000
88a182f1-1e9e-11ef-ba10-040e3c016083,R6eT9AxLMT7KF2Sv9QaG,2,12.956580546577415,3500000
88a182f1-1e9e-11ef-ba10-040e3c016083,RfsuLJPMPj0snX0ihLjn,3,17.152729102543688,7700000
88a182f1-1e9e-11ef-ba10-040e3c016083,RgEunQB3QDn719ailYkj,3,20.094484867336053,6200000
88a182f1-1e9e-11ef-ba10-040e3c016083,Rwgf8cjLEEGUA7EEVKtf,2,16.958861099690957,8500000
88a182f1-1e9e-11ef-ba10-040e3c016083,S8D4ROZ1LivtKSbdYpSv,3,16.334603729146618,8100000
88a182f1-1e9e-11ef-ba10-040e3c016083,TCmSxtvfpzAI9Kyhydzr,3,30,5000000
88a182f1-1e9e-11ef-ba10-040e3c016083,TNWiPAcmdfDmmLebrmIu,1,16.958861099690957,6000000
88a182f1-1e9e-11ef-ba10-040e3c016083,TY1HhU1covRwD7TN2VTh,3,9.803635390337163,6600000
88a182f1-1e9e-11ef-ba10-040e3c016083,TeqpLgdC4vf6Q9gmKXsP,3,13.585587964399533,5700000
88a182f1-1e9e-11ef-ba10-040e3c016083,TfYJzXYE1bvRUKUcugAb,3,18.1052395166654,4000000
88a182f1-1e9e-11ef-ba10-040e3c016083,URdWYFi04GTO7rIodoAc,1,20.11973938993375,4300000
88a182f1-1e9e-11ef-ba10-040e3c016083,Uj3qeGrJBrEwAEu0W2iu,3,18.117320982796066,7200000
88a182f1-1e9e-11ef-ba10-040e3c016083,V47fq1hBC1HWjH7NROGy,2,16.958861099690957,6100000
88a182f1-1e9e-11ef-ba10-040e3c016083,VBu1kQ3PymLBAOsgCg4Q,3,16.958861099690957,7000000
88a182f1-1e9e-11ef-ba10-040e3c016083,VIYbdeLQYy78mkbzvt3S,3,16.958861099690957,7000000
88a182f1-1e9e-11ef-ba10-040e3c016083,VVqpULhyUfjXpEAU8uBf,1,15.514448997129415,6500000
88a182f1-1e9e-11ef-ba10-040e3c016083,WD9xJz2lRxRfhUGf7Yy6,2,23.331250583626872,5200000
88a182f1-1e9e-11ef-ba10-040e3c016083,X3qNwAFynzgskrzR0qUZ,3,13.294650917456298,6000000
88a182f1-1e9e-11ef-ba10-040e3c016083,X9UpWqtaybMjsu2Lm8Xk,1,15.514448997129415,6500000
88a182f1-1e9e-11ef-ba10-040e3c016083,XMabSiGhdNfstta0Yium,2,18.96257124682616,4500000
88a182f1-1e9e-11ef-ba10-040e3c016083,XbipMOI4lDgqW6kCV1kk,1,30,4500000
88a182f1-1e9e-11ef-ba10-040e3c016083,XzLiRrgyVHW4JsJ8c0Hc,3,17.212918417491984,5000000
88a182f1-1e9e-11ef-ba10-040e3c016083,YLspABuzKu9k1xgc6Cfj,3,15.32805472163964,5400000
88a182f1-1e9e-11ef-ba10-040e3c016083,YcqP9jtrc1uvhxsEP2N9,3,16.958861099690957,7100000
88a182f1-1e9e-11ef-ba10-040e3c016083,YdjFGRRUjacJCU9lp7QL,2,18.96257124682616,4500000
88a182f1-1e9e-11ef-ba10-040e3c016083,YnPRgwM3K736kEyjGqPZ,3,16.958861099690957,8500000
88a182f1-1e9e-11ef-ba10-040e3c016083,YoqUAe9srafQLwUMGXTM,2,19.211584858485356,5700000
88a182f1-1e9e-11ef-ba10-040e3c016083,Zu7VT3CEOweTOwLKpQMK,1,15.192107311849618,3200000
88a182f1-1e9e-11ef-ba10-040e3c016083,a1XaaEcggSPSjH7x3M1N,2,13.279760292603955,4000000
88a182f1-1e9e-11ef-ba10-040e3c016083,afc5kIbTL7X9Ip4cz7fF,1,16.958861099690957,7000000
88a182f1-1e9e-11ef-ba10-040e3c016083,avUBZXqNogvbbayyGUh6,1,8.515535514930994,6800000
88a182f1-1e9e-11ef-ba10-040e3c016083,avyOiCvR4sU3DDjWH8ge,3,8.795729677380395,6700000
88a182f1-1e9e-11ef-ba10-040e3c016083,bCX7vkW5T3eSDEGTQbg1,2,15.282950036526083,5000000
88a182f1-1e9e-11ef-ba10-040e3c016083,bHUoj2xkuI4gY30OdjdM,3,18.54748089071975,4000000
88a182f1-1e9e-11ef-ba10-040e3c016083,bUIQWkMPdyZ1uzVrKCnc,2,13.305507417286913,7500000
88a182f1-1e9e-11ef-ba10-040e3c016083,bXNDqZT3fXRRBk661akG,1,30,7000000
88a182f1-1e9e-11ef-ba10-040e3c016083,c292g4ic0e6lJgIWX1QH,1,11.626759623193333,6500000
88a182f1-1e9e-11ef-ba10-040e3c016083,d0DxGTKfPQA04Gakw6OF,2,20.369752688585823,5400000
88a182f1-1e9e-11ef-ba10-040e3c016083,dBgp9eBweTw75LV2tSR6,1,14.275128571652768,2800000
88a182f1-1e9e-11ef-ba10-040e3c016083,dv4XdgHVlZcJtOebPA8Q,1,14.018515907416363,3600000
88a182f1-1e9e-11ef-ba10-040e3c016083,dyABpC7CFuHsWxf5DAyN,1,15.514448997129415,6500000
88a182f1-1e9e-11ef-ba10-040e3c016083,e0PgpVCcAWreswsEv0Jq,1,13.243033528593449,6000000
88a182f1-1e9e-11ef-ba10-040e3c016083,eJDPRHHinhFgyBZrjGGq,2,16.37985265840344,3600000
88a182f1-1e9e-11ef-ba10-040e3c016083,eUMXmCuLlMMmdMQpXFQJ,2,5.840473868784077,8000000
88a182f1-1e9e-11ef-ba10-040e3c016083,ea1FDgQB4zoUegWl32ya,2,13.279760292603955,4000000
88a182f1-1e9e-11ef-ba10-040e3c016083,epOSoWYY55L4QeLeBxyV,2,8.795729677380395,7000000
88a182f1-1e9e-11ef-ba10-040e3c016083,f4FupO5Vb3JYf936r0Nw,3,16.958861099690957,3500000
88a182f1-1e9e-11ef-ba10-040e3c016083,fMBPtUSiBqAcQOk32RR8,3,20.02001042376786,2000000
88a182f1-1e9e-11ef-ba10-040e3c016083,fYOnAKdKtZkgQrFfVuXW,2,18.96257124682616,4500000
88a182f1-1e9e-11ef-ba10-040e3c016083,fwZ4pXRydP9iaCD9N1G7,2,13.733607784794922,5000000
88a182f1-1e9e-11ef-ba10-040e3c016083,gvbZ45x7DWLtPmvK8oVz,2,24.292008432886202,5000000
88a182f1-1e9e-11ef-ba10-040e3c016083,hBAOBVv4CR9d6bkGZCzc,1,30,5000000
88a182f1-1e9e-11ef-ba10-040e3c016083,hECdNPaBAfZ89HNs3l9h,3,17.532536972170355,7500000
88a182f1-1e9e-11ef-ba10-040e3c016083,hEFwZXthqMfupnAcmJ2t,2,13.972272383208555,6700000
88a182f1-1e9e-11ef-ba10-040e3c016083,hXpH041I8oRihgAHxmj5,3,13.29349217302314,3800000
88a182f1-1e9e-11ef-ba10-040e3c016083,hYW58tBxFoZ9zsaJubqY,3,26.45084848752975,6000000
88a182f1-1e9e-11ef-ba10-040e3c016083,hjFiktzdojENxE0zgyds,2,15.476409773660587,4200000
88a182f1-1e9e-11ef-ba10-040e3c016083,hu9hrvL8MsVnBlTQMPzw,3,15.449056606977809,3500000
88a182f1-1e9e-11ef-ba10-040e3c016083,i5XIQyawjhlTTUxeyITS,1,12.956580546577415,5500000
88a182f1-1e9e-11ef-ba10-040e3c016083,imGVWUTfam1MgYO5c282,1,18.683873545154363,6500000
88a182f1-1e9e-11ef-ba10-040e3c016083,j74I7sAno4NwrQpS752a,2,18.1052395166654,4000000
88a182f1-1e9e-11ef-ba10-040e3c016083,jX5SZGw0ODmmWUOwHchZ,3,18.194716353570783,8200000
88a182f1-1e9e-11ef-ba10-040e3c016083,k2PZ5odV85GDWTpXUIkc,1,19.472866218443247,2100000
88a182f1-1e9e-11ef-ba10-040e3c016083,kHOd3ZfUXgcQ1cvhlNi4,2,15.165161493316747,3000000
88a182f1-1e9e-11ef-ba10-040e3c016083,kdvwjgxBrGzeMZFK4HxI,1,13.294650917456298,5500000
88a182f1-1e9e-11ef-ba10-040e3c016083,klXFM7EzvnkEUJk1NzPo,3,19.472866218443247,2100000
88a182f1-1e9e-11ef-ba10-040e3c016083,lCRJoJsp2BkBn4VAxSG6,2,25.111098307586555,8400000
88a182f1-1e9e-11ef-ba10-040e3c016083,lHtIzGxgadpcI2SH2MXD,2,17.696471859767602,5500000
88a182f1-1e9e-11ef-ba10-040e3c016083,mNdE6mQ3mVdYt23lgTmX,3,17.212918417491984,5000000
88a182f1-1e9e-11ef-ba10-040e3c016083,mONPfAYVYW7kEuk920qW,2,13.766544917025113,5300000
88a182f1-1e9e-11ef-ba10-040e3c016083,mq0X1B9uobOVM4CWZf4q,1,30,4500000
88a182f1-1e9e-11ef-ba10-040e3c016083,n1OjfWW29Zj73gH14gY8,3,16.02962163484847,3700000
88a182f1-1e9e-11ef-ba10-040e3c016083,nMJnm3BvKnte1bdx6NTF,3,14.26432806257048,8100000
88a182f1-1e9e-11ef-ba10-040e3c016083,nRI0z3n3ZL6SG9nmTh2V,1,23.331250583626872,5200000
88a182f1-1e9e-11ef-ba10-040e3c016083,naug2BVkWVGo928BNdsQ,3,20.949274440375145,6500000
88a182f1-1e9e-11ef-ba10-040e3c016083,o2uRjiWu7x9y66w54ZKI,1,16.24605772926998,6300000
88a182f1-1e9e-11ef-ba10-040e3c016083,oNOYrpRfzrG5y1lVllsF,3,16.958861099690957,8500000
88a182f1-1e9e-11ef-ba10-040e3c016083,oZhFXIopaf9e2g0Ho4W2,1,18.095904501327713,6400000
88a182f1-1e9e-11ef-ba10-040e3c016083,ohl0N2ZNHgIFHRyRm5JF,2,20.150678783483425,3800000
88a182f1-1e9e-11ef-ba10-040e3c016083,olWZl8WOq8rAQ5XopzjV,2,20.150678783483425,3800000
88a182f1-1e9e-11ef-ba10-040e3c016083,ozd4DNbt4QbNcC64quxB,1,16.958861099690957,4500000
88a182f1-1e9e-11ef-ba10-040e3c016083,q3rhJlWyZN10raxxtvHV,3,30,5000000
88a182f1-1e9e-11ef-ba10-040e3c016083,qcY2zCPIXeGeBNZMxAgs,1,15.760873057036815,3800000
88a182f1-1e9e-11ef-ba10-040e3c016083,rCVVZfC4uvfut3YgpCBH,3,17.41122000511442,5500000
88a182f1-1e9e-11ef-ba10-040e3c016083,rQPZSWKNWgFGb5t7WxTm,3,17.780217357999323,5100000
88a182f1-1e9e-11ef-ba10-040e3c016083,s8JgUAuPWgNG4zQUNeGU,1,13.294650917456298,5500000
88a182f1-1e9e-11ef-ba10-040e3c016083,sa6P3ZiFd5t1Wu7RNXOH,3,8.795729677380395,7000000
88a182f1-1e9e-11ef-ba10-040e3c016083,sqPzwUiSvMMX3lLmd2B2,3,16.958861099690957,8500000
88a182f1-1e9e-11ef-ba10-040e3c016083,t1pycrNs36UteM5AUtLG,1,20.11973938993375,3000000
88a182f1-1e9e-11ef-ba10-040e3c016083,t8wI7QAD1RSmc54UPRq1,1,19.55640992404719,7000000
88a182f1-1e9e-11ef-ba10-040e3c016083,tF53XYMNMd4QJxtMsF2h,3,16.958861099690957,7300000
88a182f1-1e9e-11ef-ba10-040e3c016083,txDz7IbKccW2ZXYMsg5k,1,16.958861099690957,6500000
88a182f1-1e9e-11ef-ba10-040e3c016083,uF7XsTghoGs3mEpsckOR,2,18.96257124682616,4500000
88a182f1-1e9e-11ef-ba10-040e3c016083,uI3USCYdTBVnRHfbolgt,2,19.69166872423989,3000000
88a182f1-1e9e-11ef-ba10-040e3c016083,ubOhCaldtZ2NGNZSzl8S,2,15.32805472163964,5400000
88a182f1-1e9e-11ef-ba10-040e3c016083,udsIIuHdOHojPr3mOjc2,2,13.390741889663136,5800000
88a182f1-1e9e-11ef-ba10-040e3c016083,unwKz0xY03RmO5OxTjtC,3,12.0175547261562,7200000
88a182f1-1e9e-11ef-ba10-040e3c016083,urT2a8ldifgBYedGmUmd,2,17.080480024986493,4400000
88a182f1-1e9e-11ef-ba10-040e3c016083,vRY5BQ2hWJbFgYHPGK74,2,16.958861099690957,8500000
88a182f1-1e9e-11ef-ba10-040e3c016083,vkrJ5cP2ZtqwNjfTi7aG,3,20.11973938993375,3000000
88a182f1-1e9e-11ef-ba10-040e3c016083,vvMl58AkIxJqFjrtMczu,2,23.331250583626872,6000000
88a182f1-1e9e-11ef-ba10-040e3c016083,vvq3pFbrLrQKJ5c0NVa0,2,13.00784161495152,1500000
88a182f1-1e9e-11ef-ba10-040e3c016083,wkcpTkzsdCUB0WddZHtL,3,9.720083827037408,2500000
88a182f1-1e9e-11ef-ba10-040e3c016083,ww8LMVceitSrTSvdEVz4,1,13.294650917456298,6000000
88a182f1-1e9e-11ef-ba10-040e3c016083,xMvYNHdXNLjVYEpMwDkj,1,13.279760292603955,5500000
88a182f1-1e9e-11ef-ba10-040e3c016083,xPHcHlh7noyKSUN3GOLN,3,16.958861099690957,7000000
88a182f1-1e9e-11ef-ba10-040e3c016083,xr2zLfe7460vEJHfL1R6,3,18.25429869243339,6500000
88a182f1-1e9e-11ef-ba10-040e3c016083,xxu0VIwsrPiKsfmv3Cjt,1,25.232168925636042,6500000
88a182f1-1e9e-11ef-ba10-040e3c016083,y7JrAjqTeLN3yELPKIlC,3,10.900921390769438,7500000
88a182f1-1e9e-11ef-ba10-040e3c016083,yGOblFsjdzUPur7dzOMP,3,18.25429869243339,6500000
88a182f1-1e9e-11ef-ba10-040e3c016083,yINcUBiwI7ibtlOK1pbm,3,14.249850643548802,6300000
88a182f1-1e9e-11ef-ba10-040e3c016083,yKVlk54uje47thOdLLBg,2,11.626759623193333,6500000
88a182f1-1e9e-11ef-ba10-040e3c016083,yPyyB4MYfMYx6MsvHBLl,3,19.221052063808305,6200000
88a182f1-1e9e-11ef-ba10-040e3c016083,yzYp9L1VvPieCHrHV78y,3,12.975392009628287,6300000
88a182f1-1e9e-11ef-ba10-040e3c016083,zR6WxlgEf2RKQFDyoJwl,1,16.02962163484847,3700000
88a182f1-1e9e-11ef-ba10-040e3c016083,zwhKkfA7skECX5ZDgWvj,1,18.25429869243339,1000000
8e1d1b32-1e9e-11ef-9066-040e3c016083,0RsXIpTxYxbkD1ef7nCF,5,4.612559546875025,3000000
8e1d1b32-1e9e-11ef-9066-040e3c016083,0ibitfDjJNvgIx7vCd6Y,2,5.5136436042350825,5000000
8e1d1b32-1e9e-11ef-9066-040e3c016083,0swBNCJBfiIRxmzRREi2,10,1.0770014632068283,200000
8e1d1b32-1e9e-11ef-9066-040e3c016083,0u8Rj5YaaYUN05pOqOAe,2,5.44844881271462,1800000
8e1d1b32-1e9e-11ef-9066-040e3c016083,1StM5HswzLz3VwD3nnyT,2,11.062603437373031,1200000
8e1d1b32-1e9e-11ef-9066-040e3c016083,1SyOX5nLpPbHxF0tRBQe,1,9.844505077240994,200000
8e1d1b32-1e9e-11ef-9066-040e3c016083,1aoYNhwtodvT662nxon8,8,4.594461701288421,300000
8e1d1b32-1e9e-11ef-9066-040e3c016083,1yHlowt1q6F9m5e1837E,5,3.500587749810271,2600000
8e1d1b32-1e9e-11ef-9066-040e3c016083,29f1A0i5GzNpGMvUsdae,5,4.847215643783665,2500000
8e1d1b32-1e9e-11ef-9066-040e3c016083,29xDwPaXIY0vwCVDSpFG,4,11.161423273833568,300000
8e1d1b32-1e9e-11ef-9066-040e3c016083,2yyZFyn41qMQCMFGFqPj,4,4.590092551485079,4400000
8e1d1b32-1e9e-11ef-9066-040e3c016083,39GFiLtd7VrHOoUsPrWz,3,6.895081670944763,1500000
8e1d1b32-1e9e-11ef-9066-040e3c016083,3UXclQQjPqZn3o67SOso,5,4.788215581963904,1700000
8e1d1b32-1e9e-11ef-9066-040e3c016083,3dpZxuBBaJpStfsVfJNY,2,3.194469269383333,2600000
8e1d1b32-1e9e-11ef-9066-040e3c016083,3gz1rLyC62cNtSbledms,5,2.961859556133145,5600000
8e1d1b32-1e9e-11ef-9066-040e3c016083,3uSI9UGP8KkdYWscHC51,2,5.344045171332043,5000000
8e1d1b32-1e9e-11ef-9066-040e3c016083,4FIYxwtacJ4rbVYkcG9k,5,4.612559546875025,5000000
8e1d1b32-1e9e-11ef-9066-040e3c016083,4tgeNGivKygg6R8R1JCZ,6,3.849273858687263,500000
8e1d1b32-1e9e-11ef-9066-040e3c016083,4wI60GtouIZvd2HIFhIh,2,9.899557031922255,5500000
8e1d1b32-1e9e-11ef-9066-040e3c016083,4yvz9glBBrXWmDuMQaEB,2,7.152468950931739,900000
8e1d1b32-1e9e-11ef-9066-040e3c016083,5FdOq5z7Ehjvtfnp7I24,2,5.131595627780778,3200000
8e1d1b32-1e9e-11ef-9066-040e3c016083,5PzoM1qR3LW9T4RnwYxs,2,11.161423273833568,0
8e1d1b32-1e9e-11ef-9066-040e3c016083,5ZbvLzrN6CtpKjGuaOJf,5,3.23109631870752,2000000
8e1d1b32-1e9e-11ef-9066-040e3c016083,6iUK9Lno6nd0ky8WHhvQ,1,8.208622154057897,2099999
8e1d1b32-1e9e-11ef-9066-040e3c016083,78ooDgz5bkVfTAVLHQ4b,2,4.456152133133975,1500000
8e1d1b32-1e9e-11ef-9066-040e3c016083,7GLCseg2wkvweqXP2FZq,4,1.0770014632068283,1000000
8e1d1b32-1e9e-11ef-9066-040e3c016083,7Hhgg4USykrF2WYAMq4h,5,4.663795729721394,1500000
8e1d1b32-1e9e-11ef-9066-040e3c016083,7rqFEphDcFf17Y9Mxr0b,2,6.249053822912082,700000
8e1d1b32-1e9e-11ef-9066-040e3c016083,8A2GXme5EJMUCi2K6oOl,4,11.161423273833568,0
8e1d1b32-1e9e-11ef-9066-040e3c016083,8Bc7Usq9diqSmj9mOrJE,3,30,3000000
8e1d1b32-1e9e-11ef-9066-040e3c016083,8L04W3da0mdrL2eVBvmP,4,4.612559546875025,3000000
8e1d1b32-1e9e-11ef-9066-040e3c016083,98hNZmMHWBjj7uPZeK2B,5,8.208622154057897,0
8e1d1b32-1e9e-11ef-9066-040e3c016083,AL5cL8tJ5WDcRQqjiWfq,3,8.208622154057897,1800000
8e1d1b32-1e9e-11ef-9066-040e3c016083,AcKonDcKbBd9srJ8kJrT,3,6.162077252479887,2000000
8e1d1b32-1e9e-11ef-9066-040e3c016083,B4ItVZxVAylYJmxfBLM4,4,2.3871063458036996,5000000
8e1d1b32-1e9e-11ef-9066-040e3c016083,BGLRJW546SxNnhOCma2F,2,11.551919195963556,400000
8e1d1b32-1e9e-11ef-9066-040e3c016083,CsAuzfyhqdeRmO5EwHMo,5,2.986485981573519,3000000
8e1d1b32-1e9e-11ef-9066-040e3c016083,CzeJRpKSJJPd0u93Jl5X,3,2.6106615820556844,4000000
8e1d1b32-1e9e-11ef-9066-040e3c016083,D2yQi0OGpEg9lXe4paHN,4,6.249053822912082,700000
8e1d1b32-1e9e-11ef-9066-040e3c016083,DfYJgwxYNnaqctVFX6Fx,6,1.0770014632068283,500000
8e1d1b32-1e9e-11ef-9066-040e3c016083,Dzxsk6CNw2s06qhm42qO,4,2.0075144644608027,4300000
8e1d1b32-1e9e-11ef-9066-040e3c016083,E66qoWthZdknSpsDyuyC,2,2.961859556133145,5600000
8e1d1b32-1e9e-11ef-9066-040e3c016083,ED7u2sENb7U8qM3P3Zev,5,2.0075144644608027,4300000
8e1d1b32-1e9e-11ef-9066-040e3c016083,EPXHkQqzRGCapf2a4ki8,4,1.429611774529988,1700000
8e1d1b32-1e9e-11ef-9066-040e3c016083,EZTxqwMDBfEDxNqhtEbR,2,4.743266833371996,2700000
8e1d1b32-1e9e-11ef-9066-040e3c016083,EwBTbTCGOWoBb1EbEEEW,2,3.4868710532240765,6000000
8e1d1b32-1e9e-11ef-9066-040e3c016083,F0cscj5XTHKgU57T8bhy,1,8.09415175166085,2700000
8e1d1b32-1e9e-11ef-9066-040e3c016083,FCAEPJQWscGwnzRM4jUi,2,4.989509909818885,4500000
8e1d1b32-1e9e-11ef-9066-040e3c016083,FnjUu83KXaLi2vhAcoeQ,3,5.463591905639058,1300000
8e1d1b32-1e9e-11ef-9066-040e3c016083,GAuaI0SSPTNV0vN3he09,5,1.0770014632068283,1500000
8e1d1b32-1e9e-11ef-9066-040e3c016083,GV265joouF79qk7lErIx,3,21.252966848428702,1800000
8e1d1b32-1e9e-11ef-9066-040e3c016083,GbJK7QiT6cppBPTDVOsf,8,1.0770014632068283,900000
8e1d1b32-1e9e-11ef-9066-040e3c016083,HJOHvRsAWlzWEbzHM8Px,2,8.43212321484835,2300000
8e1d1b32-1e9e-11ef-9066-040e3c016083,HpJd2w8HYj0xl3v7JlKQ,1,5.131595627780778,3200000
8e1d1b32-1e9e-11ef-9066-040e3c016083,I6IQ4iHVuTTPucUoHPln,1,8.59497973907174,300000
8e1d1b32-1e9e-11ef-9066-040e3c016083,IYC5QeWKNbr5XlyWhaJt,5,3.58591445158091,3700000
8e1d1b32-1e9e-11ef-9066-040e3c016083,JFG5PCdrQLeNRCRr0zZu,5,2.038517514532563,100000
8e1d1b32-1e9e-11ef-9066-040e3c016083,JaCMElOyhlt8jDstvajY,4,9.844505077240994,200000
8e1d1b32-1e9e-11ef-9066-040e3c016083,KRSxQrWPsnzn9E9AZd8K,4,7.356713562344472,200000
8e1d1b32-1e9e-11ef-9066-040e3c016083,KVctgJrJINLUizdlOU0Z,2,3.4868710532240765,6000000
8e1d1b32-1e9e-11ef-9066-040e3c016083,KkE7H2hNrFq8hODowTnY,1,5.834067772565684,2000000
8e1d1b32-1e9e-11ef-9066-040e3c016083,L3w3AFkJn0qxyROAD77a,5,2.600982821199622,3800000
8e1d1b32-1e9e-11ef-9066-040e3c016083,LIB3o9pkiZiNMiZ3NiMB,7,1.0770014632068283,1900000
8e1d1b32-1e9e-11ef-9066-040e3c016083,LM4qnEwdhXUKncNI35L6,4,1.0770014632068283,2000000
8e1d1b32-1e9e-11ef-9066-040e3c016083,LukiqvE5zaxZeobZVY6O,5,4.612559546875025,3000000
8e1d1b32-1e9e-11ef-9066-040e3c016083,M6NxlWupOJfZ0jPp7Lk6,3,8.208622154057897,2500000
8e1d1b32-1e9e-11ef-9066-040e3c016083,MqNmUpgJfx7sPUtFiash,5,4.036974039460016,3000000
8e1d1b32-1e9e-11ef-9066-040e3c016083,N6vVpQ9M5APipqlVL7aL,2,2.683367863165969,3600000
8e1d1b32-1e9e-11ef-9066-040e3c016083,No0cbw2NKa76fILSeXUD,7,4.269297321989186,200000
8e1d1b32-1e9e-11ef-9066-040e3c016083,O1kmuvjKTk2eAW2xpw7e,3,4.663795729721394,1500000
8e1d1b32-1e9e-11ef-9066-040e3c016083,O6s95SMQC0aJyZqBeZm7,1,5.852446222707975,600000
8e1d1b32-1e9e-11ef-9066-040e3c016083,OBPIg9ZLeN4Coifrye0W,2,5.141457863316254,2500000
8e1d1b32-1e9e-11ef-9066-040e3c016083,OkWvDHMqAs83XCAPcdO2,1,19.325412432990966,1400000
8e1d1b32-1e9e-11ef-9066-040e3c016083,PCOUS8KZR0Ph13BLzrPR,2,5.834067772565684,2500000
8e1d1b32-1e9e-11ef-9066-040e3c016083,PJmi4oBrIyQw8hxN45jY,4,4.401739229656415,500000
8e1d1b32-1e9e-11ef-9066-040e3c016083,Pae60dySd6ixwSyE6NUv,3,5.834067772565684,2000000
8e1d1b32-1e9e-11ef-9066-040e3c016083,PdMUfYqBBfdZQvl3ZmDF,1,6.630118587224006,1300000
8e1d1b32-1e9e-11ef-9066-040e3c016083,PdUlTnzmgcRd3I0O0Kje,7,1.0770014632068283,2000000
8e1d1b32-1e9e-11ef-9066-040e3c016083,Q2pUi1iaYkUXp2V0PhTA,1,11.161423273833568,0
8e1d1b32-1e9e-11ef-9066-040e3c016083,Qux3ZMgibJarc4CfCo4L,4,5.501466696266778,500000
8e1d1b32-1e9e-11ef-9066-040e3c016083,Quyw1yoMf6oeAsf4ei82,7,4.594461701288421,300000
8e1d1b32-1e9e-11ef-9066-040e3c016083,Qx8Dx7hkNehsP8Ec5yA5,8,4.269297321989186,200000
8e1d1b32-1e9e-11ef-9066-040e3c016083,QypCz2qv29dQlcX4LTcc,5,3.394793192237901,300000
8e1d1b32-1e9e-11ef-9066-040e3c016083,R59acpMZGr8IcIHo8yCh,5,3.58591445158091,3700000
8e1d1b32-1e9e-11ef-9066-040e3c016083,R6eT9AxLMT7KF2Sv9QaG,5,4.71239626919455,4500000
8e1d1b32-1e9e-11ef-9066-040e3c016083,RfsuLJPMPj0snX0ihLjn,8,4.594461701288421,300000
8e1d1b32-1e9e-11ef-9066-040e3c016083,RgEunQB3QDn719ailYkj,2,5.44844881271462,1800000
8e1d1b32-1e9e-11ef-9066-040e3c016083,Rwgf8cjLEEGUA7EEVKtf,9,1.0770014632068283,500000
8e1d1b32-1e9e-11ef-9066-040e3c016083,S8D4ROZ1LivtKSbdYpSv,7,2.038517514532563,100000
8e1d1b32-1e9e-11ef-9066-040e3c016083,TCmSxtvfpzAI9Kyhydzr,1,30,3000000
8e1d1b32-1e9e-11ef-9066-040e3c016083,TNWiPAcmdfDmmLebrmIu,5,1.0770014632068283,2000000
8e1d1b32-1e9e-11ef-9066-040e3c016083,TY1HhU1covRwD7TN2VTh,1,19.325412432990966,1400000
8e1d1b32-1e9e-11ef-9066-040e3c016083,TeqpLgdC4vf6Q9gmKXsP,2,8.43212321484835,2300000
8e1d1b32-1e9e-11ef-9066-040e3c016083,TfYJzXYE1bvRUKUcugAb,6,1.474565435155976,4000000
8e1d1b32-1e9e-11ef-9066-040e3c016083,URdWYFi04GTO7rIodoAc,3,5.344045171332043,3700000
8e1d1b32-1e9e-11ef-9066-040e3c016083,Uj3qeGrJBrEwAEu0W2iu,4,7.69482884364899,800000
8e1d1b32-1e9e-11ef-9066-040e3c016083,V47fq1hBC1HWjH7NROGy,4,1.0770014632068283,1900000
8e1d1b32-1e9e-11ef-9066-040e3c016083,VBu1kQ3PymLBAOsgCg4Q,7,1.0770014632068283,1000000
8e1d1b32-1e9e-11ef-9066-040e3c016083,VIYbdeLQYy78mkbzvt3S,6,1.0770014632068283,1000000
8e1d1b32-1e9e-11ef-9066-040e3c016083,VVqpULhyUfjXpEAU8uBf,3,2.6106615820556844,1500000
8e1d1b32-1e9e-11ef-9066-040e3c016083,WD9xJz2lRxRfhUGf7Yy6,2,5.834067772565684,2800000
8e1d1b32-1e9e-11ef-9066-040e3c016083,X3qNwAFynzgskrzR0qUZ,3,8.208622154057897,2000000
8e1d1b32-1e9e-11ef-9066-040e3c016083,X9UpWqtaybMjsu2Lm8Xk,4,2.6106615820556844,1500000
8e1d1b32-1e9e-11ef-9066-040e3c016083,XMabSiGhdNfstta0Yium,3,3.582917403602579,3500000
8e1d1b32-1e9e-11ef-9066-040e3c016083,XbipMOI4lDgqW6kCV1kk,1,30,3500000
8e1d1b32-1e9e-11ef-9066-040e3c016083,XzLiRrgyVHW4JsJ8c0Hc,5,2.268966941937289,3000000
8e1d1b32-1e9e-11ef-9066-040e3c016083,YLspABuzKu9k1xgc6Cfj,3,3.194469269383333,2600000
8e1d1b32-1e9e-11ef-9066-040e3c016083,YcqP9jtrc1uvhxsEP2N9,6,1.0770014632068283,900000
8e1d1b32-1e9e-11ef-9066-040e3c016083,YdjFGRRUjacJCU9lp7QL,5,3.582917403602579,3500000
8e1d1b32-1e9e-11ef-9066-040e3c016083,YnPRgwM3K736kEyjGqPZ,7,1.0770014632068283,500000
8e1d1b32-1e9e-11ef-9066-040e3c016083,YoqUAe9srafQLwUMGXTM,1,8.443439018372406,2300000
8e1d1b32-1e9e-11ef-9066-040e3c016083,Zu7VT3CEOweTOwLKpQMK,5,2.4778163204039796,4800000
8e1d1b32-1e9e-11ef-9066-040e3c016083,a1XaaEcggSPSjH7x3M1N,2,4.847215643783665,4000000
8e1d1b32-1e9e-11ef-9066-040e3c016083,afc5kIbTL7X9Ip4cz7fF,7,1.0770014632068283,1000000
8e1d1b32-1e9e-11ef-9066-040e3c016083,avUBZXqNogvbbayyGUh6,1,9.861347633132995,1200000
8e1d1b32-1e9e-11ef-9066-040e3c016083,avyOiCvR4sU3DDjWH8ge,1,9.283549142003523,1300000
8e1d1b32-1e9e-11ef-9066-040e3c016083,bCX7vkW5T3eSDEGTQbg1,3,3.920510189708125,3000000
8e1d1b32-1e9e-11ef-9066-040e3c016083,bHUoj2xkuI4gY30OdjdM,3,6.944870316897131,4000000
8e1d1b32-1e9e-11ef-9066-040e3c016083,bUIQWkMPdyZ1uzVrKCnc,3,5.501466696266778,500000
8e1d1b32-1e9e-11ef-9066-040e3c016083,bXNDqZT3fXRRBk661akG,2,30,1000000
8e1d1b32-1e9e-11ef-9066-040e3c016083,c292g4ic0e6lJgIWX1QH,3,6.895081670944763,1500000
8e1d1b32-1e9e-11ef-9066-040e3c016083,d0DxGTKfPQA04Gakw6OF,3,3.500587749810271,2600000
8e1d1b32-1e9e-11ef-9066-040e3c016083,dBgp9eBweTw75LV2tSR6,5,4.343071838038118,5200000
8e1d1b32-1e9e-11ef-9066-040e3c016083,dv4XdgHVlZcJtOebPA8Q,4,4.590092551485079,4400000
8e1d1b32-1e9e-11ef-9066-040e3c016083,dyABpC7CFuHsWxf5DAyN,5,2.6106615820556844,1500000
8e1d1b32-1e9e-11ef-9066-040e3c016083,e0PgpVCcAWreswsEv0Jq,2,6.162077252479887,2000000
8e1d1b32-1e9e-11ef-9066-040e3c016083,eJDPRHHinhFgyBZrjGGq,1,5.3149613211343425,11600000
8e1d1b32-1e9e-11ef-9066-040e3c016083,eUMXmCuLlMMmdMQpXFQJ,3,11.881352693972802,0
8e1d1b32-1e9e-11ef-9066-040e3c016083,ea1FDgQB4zoUegWl32ya,5,4.847215643783665,4000000
8e1d1b32-1e9e-11ef-9066-040e3c016083,epOSoWYY55L4QeLeBxyV,1,9.283549142003523,1000000
8e1d1b32-1e9e-11ef-9066-040e3c016083,f4FupO5Vb3JYf936r0Nw,6,1.0770014632068283,4500000
8e1d1b32-1e9e-11ef-9066-040e3c016083,fMBPtUSiBqAcQOk32RR8,5,4.883788214221721,6000000
8e1d1b32-1e9e-11ef-9066-040e3c016083,fYOnAKdKtZkgQrFfVuXW,4,3.582917403602579,3500000
8e1d1b32-1e9e-11ef-9066-040e3c016083,fwZ4pXRydP9iaCD9N1G7,5,4.0389277878251395,3000000
8e1d1b32-1e9e-11ef-9066-040e3c016083,gvbZ45x7DWLtPmvK8oVz,1,6.630118587224006,3000000
8e1d1b32-1e9e-11ef-9066-040e3c016083,hBAOBVv4CR9d6bkGZCzc,1,30,3000000
8e1d1b32-1e9e-11ef-9066-040e3c016083,hECdNPaBAfZ89HNs3l9h,3,9.107509906905745,500000
8e1d1b32-1e9e-11ef-9066-040e3c016083,hEFwZXthqMfupnAcmJ2t,1,5.463591905639058,1300000
8e1d1b32-1e9e-11ef-9066-040e3c016083,hXpH041I8oRihgAHxmj5,2,5.5136436042350825,4200000
8e1d1b32-1e9e-11ef-9066-040e3c016083,hYW58tBxFoZ9zsaJubqY,3,10.797526591230012,2000000
8e1d1b32-1e9e-11ef-9066-040e3c016083,hjFiktzdojENxE0zgyds,2,2.600982821199622,3800000
8e1d1b32-1e9e-11ef-9066-040e3c016083,hu9hrvL8MsVnBlTQMPzw,4,2.3312719360703302,4500000
8e1d1b32-1e9e-11ef-9066-040e3c016083,i5XIQyawjhlTTUxeyITS,3,4.71239626919455,2500000
8e1d1b32-1e9e-11ef-9066-040e3c016083,imGVWUTfam1MgYO5c282,4,2.9126179948064945,1500000
8e1d1b32-1e9e-11ef-9066-040e3c016083,j74I7sAno4NwrQpS752a,7,1.474565435155976,4000000
8e1d1b32-1e9e-11ef-9066-040e3c016083,jX5SZGw0ODmmWUOwHchZ,3,7.356713562344472,200000
8e1d1b32-1e9e-11ef-9066-040e3c016083,k2PZ5odV85GDWTpXUIkc,4,3.6318103807932416,5900000
8e1d1b32-1e9e-11ef-9066-040e3c016083,kHOd3ZfUXgcQ1cvhlNi4,4,4.612559546875025,5000000
8e1d1b32-1e9e-11ef-9066-040e3c016083,kdvwjgxBrGzeMZFK4HxI,2,8.208622154057897,2500000
8e1d1b32-1e9e-11ef-9066-040e3c016083,klXFM7EzvnkEUJk1NzPo,2,3.6318103807932416,5900000
8e1d1b32-1e9e-11ef-9066-040e3c016083,lCRJoJsp2BkBn4VAxSG6,4,11.551919195963556,400000
8e1d1b32-1e9e-11ef-9066-040e3c016083,lHtIzGxgadpcI2SH2MXD,5,1.4685876263063076,2500000
8e1d1b32-1e9e-11ef-9066-040e3c016083,mNdE6mQ3mVdYt23lgTmX,5,2.268966941937289,3000000
8e1d1b32-1e9e-11ef-9066-040e3c016083,mONPfAYVYW7kEuk920qW,5,4.743266833371996,2700000
8e1d1b32-1e9e-11ef-9066-040e3c016083,mq0X1B9uobOVM4CWZf4q,3,30,3500000
8e1d1b32-1e9e-11ef-9066-040e3c016083,n1OjfWW29Zj73gH14gY8,4,3.9629457294833994,4300000
8e1d1b32-1e9e-11ef-9066-040e3c016083,nMJnm3BvKnte1bdx6NTF,5,3.7674880528986394,100000
8e1d1b32-1e9e-11ef-9066-040e3c016083,nRI0z3n3ZL6SG9nmTh2V,2,5.834067772565684,2800000
8e1d1b32-1e9e-11ef-9066-040e3c016083,naug2BVkWVGo928BNdsQ,2,4.663795729721394,1500000
8e1d1b32-1e9e-11ef-9066-040e3c016083,o2uRjiWu7x9y66w54ZKI,5,3.412438253860617,1700000
8e1d1b32-1e9e-11ef-9066-040e3c016083,oNOYrpRfzrG5y1lVllsF,9,1.0770014632068283,500000
8e1d1b32-1e9e-11ef-9066-040e3c016083,oZhFXIopaf9e2g0Ho4W2,4,3.269050161008088,1600000
8e1d1b32-1e9e-11ef-9066-040e3c016083,ohl0N2ZNHgIFHRyRm5JF,3,2.9897716032947876,4200000
8e1d1b32-1e9e-11ef-9066-040e3c016083,olWZl8WOq8rAQ5XopzjV,4,2.9897716032947876,4200000
8e1d1b32-1e9e-11ef-9066-040e3c016083,ozd4DNbt4QbNcC64quxB,6,1.0770014632068283,3500000
8e1d1b32-1e9e-11ef-9066-040e3c016083,q3rhJlWyZN10raxxtvHV,2,30,3000000
8e1d1b32-1e9e-11ef-9066-040e3c016083,qcY2zCPIXeGeBNZMxAgs,2,3.288232191060346,4200000
8e1d1b32-1e9e-11ef-9066-040e3c016083,rCVVZfC4uvfut3YgpCBH,2,4.4935913339635585,2500000
8e1d1b32-1e9e-11ef-9066-040e3c016083,rQPZSWKNWgFGb5t7WxTm,2,4.561505021458958,2900000
8e1d1b32-1e9e-11ef-9066-040e3c016083,s8JgUAuPWgNG4zQUNeGU,1,8.208622154057897,2500000
8e1d1b32-1e9e-11ef-9066-040e3c016083,sa6P3ZiFd5t1Wu7RNXOH,3,9.283549142003523,1000000
8e1d1b32-1e9e-11ef-9066-040e3c016083,sqPzwUiSvMMX3lLmd2B2,9,1.0770014632068283,500000
8e1d1b32-1e9e-11ef-9066-040e3c016083,t1pycrNs36UteM5AUtLG,3,5.344045171332043,5000000
8e1d1b32-1e9e-11ef-9066-040e3c016083,t8wI7QAD1RSmc54UPRq1,4,3.6086233651273507,1000000
8e1d1b32-1e9e-11ef-9066-040e3c016083,tF53XYMNMd4QJxtMsF2h,6,1.0770014632068283,700000
8e1d1b32-1e9e-11ef-9066-040e3c016083,txDz7IbKccW2ZXYMsg5k,5,1.0770014632068283,1500000
8e1d1b32-1e9e-11ef-9066-040e3c016083,uF7XsTghoGs3mEpsckOR,5,3.582917403602579,3500000
8e1d1b32-1e9e-11ef-9066-040e3c016083,uI3USCYdTBVnRHfbolgt,5,2.3871063458036996,5000000
8e1d1b32-1e9e-11ef-9066-040e3c016083,ubOhCaldtZ2NGNZSzl8S,2,3.194469269383333,2600000
8e1d1b32-1e9e-11ef-9066-040e3c016083,udsIIuHdOHojPr3mOjc2,3,4.277106051255401,2200000
8e1d1b32-1e9e-11ef-9066-040e3c016083,unwKz0xY03RmO5OxTjtC,2,7.831937856976485,800000
8e1d1b32-1e9e-11ef-9066-040e3c016083,urT2a8ldifgBYedGmUmd,2,2.683367863165969,3600000
8e1d1b32-1e9e-11ef-9066-040e3c016083,vRY5BQ2hWJbFgYHPGK74,8,1.0770014632068283,500000
8e1d1b32-1e9e-11ef-9066-040e3c016083,vkrJ5cP2ZtqwNjfTi7aG,2,5.344045171332043,5000000
8e1d1b32-1e9e-11ef-9066-040e3c016083,vvMl58AkIxJqFjrtMczu,3,5.834067772565684,2000000
8e1d1b32-1e9e-11ef-9066-040e3c016083,vvq3pFbrLrQKJ5c0NVa0,3,8.690989152969983,6500000
8e1d1b32-1e9e-11ef-9066-040e3c016083,wkcpTkzsdCUB0WddZHtL,3,9.899557031922255,5500000
8e1d1b32-1e9e-11ef-9066-040e3c016083,ww8LMVceitSrTSvdEVz4,2,8.208622154057897,2000000
8e1d1b32-1e9e-11ef-9066-040e3c016083,xMvYNHdXNLjVYEpMwDkj,3,4.847215643783665,2500000
8e1d1b32-1e9e-11ef-9066-040e3c016083,xPHcHlh7noyKSUN3GOLN,5,1.0770014632068283,1000000
8e1d1b32-1e9e-11ef-9066-040e3c016083,xr2zLfe7460vEJHfL1R6,3,4.456152133133975,1500000
8e1d1b32-1e9e-11ef-9066-040e3c016083,xxu0VIwsrPiKsfmv3Cjt,1,10.8207177082775,1500000
8e1d1b32-1e9e-11ef-9066-040e3c016083,y7JrAjqTeLN3yELPKIlC,4,7.178801950494332,500000
8e1d1b32-1e9e-11ef-9066-040e3c016083,yGOblFsjdzUPur7dzOMP,2,4.456152133133975,1500000
8e1d1b32-1e9e-11ef-9066-040e3c016083,yINcUBiwI7ibtlOK1pbm,5,4.591912906717685,1700000
8e1d1b32-1e9e-11ef-9066-040e3c016083,yKVlk54uje47thOdLLBg,3,6.895081670944763,1500000
8e1d1b32-1e9e-11ef-9066-040e3c016083,yPyyB4MYfMYx6MsvHBLl,3,3.561235824243417,1800000
8e1d1b32-1e9e-11ef-9066-040e3c016083,yzYp9L1VvPieCHrHV78y,3,4.788215581963904,1700000
8e1d1b32-1e9e-11ef-9066-040e3c016083,zR6WxlgEf2RKQFDyoJwl,3,3.9629457294833994,4300000
8e1d1b32-1e9e-11ef-9066-040e3c016083,zwhKkfA7skECX5ZDgWvj,3,4.456152133133975,7000000
9193a588-1e9e-11ef-8cdf-040e3c016083,0RsXIpTxYxbkD1ef7nCF,1,5.226417148231184,3000000
9193a588-1e9e-11ef-8cdf-040e3c016083,0ibitfDjJNvgIx7vCd6Y,2,5.117739020413941,5000000
9193a588-1e9e-11ef-8cdf-040e3c016083,0swBNCJBfiIRxmzRREi2,6,2.8760764610649607,200000
9193a588-1e9e-11ef-8cdf-040e3c016083,0u8Rj5YaaYUN05pOqOAe,1,7.8930444986313155,1800000
9193a588-1e9e-11ef-8cdf-040e3c016083,1StM5HswzLz3VwD3nnyT,1,13.84566256882528,1200000
9193a588-1e9e-11ef-8cdf-040e3c016083,1SyOX5nLpPbHxF0tRBQe,4,9.84889324744493,200000
9193a588-1e9e-11ef-8cdf-040e3c016083,1aoYNhwtodvT662nxon8,8,3.073805587843171,300000
9193a588-1e9e-11ef-8cdf-040e3c016083,1yHlowt1q6F9m5e1837E,2,6.290312119701011,2600000
9193a588-1e9e-11ef-8cdf-040e3c016083,29f1A0i5GzNpGMvUsdae,3,4.064973647520936,2500000
9193a588-1e9e-11ef-8cdf-040e3c016083,29xDwPaXIY0vwCVDSpFG,2,13.963859872877768,300000
9193a588-1e9e-11ef-8cdf-040e3c016083,2yyZFyn41qMQCMFGFqPj,3,4.388141011276291,4400000
9193a588-1e9e-11ef-8cdf-040e3c016083,39GFiLtd7VrHOoUsPrWz,3,5.919470418378616,1500000
9193a588-1e9e-11ef-8cdf-040e3c016083,3UXclQQjPqZn3o67SOso,3,2.56086903169351,1700000
9193a588-1e9e-11ef-8cdf-040e3c016083,3dpZxuBBaJpStfsVfJNY,4,3.6488280387854086,2600000
9193a588-1e9e-11ef-8cdf-040e3c016083,3gz1rLyC62cNtSbledms,1,5.667568907282912,5600000
9193a588-1e9e-11ef-8cdf-040e3c016083,3uSI9UGP8KkdYWscHC51,1,5.3297344718550566,5000000
9193a588-1e9e-11ef-8cdf-040e3c016083,4FIYxwtacJ4rbVYkcG9k,3,5.226417148231184,5000000
9193a588-1e9e-11ef-8cdf-040e3c016083,4tgeNGivKygg6R8R1JCZ,7,1.9826599670480245,500000
9193a588-1e9e-11ef-8cdf-040e3c016083,4wI60GtouIZvd2HIFhIh,2,7.153366521498888,5500000
9193a588-1e9e-11ef-8cdf-040e3c016083,4yvz9glBBrXWmDuMQaEB,2,5.817472635849867,900000
9193a588-1e9e-11ef-8cdf-040e3c016083,5FdOq5z7Ehjvtfnp7I24,1,7.216682929170145,3200000
9193a588-1e9e-11ef-8cdf-040e3c016083,5PzoM1qR3LW9T4RnwYxs,5,13.963859872877768,0
9193a588-1e9e-11ef-8cdf-040e3c016083,5ZbvLzrN6CtpKjGuaOJf,2,5.993762199475382,2000000
9193a588-1e9e-11ef-8cdf-040e3c016083,6iUK9Lno6nd0ky8WHhvQ,3,8.248805655385922,2099999
9193a588-1e9e-11ef-8cdf-040e3c016083,78ooDgz5bkVfTAVLHQ4b,2,6.506320134345397,1500000
9193a588-1e9e-11ef-8cdf-040e3c016083,7GLCseg2wkvweqXP2FZq,3,2.8760764610649607,1000000
9193a588-1e9e-11ef-8cdf-040e3c016083,7Hhgg4USykrF2WYAMq4h,2,5.615450135232187,1500000
9193a588-1e9e-11ef-8cdf-040e3c016083,7rqFEphDcFf17Y9Mxr0b,3,9.052136720865988,700000
9193a588-1e9e-11ef-8cdf-040e3c016083,8A2GXme5EJMUCi2K6oOl,2,13.963859872877768,0
9193a588-1e9e-11ef-8cdf-040e3c016083,8Bc7Usq9diqSmj9mOrJE,2,30,3000000
9193a588-1e9e-11ef-8cdf-040e3c016083,8L04W3da0mdrL2eVBvmP,1,5.226417148231184,3000000
9193a588-1e9e-11ef-8cdf-040e3c016083,98hNZmMHWBjj7uPZeK2B,2,8.248805655385922,0
9193a588-1e9e-11ef-8cdf-040e3c016083,AL5cL8tJ5WDcRQqjiWfq,2,8.248805655385922,1800000
9193a588-1e9e-11ef-8cdf-040e3c016083,AcKonDcKbBd9srJ8kJrT,2,5.928510178906092,2000000
9193a588-1e9e-11ef-8cdf-040e3c016083,B4ItVZxVAylYJmxfBLM4,3,5.190132757728499,5000000
9193a588-1e9e-11ef-8cdf-040e3c016083,BGLRJW546SxNnhOCma2F,4,14.094483269413319,400000
9193a588-1e9e-11ef-8cdf-040e3c016083,CsAuzfyhqdeRmO5EwHMo,4,4.509335305291942,3000000
9193a588-1e9e-11ef-8cdf-040e3c016083,CzeJRpKSJJPd0u93Jl5X,3,3.0054755399709148,4000000
9193a588-1e9e-11ef-8cdf-040e3c016083,D2yQi0OGpEg9lXe4paHN,2,9.052136720865988,700000
9193a588-1e9e-11ef-8cdf-040e3c016083,DfYJgwxYNnaqctVFX6Fx,6,2.8760764610649607,500000
9193a588-1e9e-11ef-8cdf-040e3c016083,Dzxsk6CNw2s06qhm42qO,2,4.597145479792042,4300000
9193a588-1e9e-11ef-8cdf-040e3c016083,E66qoWthZdknSpsDyuyC,2,5.667568907282912,5600000
9193a588-1e9e-11ef-8cdf-040e3c016083,ED7u2sENb7U8qM3P3Zev,2,4.597145479792042,4300000
9193a588-1e9e-11ef-8cdf-040e3c016083,EPXHkQqzRGCapf2a4ki8,5,1.3737771928047091,1700000
9193a588-1e9e-11ef-8cdf-040e3c016083,EZTxqwMDBfEDxNqhtEbR,4,1.9693425242501459,2700000
9193a588-1e9e-11ef-8cdf-040e3c016083,EwBTbTCGOWoBb1EbEEEW,1,5.912542897232296,6000000
9193a588-1e9e-11ef-8cdf-040e3c016083,F0cscj5XTHKgU57T8bhy,2,5.576034561603426,2700000
9193a588-1e9e-11ef-8cdf-040e3c016083,FCAEPJQWscGwnzRM4jUi,2,5.197429074900127,4500000
9193a588-1e9e-11ef-8cdf-040e3c016083,FnjUu83KXaLi2vhAcoeQ,4,2.6834476744524594,1300000
9193a588-1e9e-11ef-8cdf-040e3c016083,GAuaI0SSPTNV0vN3he09,5,2.8760764610649607,1500000
9193a588-1e9e-11ef-8cdf-040e3c016083,GV265joouF79qk7lErIx,1,19.564346568152658,1800000
9193a588-1e9e-11ef-8cdf-040e3c016083,GbJK7QiT6cppBPTDVOsf,3,2.8760764610649607,900000
9193a588-1e9e-11ef-8cdf-040e3c016083,HJOHvRsAWlzWEbzHM8Px,1,8.581237570779871,2300000
9193a588-1e9e-11ef-8cdf-040e3c016083,HpJd2w8HYj0xl3v7JlKQ,2,7.216682929170145,3200000
9193a588-1e9e-11ef-8cdf-040e3c016083,I6IQ4iHVuTTPucUoHPln,1,8.89854306220163,300000
9193a588-1e9e-11ef-8cdf-040e3c016083,IYC5QeWKNbr5XlyWhaJt,2,5.936500794053495,3700000
9193a588-1e9e-11ef-8cdf-040e3c016083,JFG5PCdrQLeNRCRr0zZu,8,0.8973600566138048,100000
9193a588-1e9e-11ef-8cdf-040e3c016083,JaCMElOyhlt8jDstvajY,5,9.84889324744493,200000
9193a588-1e9e-11ef-8cdf-040e3c016083,KRSxQrWPsnzn9E9AZd8K,4,9.004000510323513,200000
9193a588-1e9e-11ef-8cdf-040e3c016083,KVctgJrJINLUizdlOU0Z,2,5.912542897232296,6000000
9193a588-1e9e-11ef-8cdf-040e3c016083,KkE7H2hNrFq8hODowTnY,1,7.894918841814558,2000000
9193a588-1e9e-11ef-8cdf-040e3c016083,L3w3AFkJn0qxyROAD77a,5,2.9332605846766797,3800000
9193a588-1e9e-11ef-8cdf-040e3c016083,LIB3o9pkiZiNMiZ3NiMB,2,2.8760764610649607,1900000
9193a588-1e9e-11ef-8cdf-040e3c016083,LM4qnEwdhXUKncNI35L6,5,2.8760764610649607,2000000
9193a588-1e9e-11ef-8cdf-040e3c016083,LukiqvE5zaxZeobZVY6O,1,5.226417148231184,3000000
9193a588-1e9e-11ef-8cdf-040e3c016083,M6NxlWupOJfZ0jPp7Lk6,1,8.248805655385922,2500000
9193a588-1e9e-11ef-8cdf-040e3c016083,MqNmUpgJfx7sPUtFiash,3,3.1695413017189487,3000000
9193a588-1e9e-11ef-8cdf-040e3c016083,N6vVpQ9M5APipqlVL7aL,3,4.451715153020117,3600000
9193a588-1e9e-11ef-8cdf-040e3c016083,No0cbw2NKa76fILSeXUD,4,6.017313752673298,200000
9193a588-1e9e-11ef-8cdf-040e3c016083,O1kmuvjKTk2eAW2xpw7e,3,5.615450135232187,1500000
9193a588-1e9e-11ef-8cdf-040e3c016083,O6s95SMQC0aJyZqBeZm7,5,4.088247586338027,600000
9193a588-1e9e-11ef-8cdf-040e3c016083,OBPIg9ZLeN4Coifrye0W,2,3.858955998557137,2500000
9193a588-1e9e-11ef-8cdf-040e3c016083,OkWvDHMqAs83XCAPcdO2,3,16.534710736808037,1400000
9193a588-1e9e-11ef-8cdf-040e3c016083,PCOUS8KZR0Ph13BLzrPR,3,7.894918841814558,2500000
9193a588-1e9e-11ef-8cdf-040e3c016083,PJmi4oBrIyQw8hxN45jY,2,7.088997753059207,500000
9193a588-1e9e-11ef-8cdf-040e3c016083,Pae60dySd6ixwSyE6NUv,1,7.894918841814558,2000000
9193a588-1e9e-11ef-8cdf-040e3c016083,PdMUfYqBBfdZQvl3ZmDF,2,9.117204911024535,1300000
9193a588-1e9e-11ef-8cdf-040e3c016083,PdUlTnzmgcRd3I0O0Kje,3,2.8760764610649607,2000000
9193a588-1e9e-11ef-8cdf-040e3c016083,Q2pUi1iaYkUXp2V0PhTA,1,13.963859872877768,0
9193a588-1e9e-11ef-8cdf-040e3c016083,Qux3ZMgibJarc4CfCo4L,4,5.109610099196792,500000
9193a588-1e9e-11ef-8cdf-040e3c016083,Quyw1yoMf6oeAsf4ei82,6,3.073805587843171,300000
9193a588-1e9e-11ef-8cdf-040e3c016083,Qx8Dx7hkNehsP8Ec5yA5,4,6.017313752673298,200000
9193a588-1e9e-11ef-8cdf-040e3c016083,QypCz2qv29dQlcX4LTcc,4,6.159330133415329,300000
9193a588-1e9e-11ef-8cdf-040e3c016083,R59acpMZGr8IcIHo8yCh,1,5.936500794053495,3700000
9193a588-1e9e-11ef-8cdf-040e3c016083,R6eT9AxLMT7KF2Sv9QaG,4,2.859658298632356,4500000
9193a588-1e9e-11ef-8cdf-040e3c016083,RfsuLJPMPj0snX0ihLjn,8,3.073805587843171,300000
9193a588-1e9e-11ef-8cdf-040e3c016083,RgEunQB3QDn719ailYkj,2,7.8930444986313155,1800000
9193a588-1e9e-11ef-8cdf-040e3c016083,Rwgf8cjLEEGUA7EEVKtf,3,2.8760764610649607,500000
9193a588-1e9e-11ef-8cdf-040e3c016083,S8D4ROZ1LivtKSbdYpSv,9,0.8973600566138048,100000
9193a588-1e9e-11ef-8cdf-040e3c016083,TCmSxtvfpzAI9Kyhydzr,1,30,3000000
9193a588-1e9e-11ef-8cdf-040e3c016083,TNWiPAcmdfDmmLebrmIu,5,2.8760764610649607,2000000
9193a588-1e9e-11ef-8cdf-040e3c016083,TY1HhU1covRwD7TN2VTh,2,16.534710736808037,1400000
9193a588-1e9e-11ef-8cdf-040e3c016083,TeqpLgdC4vf6Q9gmKXsP,1,8.581237570779871,2300000
9193a588-1e9e-11ef-8cdf-040e3c016083,TfYJzXYE1bvRUKUcugAb,3,2.67548335120689,4000000
9193a588-1e9e-11ef-8cdf-040e3c016083,URdWYFi04GTO7rIodoAc,2,5.3297344718550566,3700000
9193a588-1e9e-11ef-8cdf-040e3c016083,Uj3qeGrJBrEwAEu0W2iu,1,9.281166170121205,800000
9193a588-1e9e-11ef-8cdf-040e3c016083,V47fq1hBC1HWjH7NROGy,5,2.8760764610649607,1900000
9193a588-1e9e-11ef-8cdf-040e3c016083,VBu1kQ3PymLBAOsgCg4Q,5,2.8760764610649607,1000000
9193a588-1e9e-11ef-8cdf-040e3c016083,VIYbdeLQYy78mkbzvt3S,4,2.8760764610649607,1000000
9193a588-1e9e-11ef-8cdf-040e3c016083,VVqpULhyUfjXpEAU8uBf,5,3.0054755399709148,1500000
9193a588-1e9e-11ef-8cdf-040e3c016083,WD9xJz2lRxRfhUGf7Yy6,2,7.894918841814558,2800000
9193a588-1e9e-11ef-8cdf-040e3c016083,X3qNwAFynzgskrzR0qUZ,3,8.248805655385922,2000000
9193a588-1e9e-11ef-8cdf-040e3c016083,X9UpWqtaybMjsu2Lm8Xk,4,3.0054755399709148,1500000
9193a588-1e9e-11ef-8cdf-040e3c016083,XMabSiGhdNfstta0Yium,3,6.029636259664932,3500000
9193a588-1e9e-11ef-8cdf-040e3c016083,XbipMOI4lDgqW6kCV1kk,3,30,3500000
9193a588-1e9e-11ef-8cdf-040e3c016083,XzLiRrgyVHW4JsJ8c0Hc,3,4.17063456706815,3000000
9193a588-1e9e-11ef-8cdf-040e3c016083,YLspABuzKu9k1xgc6Cfj,5,3.6488280387854086,2600000
9193a588-1e9e-11ef-8cdf-040e3c016083,YcqP9jtrc1uvhxsEP2N9,5,2.8760764610649607,900000
9193a588-1e9e-11ef-8cdf-040e3c016083,YdjFGRRUjacJCU9lp7QL,3,6.029636259664932,3500000
9193a588-1e9e-11ef-8cdf-040e3c016083,YnPRgwM3K736kEyjGqPZ,3,2.8760764610649607,500000
9193a588-1e9e-11ef-8cdf-040e3c016083,YoqUAe9srafQLwUMGXTM,2,10.230196800493191,2300000
9193a588-1e9e-11ef-8cdf-040e3c016083,Zu7VT3CEOweTOwLKpQMK,4,1.73742754541135,4800000
9193a588-1e9e-11ef-8cdf-040e3c016083,a1XaaEcggSPSjH7x3M1N,3,4.064973647520936,4000000
9193a588-1e9e-11ef-8cdf-040e3c016083,afc5kIbTL7X9Ip4cz7fF,3,2.8760764610649607,1000000
9193a588-1e9e-11ef-8cdf-040e3c016083,avUBZXqNogvbbayyGUh6,3,7.302789037944491,1200000
9193a588-1e9e-11ef-8cdf-040e3c016083,avyOiCvR4sU3DDjWH8ge,3,6.803335827509411,1300000
9193a588-1e9e-11ef-8cdf-040e3c016083,bCX7vkW5T3eSDEGTQbg1,7,1.3130993962387798,3000000
9193a588-1e9e-11ef-8cdf-040e3c016083,bHUoj2xkuI4gY30OdjdM,1,8.743869372765209,4000000
9193a588-1e9e-11ef-8cdf-040e3c016083,bUIQWkMPdyZ1uzVrKCnc,3,5.109610099196792,500000
9193a588-1e9e-11ef-8cdf-040e3c016083,bXNDqZT3fXRRBk661akG,3,30,1000000
9193a588-1e9e-11ef-8cdf-040e3c016083,c292g4ic0e6lJgIWX1QH,2,5.919470418378616,1500000
9193a588-1e9e-11ef-8cdf-040e3c016083,d0DxGTKfPQA04Gakw6OF,1,6.290312119701011,2600000
9193a588-1e9e-11ef-8cdf-040e3c016083,dBgp9eBweTw75LV2tSR6,4,4.258888220286069,5200000
9193a588-1e9e-11ef-8cdf-040e3c016083,dv4XdgHVlZcJtOebPA8Q,2,4.388141011276291,4400000
9193a588-1e9e-11ef-8cdf-040e3c016083,dyABpC7CFuHsWxf5DAyN,2,3.0054755399709148,1500000
9193a588-1e9e-11ef-8cdf-040e3c016083,e0PgpVCcAWreswsEv0Jq,2,5.928510178906092,2000000
9193a588-1e9e-11ef-8cdf-040e3c016083,eJDPRHHinhFgyBZrjGGq,3,6.534701020175266,11600000
9193a588-1e9e-11ef-8cdf-040e3c016083,eUMXmCuLlMMmdMQpXFQJ,1,9.843483867778478,0
9193a588-1e9e-11ef-8cdf-040e3c016083,ea1FDgQB4zoUegWl32ya,2,4.064973647520936,4000000
9193a588-1e9e-11ef-8cdf-040e3c016083,epOSoWYY55L4QeLeBxyV,2,6.803335827509411,1000000
9193a588-1e9e-11ef-8cdf-040e3c016083,f4FupO5Vb3JYf936r0Nw,4,2.8760764610649607,4500000
9193a588-1e9e-11ef-8cdf-040e3c016083,fMBPtUSiBqAcQOk32RR8,1,5.041156238128469,6000000
9193a588-1e9e-11ef-8cdf-040e3c016083,fYOnAKdKtZkgQrFfVuXW,2,6.029636259664932,3500000
9193a588-1e9e-11ef-8cdf-040e3c016083,fwZ4pXRydP9iaCD9N1G7,3,2.948561425710372,3000000
9193a588-1e9e-11ef-8cdf-040e3c016083,gvbZ45x7DWLtPmvK8oVz,1,9.117204911024535,3000000
9193a588-1e9e-11ef-8cdf-040e3c016083,hBAOBVv4CR9d6bkGZCzc,1,30,3000000
9193a588-1e9e-11ef-8cdf-040e3c016083,hECdNPaBAfZ89HNs3l9h,3,10.386896054464696,500000
9193a588-1e9e-11ef-8cdf-040e3c016083,hEFwZXthqMfupnAcmJ2t,5,2.6834476744524594,1300000
9193a588-1e9e-11ef-8cdf-040e3c016083,hXpH041I8oRihgAHxmj5,1,5.117739020413941,4200000
9193a588-1e9e-11ef-8cdf-040e3c016083,hYW58tBxFoZ9zsaJubqY,2,13.570997293619662,2000000
9193a588-1e9e-11ef-8cdf-040e3c016083,hjFiktzdojENxE0zgyds,3,2.9332605846766797,3800000
9193a588-1e9e-11ef-8cdf-040e3c016083,hu9hrvL8MsVnBlTQMPzw,6,0.9534118837962506,4500000
9193a588-1e9e-11ef-8cdf-040e3c016083,i5XIQyawjhlTTUxeyITS,4,2.859658298632356,2500000
9193a588-1e9e-11ef-8cdf-040e3c016083,imGVWUTfam1MgYO5c282,4,3.3084102580108508,1500000
9193a588-1e9e-11ef-8cdf-040e3c016083,j74I7sAno4NwrQpS752a,4,2.67548335120689,4000000
9193a588-1e9e-11ef-8cdf-040e3c016083,jX5SZGw0ODmmWUOwHchZ,4,9.004000510323513,200000
9193a588-1e9e-11ef-8cdf-040e3c016083,k2PZ5odV85GDWTpXUIkc,3,6.222124234403444,5900000
9193a588-1e9e-11ef-8cdf-040e3c016083,kHOd3ZfUXgcQ1cvhlNi4,2,5.226417148231184,5000000
9193a588-1e9e-11ef-8cdf-040e3c016083,kdvwjgxBrGzeMZFK4HxI,3,8.248805655385922,2500000
9193a588-1e9e-11ef-8cdf-040e3c016083,klXFM7EzvnkEUJk1NzPo,1,6.222124234403444,5900000
9193a588-1e9e-11ef-8cdf-040e3c016083,lCRJoJsp2BkBn4VAxSG6,4,14.094483269413319,400000
9193a588-1e9e-11ef-8cdf-040e3c016083,lHtIzGxgadpcI2SH2MXD,5,2.2597310951164205,2500000
9193a588-1e9e-11ef-8cdf-040e3c016083,mNdE6mQ3mVdYt23lgTmX,2,4.17063456706815,3000000
9193a588-1e9e-11ef-8cdf-040e3c016083,mONPfAYVYW7kEuk920qW,7,1.9693425242501459,2700000
9193a588-1e9e-11ef-8cdf-040e3c016083,mq0X1B9uobOVM4CWZf4q,1,30,3500000
9193a588-1e9e-11ef-8cdf-040e3c016083,n1OjfWW29Zj73gH14gY8,2,5.047549744243542,4300000
9193a588-1e9e-11ef-8cdf-040e3c016083,nMJnm3BvKnte1bdx6NTF,7,3.295517634193548,100000
9193a588-1e9e-11ef-8cdf-040e3c016083,nRI0z3n3ZL6SG9nmTh2V,3,7.894918841814558,2800000
9193a588-1e9e-11ef-8cdf-040e3c016083,naug2BVkWVGo928BNdsQ,3,5.615450135232187,1500000
9193a588-1e9e-11ef-8cdf-040e3c016083,o2uRjiWu7x9y66w54ZKI,4,4.622821111774447,1700000
9193a588-1e9e-11ef-8cdf-040e3c016083,oNOYrpRfzrG5y1lVllsF,4,2.8760764610649607,500000
9193a588-1e9e-11ef-8cdf-040e3c016083,oZhFXIopaf9e2g0Ho4W2,5,2.923802827337259,1600000
9193a588-1e9e-11ef-8cdf-040e3c016083,ohl0N2ZNHgIFHRyRm5JF,2,5.7928962421311665,4200000
9193a588-1e9e-11ef-8cdf-040e3c016083,olWZl8WOq8rAQ5XopzjV,1,5.7928962421311665,4200000
9193a588-1e9e-11ef-8cdf-040e3c016083,ozd4DNbt4QbNcC64quxB,3,2.8760764610649607,3500000
9193a588-1e9e-11ef-8cdf-040e3c016083,q3rhJlWyZN10raxxtvHV,3,30,3000000
9193a588-1e9e-11ef-8cdf-040e3c016083,qcY2zCPIXeGeBNZMxAgs,6,0.9172980125144984,4200000
9193a588-1e9e-11ef-8cdf-040e3c016083,rCVVZfC4uvfut3YgpCBH,4,3.1535359986588145,2500000
9193a588-1e9e-11ef-8cdf-040e3c016083,rQPZSWKNWgFGb5t7WxTm,2,6.419508451852509,2900000
9193a588-1e9e-11ef-8cdf-040e3c016083,s8JgUAuPWgNG4zQUNeGU,3,8.248805655385922,2500000
9193a588-1e9e-11ef-8cdf-040e3c016083,sa6P3ZiFd5t1Wu7RNXOH,2,6.803335827509411,1000000
9193a588-1e9e-11ef-8cdf-040e3c016083,sqPzwUiSvMMX3lLmd2B2,3,2.8760764610649607,500000
9193a588-1e9e-11ef-8cdf-040e3c016083,t1pycrNs36UteM5AUtLG,3,5.3297344718550566,5000000
9193a588-1e9e-11ef-8cdf-040e3c016083,t8wI7QAD1RSmc54UPRq1,3,6.225367793906718,1000000
9193a588-1e9e-11ef-8cdf-040e3c016083,tF53XYMNMd4QJxtMsF2h,6,2.8760764610649607,700000
9193a588-1e9e-11ef-8cdf-040e3c016083,txDz7IbKccW2ZXYMsg5k,2,2.8760764610649607,1500000
9193a588-1e9e-11ef-8cdf-040e3c016083,uF7XsTghoGs3mEpsckOR,2,6.029636259664932,3500000
9193a588-1e9e-11ef-8cdf-040e3c016083,uI3USCYdTBVnRHfbolgt,2,5.190132757728499,5000000
9193a588-1e9e-11ef-8cdf-040e3c016083,ubOhCaldtZ2NGNZSzl8S,3,3.6488280387854086,2600000
9193a588-1e9e-11ef-8cdf-040e3c016083,udsIIuHdOHojPr3mOjc2,5,2.6043161106265824,2200000
9193a588-1e9e-11ef-8cdf-040e3c016083,unwKz0xY03RmO5OxTjtC,3,7.335942312938336,800000
9193a588-1e9e-11ef-8cdf-040e3c016083,urT2a8ldifgBYedGmUmd,2,4.451715153020117,3600000
9193a588-1e9e-11ef-8cdf-040e3c016083,vRY5BQ2hWJbFgYHPGK74,4,2.8760764610649607,500000
9193a588-1e9e-11ef-8cdf-040e3c016083,vkrJ5cP2ZtqwNjfTi7aG,1,5.3297344718550566,5000000
9193a588-1e9e-11ef-8cdf-040e3c016083,vvMl58AkIxJqFjrtMczu,3,7.894918841814558,2000000
9193a588-1e9e-11ef-8cdf-040e3c016083,vvq3pFbrLrQKJ5c0NVa0,3,8.656624482410598,6500000
9193a588-1e9e-11ef-8cdf-040e3c016083,wkcpTkzsdCUB0WddZHtL,1,7.153366521498888,5500000
9193a588-1e9e-11ef-8cdf-040e3c016083,ww8LMVceitSrTSvdEVz4,2,8.248805655385922,2000000
9193a588-1e9e-11ef-8cdf-040e3c016083,xMvYNHdXNLjVYEpMwDkj,3,4.064973647520936,2500000
9193a588-1e9e-11ef-8cdf-040e3c016083,xPHcHlh7noyKSUN3GOLN,2,2.8760764610649607,1000000
9193a588-1e9e-11ef-8cdf-040e3c016083,xr2zLfe7460vEJHfL1R6,3,6.506320134345397,1500000
9193a588-1e9e-11ef-8cdf-040e3c016083,xxu0VIwsrPiKsfmv3Cjt,1,13.464126250555783,1500000
9193a588-1e9e-11ef-8cdf-040e3c016083,y7JrAjqTeLN3yELPKIlC,3,5.81356875386092,500000
9193a588-1e9e-11ef-8cdf-040e3c016083,yGOblFsjdzUPur7dzOMP,3,6.506320134345397,1500000
9193a588-1e9e-11ef-8cdf-040e3c016083,yINcUBiwI7ibtlOK1pbm,4,4.582003250931644,1700000
9193a588-1e9e-11ef-8cdf-040e3c016083,yKVlk54uje47thOdLLBg,3,5.919470418378616,1500000
9193a588-1e9e-11ef-8cdf-040e3c016083,yPyyB4MYfMYx6MsvHBLl,1,6.092630183698326,1800000
9193a588-1e9e-11ef-8cdf-040e3c016083,yzYp9L1VvPieCHrHV78y,4,2.56086903169351,1700000
9193a588-1e9e-11ef-8cdf-040e3c016083,zR6WxlgEf2RKQFDyoJwl,1,5.047549744243542,4300000
9193a588-1e9e-11ef-8cdf-040e3c016083,zwhKkfA7skECX5ZDgWvj,3,6.506320134345397,7000000
94cd4432-1e9e-11ef-9470-040e3c016083,0RsXIpTxYxbkD1ef7nCF,1,12.387735534257288,5000000
94cd4432-1e9e-11ef-9470-040e3c016083,0ibitfDjJNvgIx7vCd6Y,1,14.260925242020752,3000000
94cd4432-1e9e-11ef-9470-040e3c016083,0swBNCJBfiIRxmzRREi2,2,11.321963499019814,7800000
94cd4432-1e9e-11ef-9470-040e3c016083,0u8Rj5YaaYUN05pOqOAe,2,7.486261899504653,6200000
94cd4432-1e9e-11ef-9470-040e3c016083,1StM5HswzLz3VwD3nnyT,5,1.623023861907244,6800000
94cd4432-1e9e-11ef-9470-040e3c016083,1SyOX5nLpPbHxF0tRBQe,2,15.938293952764123,8200000
94cd4432-1e9e-11ef-9470-040e3c016083,1aoYNhwtodvT662nxon8,3,14.886296386012894,7700000
94cd4432-1e9e-11ef-9470-040e3c016083,1yHlowt1q6F9m5e1837E,1,7.678161799679709,5400000
94cd4432-1e9e-11ef-9470-040e3c016083,29f1A0i5GzNpGMvUsdae,1,14.39354914828289,5500000
94cd4432-1e9e-11ef-9470-040e3c016083,29xDwPaXIY0vwCVDSpFG,4,0.20056304802105981,7700000
94cd4432-1e9e-11ef-9470-040e3c016083,2yyZFyn41qMQCMFGFqPj,1,13.57665023666648,3600000
94cd4432-1e9e-11ef-9470-040e3c016083,39GFiLtd7VrHOoUsPrWz,1,15.92566309662507,6500000
94cd4432-1e9e-11ef-9470-040e3c016083,3UXclQQjPqZn3o67SOso,3,15.601010813566868,6300000
94cd4432-1e9e-11ef-9470-040e3c016083,3dpZxuBBaJpStfsVfJNY,1,12.394658051398086,5400000
94cd4432-1e9e-11ef-9470-040e3c016083,3gz1rLyC62cNtSbledms,1,8.447641385657146,2400000
94cd4432-1e9e-11ef-9470-040e3c016083,3uSI9UGP8KkdYWscHC51,1,13.52161583151668,3000000
94cd4432-1e9e-11ef-9470-040e3c016083,4FIYxwtacJ4rbVYkcG9k,3,12.387735534257288,3000000
94cd4432-1e9e-11ef-9470-040e3c016083,4tgeNGivKygg6R8R1JCZ,1,14.611042105509737,7500000
94cd4432-1e9e-11ef-9470-040e3c016083,4wI60GtouIZvd2HIFhIh,3,20.958516127466073,2500000
94cd4432-1e9e-11ef-9470-040e3c016083,4yvz9glBBrXWmDuMQaEB,2,16.621298356913922,7100000
94cd4432-1e9e-11ef-9470-040e3c016083,5FdOq5z7Ehjvtfnp7I24,2,8.95295452908214,4800000
94cd4432-1e9e-11ef-9470-040e3c016083,5PzoM1qR3LW9T4RnwYxs,4,0.20056304802105981,8000000
94cd4432-1e9e-11ef-9470-040e3c016083,5ZbvLzrN6CtpKjGuaOJf,3,8.029291773707117,6000000
94cd4432-1e9e-11ef-9470-040e3c016083,6iUK9Lno6nd0ky8WHhvQ,2,14.892887384916953,5900001
94cd4432-1e9e-11ef-9470-040e3c016083,78ooDgz5bkVfTAVLHQ4b,2,9.303910937433752,6500000
94cd4432-1e9e-11ef-9470-040e3c016083,7GLCseg2wkvweqXP2FZq,2,11.321963499019814,7000000
94cd4432-1e9e-11ef-9470-040e3c016083,7Hhgg4USykrF2WYAMq4h,1,11.692961898374627,6500000
94cd4432-1e9e-11ef-9470-040e3c016083,7rqFEphDcFf17Y9Mxr0b,4,4.883122461417692,8700000
94cd4432-1e9e-11ef-9470-040e3c016083,8A2GXme5EJMUCi2K6oOl,5,0.20056304802105981,8000000
94cd4432-1e9e-11ef-9470-040e3c016083,8Bc7Usq9diqSmj9mOrJE,2,30,5000000
94cd4432-1e9e-11ef-9470-040e3c016083,8L04W3da0mdrL2eVBvmP,1,12.387735534257288,5000000
94cd4432-1e9e-11ef-9470-040e3c016083,98hNZmMHWBjj7uPZeK2B,2,14.892887384916953,8000000
94cd4432-1e9e-11ef-9470-040e3c016083,AL5cL8tJ5WDcRQqjiWfq,3,14.892887384916953,6200000
94cd4432-1e9e-11ef-9470-040e3c016083,AcKonDcKbBd9srJ8kJrT,3,14.340420973398203,6000000
94cd4432-1e9e-11ef-9470-040e3c016083,B4ItVZxVAylYJmxfBLM4,1,8.73922557585166,3000000
94cd4432-1e9e-11ef-9470-040e3c016083,BGLRJW546SxNnhOCma2F,3,5.568832985340754,8400000
94cd4432-1e9e-11ef-9470-040e3c016083,CsAuzfyhqdeRmO5EwHMo,3,10.9242548242433,5000000
94cd4432-1e9e-11ef-9470-040e3c016083,CzeJRpKSJJPd0u93Jl5X,1,12.393854830452716,4000000
94cd4432-1e9e-11ef-9470-040e3c016083,D2yQi0OGpEg9lXe4paHN,4,4.883122461417692,8700000
94cd4432-1e9e-11ef-9470-040e3c016083,DfYJgwxYNnaqctVFX6Fx,1,11.321963499019814,8500000
94cd4432-1e9e-11ef-9470-040e3c016083,Dzxsk6CNw2s06qhm42qO,3,9.561577898099369,3700000
94cd4432-1e9e-11ef-9470-040e3c016083,E66qoWthZdknSpsDyuyC,2,8.447641385657146,2400000
94cd4432-1e9e-11ef-9470-040e3c016083,ED7u2sENb7U8qM3P3Zev,1,9.561577898099369,3700000
94cd4432-1e9e-11ef-9470-040e3c016083,EPXHkQqzRGCapf2a4ki8,3,12.555641375771616,6300000
94cd4432-1e9e-11ef-9470-040e3c016083,EZTxqwMDBfEDxNqhtEbR,1,15.858281033543875,5300000
94cd4432-1e9e-11ef-9470-040e3c016083,EwBTbTCGOWoBb1EbEEEW,1,8.787875726216045,2000000
94cd4432-1e9e-11ef-9470-040e3c016083,F0cscj5XTHKgU57T8bhy,1,18.916972890821,5300000
94cd4432-1e9e-11ef-9470-040e3c016083,FCAEPJQWscGwnzRM4jUi,3,13.141940489191525,3500000
94cd4432-1e9e-11ef-9470-040e3c016083,FnjUu83KXaLi2vhAcoeQ,1,16.570820675799744,6700000
94cd4432-1e9e-11ef-9470-040e3c016083,GAuaI0SSPTNV0vN3he09,2,11.321963499019814,6500000
94cd4432-1e9e-11ef-9470-040e3c016083,GV265joouF79qk7lErIx,3,29.737736169425315,6200000
94cd4432-1e9e-11ef-9470-040e3c016083,GbJK7QiT6cppBPTDVOsf,2,11.321963499019814,7100000
94cd4432-1e9e-11ef-9470-040e3c016083,HJOHvRsAWlzWEbzHM8Px,3,14.76965601479226,5700000
94cd4432-1e9e-11ef-9470-040e3c016083,HpJd2w8HYj0xl3v7JlKQ,2,8.95295452908214,4800000
94cd4432-1e9e-11ef-9470-040e3c016083,I6IQ4iHVuTTPucUoHPln,1,14.49003518908263,7700000
94cd4432-1e9e-11ef-9470-040e3c016083,IYC5QeWKNbr5XlyWhaJt,3,8.924090742283392,4300000
94cd4432-1e9e-11ef-9470-040e3c016083,JFG5PCdrQLeNRCRr0zZu,2,13.127413991388112,8100000
94cd4432-1e9e-11ef-9470-040e3c016083,JaCMElOyhlt8jDstvajY,2,15.938293952764123,8200000
94cd4432-1e9e-11ef-9470-040e3c016083,KRSxQrWPsnzn9E9AZd8K,3,10.188394075525695,8200000
94cd4432-1e9e-11ef-9470-040e3c016083,KVctgJrJINLUizdlOU0Z,1,8.787875726216045,2000000
94cd4432-1e9e-11ef-9470-040e3c016083,KkE7H2hNrFq8hODowTnY,2,8.693264241688755,6000000
94cd4432-1e9e-11ef-9470-040e3c016083,L3w3AFkJn0qxyROAD77a,2,12.451860392446402,4200000
94cd4432-1e9e-11ef-9470-040e3c016083,LIB3o9pkiZiNMiZ3NiMB,3,11.321963499019814,6100000
94cd4432-1e9e-11ef-9470-040e3c016083,LM4qnEwdhXUKncNI35L6,2,11.321963499019814,6000000
94cd4432-1e9e-11ef-9470-040e3c016083,LukiqvE5zaxZeobZVY6O,1,12.387735534257288,5000000
94cd4432-1e9e-11ef-9470-040e3c016083,M6NxlWupOJfZ0jPp7Lk6,2,14.892887384916953,5500000
94cd4432-1e9e-11ef-9470-040e3c016083,MqNmUpgJfx7sPUtFiash,2,13.974305942111075,5000000
94cd4432-1e9e-11ef-9470-040e3c016083,N6vVpQ9M5APipqlVL7aL,1,10.6185933866244,4400000
94cd4432-1e9e-11ef-9470-040e3c016083,No0cbw2NKa76fILSeXUD,1,10.140551422330768,8200000
94cd4432-1e9e-11ef-9470-040e3c016083,O1kmuvjKTk2eAW2xpw7e,2,11.692961898374627,6500000
94cd4432-1e9e-11ef-9470-040e3c016083,O6s95SMQC0aJyZqBeZm7,1,16.117397221465442,8600000
94cd4432-1e9e-11ef-9470-040e3c016083,OBPIg9ZLeN4Coifrye0W,2,15.041788143329978,5500000
94cd4432-1e9e-11ef-9470-040e3c016083,OkWvDHMqAs83XCAPcdO2,2,30.43081422244106,6600000
94cd4432-1e9e-11ef-9470-040e3c016083,PCOUS8KZR0Ph13BLzrPR,1,8.693264241688755,5500000
94cd4432-1e9e-11ef-9470-040e3c016083,PJmi4oBrIyQw8hxN45jY,2,7.225983393953231,8500000
94cd4432-1e9e-11ef-9470-040e3c016083,Pae60dySd6ixwSyE6NUv,1,8.693264241688755,6000000
94cd4432-1e9e-11ef-9470-040e3c016083,PdMUfYqBBfdZQvl3ZmDF,2,6.526873446677918,6700000
94cd4432-1e9e-11ef-9470-040e3c016083,PdUlTnzmgcRd3I0O0Kje,2,11.321963499019814,6000000
94cd4432-1e9e-11ef-9470-040e3c016083,Q2pUi1iaYkUXp2V0PhTA,4,0.20056304802105981,8000000
94cd4432-1e9e-11ef-9470-040e3c016083,Qux3ZMgibJarc4CfCo4L,1,14.249038853206141,7500000
94cd4432-1e9e-11ef-9470-040e3c016083,Quyw1yoMf6oeAsf4ei82,3,14.886296386012894,7700000
94cd4432-1e9e-11ef-9470-040e3c016083,Qx8Dx7hkNehsP8Ec5yA5,1,10.140551422330768,8200000
94cd4432-1e9e-11ef-9470-040e3c016083,QypCz2qv29dQlcX4LTcc,2,7.866138611232042,8300000
94cd4432-1e9e-11ef-9470-040e3c016083,R59acpMZGr8IcIHo8yCh,2,8.924090742283392,4300000
94cd4432-1e9e-11ef-9470-040e3c016083,R6eT9AxLMT7KF2Sv9QaG,3,15.281748140017541,3500000
94cd4432-1e9e-11ef-9470-040e3c016083,RfsuLJPMPj0snX0ihLjn,1,14.886296386012894,7700000
94cd4432-1e9e-11ef-9470-040e3c016083,RgEunQB3QDn719ailYkj,3,7.486261899504653,6200000
94cd4432-1e9e-11ef-9470-040e3c016083,Rwgf8cjLEEGUA7EEVKtf,3,11.321963499019814,8500000
94cd4432-1e9e-11ef-9470-040e3c016083,S8D4ROZ1LivtKSbdYpSv,3,13.127413991388112,8100000
94cd4432-1e9e-11ef-9470-040e3c016083,TCmSxtvfpzAI9Kyhydzr,2,30,5000000
94cd4432-1e9e-11ef-9470-040e3c016083,TNWiPAcmdfDmmLebrmIu,3,11.321963499019814,6000000
94cd4432-1e9e-11ef-9470-040e3c016083,TY1HhU1covRwD7TN2VTh,2,30.43081422244106,6600000
94cd4432-1e9e-11ef-9470-040e3c016083,TeqpLgdC4vf6Q9gmKXsP,3,14.76965601479226,5700000
94cd4432-1e9e-11ef-9470-040e3c016083,TfYJzXYE1bvRUKUcugAb,2,11.705678058906985,4000000
94cd4432-1e9e-11ef-9470-040e3c016083,URdWYFi04GTO7rIodoAc,1,13.52161583151668,4300000
94cd4432-1e9e-11ef-9470-040e3c016083,Uj3qeGrJBrEwAEu0W2iu,2,10.443817467503836,7200000
94cd4432-1e9e-11ef-9470-040e3c016083,V47fq1hBC1HWjH7NROGy,3,11.321963499019814,6100000
94cd4432-1e9e-11ef-9470-040e3c016083,VBu1kQ3PymLBAOsgCg4Q,2,11.321963499019814,7000000
94cd4432-1e9e-11ef-9470-040e3c016083,VIYbdeLQYy78mkbzvt3S,1,11.321963499019814,7000000
94cd4432-1e9e-11ef-9470-040e3c016083,VVqpULhyUfjXpEAU8uBf,2,12.393854830452716,6500000
94cd4432-1e9e-11ef-9470-040e3c016083,WD9xJz2lRxRfhUGf7Yy6,3,8.693264241688755,5200000
94cd4432-1e9e-11ef-9470-040e3c016083,X3qNwAFynzgskrzR0qUZ,3,14.892887384916953,6000000
94cd4432-1e9e-11ef-9470-040e3c016083,X9UpWqtaybMjsu2Lm8Xk,1,12.393854830452716,6500000
94cd4432-1e9e-11ef-9470-040e3c016083,XMabSiGhdNfstta0Yium,2,8.663135842155736,4500000
94cd4432-1e9e-11ef-9470-040e3c016083,XbipMOI4lDgqW6kCV1kk,3,30,4500000
94cd4432-1e9e-11ef-9470-040e3c016083,XzLiRrgyVHW4JsJ8c0Hc,3,10.58631738759021,5000000
94cd4432-1e9e-11ef-9470-040e3c016083,YLspABuzKu9k1xgc6Cfj,2,12.394658051398086,5400000
94cd4432-1e9e-11ef-9470-040e3c016083,YcqP9jtrc1uvhxsEP2N9,2,11.321963499019814,7100000
94cd4432-1e9e-11ef-9470-040e3c016083,YdjFGRRUjacJCU9lp7QL,3,8.663135842155736,4500000
94cd4432-1e9e-11ef-9470-040e3c016083,YnPRgwM3K736kEyjGqPZ,1,11.321963499019814,8500000
94cd4432-1e9e-11ef-9470-040e3c016083,YoqUAe9srafQLwUMGXTM,3,9.78101287876192,5700000
94cd4432-1e9e-11ef-9470-040e3c016083,Zu7VT3CEOweTOwLKpQMK,2,13.186741176704155,3200000
94cd4432-1e9e-11ef-9470-040e3c016083,a1XaaEcggSPSjH7x3M1N,2,14.39354914828289,4000000
94cd4432-1e9e-11ef-9470-040e3c016083,afc5kIbTL7X9Ip4cz7fF,3,11.321963499019814,7000000
94cd4432-1e9e-11ef-9470-040e3c016083,avUBZXqNogvbbayyGUh6,3,20.673310646440797,6800000
94cd4432-1e9e-11ef-9470-040e3c016083,avyOiCvR4sU3DDjWH8ge,1,20.011069630775925,6700000
94cd4432-1e9e-11ef-9470-040e3c016083,bCX7vkW5T3eSDEGTQbg1,1,14.97659249850803,5000000
94cd4432-1e9e-11ef-9470-040e3c016083,bHUoj2xkuI4gY30OdjdM,2,9.628466676272144,4000000
94cd4432-1e9e-11ef-9470-040e3c016083,bUIQWkMPdyZ1uzVrKCnc,1,14.249038853206141,7500000
94cd4432-1e9e-11ef-9470-040e3c016083,bXNDqZT3fXRRBk661akG,2,30,7000000
94cd4432-1e9e-11ef-9470-040e3c016083,c292g4ic0e6lJgIWX1QH,2,15.92566309662507,6500000
94cd4432-1e9e-11ef-9470-040e3c016083,d0DxGTKfPQA04Gakw6OF,3,7.678161799679709,5400000
94cd4432-1e9e-11ef-9470-040e3c016083,dBgp9eBweTw75LV2tSR6,2,13.332245668706538,2800000
94cd4432-1e9e-11ef-9470-040e3c016083,dv4XdgHVlZcJtOebPA8Q,2,13.57665023666648,3600000
94cd4432-1e9e-11ef-9470-040e3c016083,dyABpC7CFuHsWxf5DAyN,3,12.393854830452716,6500000
94cd4432-1e9e-11ef-9470-040e3c016083,e0PgpVCcAWreswsEv0Jq,1,14.340420973398203,6000000
94cd4432-1e9e-11ef-9470-040e3c016083,eJDPRHHinhFgyBZrjGGq,1,11.27770792430045,3600000
94cd4432-1e9e-11ef-9470-040e3c016083,eUMXmCuLlMMmdMQpXFQJ,3,21.765197480624234,8000000
94cd4432-1e9e-11ef-9470-040e3c016083,ea1FDgQB4zoUegWl32ya,3,14.39354914828289,4000000
94cd4432-1e9e-11ef-9470-040e3c016083,epOSoWYY55L4QeLeBxyV,1,20.011069630775925,7000000
94cd4432-1e9e-11ef-9470-040e3c016083,f4FupO5Vb3JYf936r0Nw,1,11.321963499019814,3500000
94cd4432-1e9e-11ef-9470-040e3c016083,fMBPtUSiBqAcQOk32RR8,1,13.09286056827997,2000000
94cd4432-1e9e-11ef-9470-040e3c016083,fYOnAKdKtZkgQrFfVuXW,3,8.663135842155736,4500000
94cd4432-1e9e-11ef-9470-040e3c016083,fwZ4pXRydP9iaCD9N1G7,3,14.222440541247027,5000000
94cd4432-1e9e-11ef-9470-040e3c016083,gvbZ45x7DWLtPmvK8oVz,3,6.526873446677918,5000000
94cd4432-1e9e-11ef-9470-040e3c016083,hBAOBVv4CR9d6bkGZCzc,2,30,5000000
94cd4432-1e9e-11ef-9470-040e3c016083,hECdNPaBAfZ89HNs3l9h,2,11.879800977904564,7500000
94cd4432-1e9e-11ef-9470-040e3c016083,hEFwZXthqMfupnAcmJ2t,1,16.570820675799744,6700000
94cd4432-1e9e-11ef-9470-040e3c016083,hXpH041I8oRihgAHxmj5,1,14.260925242020752,3800000
94cd4432-1e9e-11ef-9470-040e3c016083,hYW58tBxFoZ9zsaJubqY,5,1.9489316087646045,6000000
94cd4432-1e9e-11ef-9470-040e3c016083,hjFiktzdojENxE0zgyds,1,12.451860392446402,4200000
94cd4432-1e9e-11ef-9470-040e3c016083,hu9hrvL8MsVnBlTQMPzw,1,13.362796509515011,3500000
94cd4432-1e9e-11ef-9470-040e3c016083,i5XIQyawjhlTTUxeyITS,1,15.281748140017541,5500000
94cd4432-1e9e-11ef-9470-040e3c016083,imGVWUTfam1MgYO5c282,2,12.368975003047503,6500000
94cd4432-1e9e-11ef-9470-040e3c016083,j74I7sAno4NwrQpS752a,2,11.705678058906985,4000000
94cd4432-1e9e-11ef-9470-040e3c016083,jX5SZGw0ODmmWUOwHchZ,2,10.188394075525695,8200000
94cd4432-1e9e-11ef-9470-040e3c016083,k2PZ5odV85GDWTpXUIkc,1,8.20561518280018,2100000
94cd4432-1e9e-11ef-9470-040e3c016083,kHOd3ZfUXgcQ1cvhlNi4,3,12.387735534257288,3000000
94cd4432-1e9e-11ef-9470-040e3c016083,kdvwjgxBrGzeMZFK4HxI,1,14.892887384916953,5500000
94cd4432-1e9e-11ef-9470-040e3c016083,klXFM7EzvnkEUJk1NzPo,3,8.20561518280018,2100000
94cd4432-1e9e-11ef-9470-040e3c016083,lCRJoJsp2BkBn4VAxSG6,2,5.568832985340754,8400000
94cd4432-1e9e-11ef-9470-040e3c016083,lHtIzGxgadpcI2SH2MXD,2,12.046992198475836,5500000
94cd4432-1e9e-11ef-9470-040e3c016083,mNdE6mQ3mVdYt23lgTmX,1,10.58631738759021,5000000
94cd4432-1e9e-11ef-9470-040e3c016083,mONPfAYVYW7kEuk920qW,3,15.858281033543875,5300000
94cd4432-1e9e-11ef-9470-040e3c016083,mq0X1B9uobOVM4CWZf4q,2,30,4500000
94cd4432-1e9e-11ef-9470-040e3c016083,n1OjfWW29Zj73gH14gY8,1,11.5284093184349,3700000
94cd4432-1e9e-11ef-9470-040e3c016083,nMJnm3BvKnte1bdx6NTF,2,13.535688361905782,8100000
94cd4432-1e9e-11ef-9470-040e3c016083,nRI0z3n3ZL6SG9nmTh2V,1,8.693264241688755,5200000
94cd4432-1e9e-11ef-9470-040e3c016083,naug2BVkWVGo928BNdsQ,3,11.692961898374627,6500000
94cd4432-1e9e-11ef-9470-040e3c016083,o2uRjiWu7x9y66w54ZKI,1,11.352992463010688,6300000
94cd4432-1e9e-11ef-9470-040e3c016083,oNOYrpRfzrG5y1lVllsF,2,11.321963499019814,8500000
94cd4432-1e9e-11ef-9470-040e3c016083,oZhFXIopaf9e2g0Ho4W2,2,13.170181561184366,6400000
94cd4432-1e9e-11ef-9470-040e3c016083,ohl0N2ZNHgIFHRyRm5JF,3,8.138236068247814,3800000
94cd4432-1e9e-11ef-9470-040e3c016083,olWZl8WOq8rAQ5XopzjV,1,8.138236068247814,3800000
94cd4432-1e9e-11ef-9470-040e3c016083,ozd4DNbt4QbNcC64quxB,2,11.321963499019814,4500000
94cd4432-1e9e-11ef-9470-040e3c016083,q3rhJlWyZN10raxxtvHV,3,30,5000000
94cd4432-1e9e-11ef-9470-040e3c016083,qcY2zCPIXeGeBNZMxAgs,2,14.323029371282557,3800000
94cd4432-1e9e-11ef-9470-040e3c016083,rCVVZfC4uvfut3YgpCBH,3,14.664394705611137,5500000
94cd4432-1e9e-11ef-9470-040e3c016083,rQPZSWKNWgFGb5t7WxTm,2,9.789180463679259,5100000
94cd4432-1e9e-11ef-9470-040e3c016083,s8JgUAuPWgNG4zQUNeGU,1,14.892887384916953,5500000
94cd4432-1e9e-11ef-9470-040e3c016083,sa6P3ZiFd5t1Wu7RNXOH,2,20.011069630775925,7000000
94cd4432-1e9e-11ef-9470-040e3c016083,sqPzwUiSvMMX3lLmd2B2,2,11.321963499019814,8500000
94cd4432-1e9e-11ef-9470-040e3c016083,t1pycrNs36UteM5AUtLG,1,13.52161583151668,3000000
94cd4432-1e9e-11ef-9470-040e3c016083,t8wI7QAD1RSmc54UPRq1,3,8.142998178471139,7000000
94cd4432-1e9e-11ef-9470-040e3c016083,tF53XYMNMd4QJxtMsF2h,1,11.321963499019814,7300000
94cd4432-1e9e-11ef-9470-040e3c016083,txDz7IbKccW2ZXYMsg5k,1,11.321963499019814,6500000
94cd4432-1e9e-11ef-9470-040e3c016083,uF7XsTghoGs3mEpsckOR,3,8.663135842155736,4500000
94cd4432-1e9e-11ef-9470-040e3c016083,uI3USCYdTBVnRHfbolgt,2,8.73922557585166,3000000
94cd4432-1e9e-11ef-9470-040e3c016083,ubOhCaldtZ2NGNZSzl8S,2,12.394658051398086,5400000
94cd4432-1e9e-11ef-9470-040e3c016083,udsIIuHdOHojPr3mOjc2,1,14.818790608334746,5800000
94cd4432-1e9e-11ef-9470-040e3c016083,unwKz0xY03RmO5OxTjtC,3,15.749291318331059,7200000
94cd4432-1e9e-11ef-9470-040e3c016083,urT2a8ldifgBYedGmUmd,2,10.6185933866244,4400000
94cd4432-1e9e-11ef-9470-040e3c016083,vRY5BQ2hWJbFgYHPGK74,2,11.321963499019814,8500000
94cd4432-1e9e-11ef-9470-040e3c016083,vkrJ5cP2ZtqwNjfTi7aG,1,13.52161583151668,3000000
94cd4432-1e9e-11ef-9470-040e3c016083,vvMl58AkIxJqFjrtMczu,3,8.693264241688755,6000000
94cd4432-1e9e-11ef-9470-040e3c016083,vvq3pFbrLrQKJ5c0NVa0,2,15.331505115058151,1500000
94cd4432-1e9e-11ef-9470-040e3c016083,wkcpTkzsdCUB0WddZHtL,3,20.958516127466073,2500000
94cd4432-1e9e-11ef-9470-040e3c016083,ww8LMVceitSrTSvdEVz4,1,14.892887384916953,6000000
94cd4432-1e9e-11ef-9470-040e3c016083,xMvYNHdXNLjVYEpMwDkj,3,14.39354914828289,5500000
94cd4432-1e9e-11ef-9470-040e3c016083,xPHcHlh7noyKSUN3GOLN,2,11.321963499019814,7000000
94cd4432-1e9e-11ef-9470-040e3c016083,xr2zLfe7460vEJHfL1R6,1,9.303910937433752,6500000
94cd4432-1e9e-11ef-9470-040e3c016083,xxu0VIwsrPiKsfmv3Cjt,5,4.281178867996124,6500000
94cd4432-1e9e-11ef-9470-040e3c016083,y7JrAjqTeLN3yELPKIlC,1,16.682800075786485,7500000
94cd4432-1e9e-11ef-9470-040e3c016083,yGOblFsjdzUPur7dzOMP,2,9.303910937433752,6500000
94cd4432-1e9e-11ef-9470-040e3c016083,yINcUBiwI7ibtlOK1pbm,3,13.324273456787465,6300000
94cd4432-1e9e-11ef-9470-040e3c016083,yKVlk54uje47thOdLLBg,1,15.92566309662507,6500000
94cd4432-1e9e-11ef-9470-040e3c016083,yPyyB4MYfMYx6MsvHBLl,2,8.43705157089206,6200000
94cd4432-1e9e-11ef-9470-040e3c016083,yzYp9L1VvPieCHrHV78y,2,15.601010813566868,6300000
94cd4432-1e9e-11ef-9470-040e3c016083,zR6WxlgEf2RKQFDyoJwl,2,11.5284093184349,3700000
94cd4432-1e9e-11ef-9470-040e3c016083,zwhKkfA7skECX5ZDgWvj,3,9.303910937433752,1000000
991e70a9-1e9e-11ef-9b2d-040e3c016083,0RsXIpTxYxbkD1ef7nCF,3,12.34560277514972,1000000
991e70a9-1e9e-11ef-9b2d-040e3c016083,0ibitfDjJNvgIx7vCd6Y,2,14.219195008164451,3000000
991e70a9-1e9e-11ef-9b2d-040e3c016083,0swBNCJBfiIRxmzRREi2,1,11.287739915609771,1800000
991e70a9-1e9e-11ef-9b2d-040e3c016083,0u8Rj5YaaYUN05pOqOAe,4,7.442748478187017,200000
991e70a9-1e9e-11ef-9b2d-040e3c016083,1StM5HswzLz3VwD3nnyT,9,1.584036325168027,800000
991e70a9-1e9e-11ef-9b2d-040e3c016083,1SyOX5nLpPbHxF0tRBQe,1,15.891770905205753,2200000
991e70a9-1e9e-11ef-9b2d-040e3c016083,1aoYNhwtodvT662nxon8,3,14.863327168772004,1700000
991e70a9-1e9e-11ef-9b2d-040e3c016083,1yHlowt1q6F9m5e1837E,2,7.644931319033328,600000
991e70a9-1e9e-11ef-9b2d-040e3c016083,29f1A0i5GzNpGMvUsdae,1,14.35372049690884,500000
991e70a9-1e9e-11ef-9b2d-040e3c016083,29xDwPaXIY0vwCVDSpFG,6,0.2424624212422783,1700000
991e70a9-1e9e-11ef-9b2d-040e3c016083,2yyZFyn41qMQCMFGFqPj,3,13.535983827675231,2400000
991e70a9-1e9e-11ef-9b2d-040e3c016083,39GFiLtd7VrHOoUsPrWz,4,15.883661226745057,500000
991e70a9-1e9e-11ef-9b2d-040e3c016083,3UXclQQjPqZn3o67SOso,4,15.565641757731814,300000
991e70a9-1e9e-11ef-9b2d-040e3c016083,3dpZxuBBaJpStfsVfJNY,3,12.355725753408754,600000
991e70a9-1e9e-11ef-9b2d-040e3c016083,3gz1rLyC62cNtSbledms,2,8.412264543198637,3600000
991e70a9-1e9e-11ef-9b2d-040e3c016083,3uSI9UGP8KkdYWscHC51,2,13.506764439899065,3000000
991e70a9-1e9e-11ef-9b2d-040e3c016083,4FIYxwtacJ4rbVYkcG9k,3,12.34560277514972,3000000
991e70a9-1e9e-11ef-9b2d-040e3c016083,4tgeNGivKygg6R8R1JCZ,1,14.5757101637351,1500000
991e70a9-1e9e-11ef-9b2d-040e3c016083,4wI60GtouIZvd2HIFhIh,3,20.92490240965186,3500000
991e70a9-1e9e-11ef-9b2d-040e3c016083,4yvz9glBBrXWmDuMQaEB,2,16.58011735408134,1100000
991e70a9-1e9e-11ef-9b2d-040e3c016083,5FdOq5z7Ehjvtfnp7I24,3,8.909025751558968,1200000
991e70a9-1e9e-11ef-9b2d-040e3c016083,5PzoM1qR3LW9T4RnwYxs,6,0.2424624212422783,2000000
991e70a9-1e9e-11ef-9b2d-040e3c016083,5ZbvLzrN6CtpKjGuaOJf,2,7.99498326860367,0
991e70a9-1e9e-11ef-9b2d-040e3c016083,6iUK9Lno6nd0ky8WHhvQ,1,14.847308880019916,99999
991e70a9-1e9e-11ef-9b2d-040e3c016083,78ooDgz5bkVfTAVLHQ4b,1,9.261306924036795,500000
991e70a9-1e9e-11ef-9b2d-040e3c016083,7GLCseg2wkvweqXP2FZq,3,11.287739915609771,1000000
991e70a9-1e9e-11ef-9b2d-040e3c016083,7Hhgg4USykrF2WYAMq4h,1,11.678879204249386,500000
991e70a9-1e9e-11ef-9b2d-040e3c016083,7rqFEphDcFf17Y9Mxr0b,3,4.850905539569854,2700000
991e70a9-1e9e-11ef-9b2d-040e3c016083,8A2GXme5EJMUCi2K6oOl,5,0.2424624212422783,2000000
991e70a9-1e9e-11ef-9b2d-040e3c016083,8Bc7Usq9diqSmj9mOrJE,2,30,1000000
991e70a9-1e9e-11ef-9b2d-040e3c016083,8L04W3da0mdrL2eVBvmP,1,12.34560277514972,1000000
991e70a9-1e9e-11ef-9b2d-040e3c016083,98hNZmMHWBjj7uPZeK2B,2,14.847308880019916,2000000
991e70a9-1e9e-11ef-9b2d-040e3c016083,AL5cL8tJ5WDcRQqjiWfq,1,14.847308880019916,200000
991e70a9-1e9e-11ef-9b2d-040e3c016083,AcKonDcKbBd9srJ8kJrT,2,14.297460200394184,0
991e70a9-1e9e-11ef-9b2d-040e3c016083,B4ItVZxVAylYJmxfBLM4,2,8.70840145459543,3000000
991e70a9-1e9e-11ef-9b2d-040e3c016083,BGLRJW546SxNnhOCma2F,3,5.528111416728732,2400000
991e70a9-1e9e-11ef-9b2d-040e3c016083,CsAuzfyhqdeRmO5EwHMo,1,10.884768302206826,1000000
991e70a9-1e9e-11ef-9b2d-040e3c016083,CzeJRpKSJJPd0u93Jl5X,3,12.356498754865537,2000000
991e70a9-1e9e-11ef-9b2d-040e3c016083,D2yQi0OGpEg9lXe4paHN,3,4.850905539569854,2700000
991e70a9-1e9e-11ef-9b2d-040e3c016083,DfYJgwxYNnaqctVFX6Fx,1,11.287739915609771,2500000
991e70a9-1e9e-11ef-9b2d-040e3c016083,Dzxsk6CNw2s06qhm42qO,1,9.52646412369963,2300000
991e70a9-1e9e-11ef-9b2d-040e3c016083,E66qoWthZdknSpsDyuyC,3,8.412264543198637,3600000
991e70a9-1e9e-11ef-9b2d-040e3c016083,ED7u2sENb7U8qM3P3Zev,2,9.52646412369963,2300000
991e70a9-1e9e-11ef-9b2d-040e3c016083,EPXHkQqzRGCapf2a4ki8,4,12.524717844711162,300000
991e70a9-1e9e-11ef-9b2d-040e3c016083,EZTxqwMDBfEDxNqhtEbR,4,15.826432252448404,700000
991e70a9-1e9e-11ef-9b2d-040e3c016083,EwBTbTCGOWoBb1EbEEEW,2,8.748630152494336,4000000
991e70a9-1e9e-11ef-9b2d-040e3c016083,F0cscj5XTHKgU57T8bhy,2,18.880907569653687,700000
991e70a9-1e9e-11ef-9b2d-040e3c016083,FCAEPJQWscGwnzRM4jUi,1,13.09981690286994,2500000
991e70a9-1e9e-11ef-9b2d-040e3c016083,FnjUu83KXaLi2vhAcoeQ,2,16.541061629194083,700000
991e70a9-1e9e-11ef-9b2d-040e3c016083,GAuaI0SSPTNV0vN3he09,1,11.287739915609771,500000
991e70a9-1e9e-11ef-9b2d-040e3c016083,GV265joouF79qk7lErIx,5,29.69218900143314,200000
991e70a9-1e9e-11ef-9b2d-040e3c016083,GbJK7QiT6cppBPTDVOsf,3,11.287739915609771,1100000
991e70a9-1e9e-11ef-9b2d-040e3c016083,HJOHvRsAWlzWEbzHM8Px,2,14.723723164357429,300000
991e70a9-1e9e-11ef-9b2d-040e3c016083,HpJd2w8HYj0xl3v7JlKQ,3,8.909025751558968,1200000
991e70a9-1e9e-11ef-9b2d-040e3c016083,I6IQ4iHVuTTPucUoHPln,2,14.443747260299775,1700000
991e70a9-1e9e-11ef-9b2d-040e3c016083,IYC5QeWKNbr5XlyWhaJt,3,8.884247614506767,1700000
991e70a9-1e9e-11ef-9b2d-040e3c016083,JFG5PCdrQLeNRCRr0zZu,3,13.097616249901389,2100000
991e70a9-1e9e-11ef-9b2d-040e3c016083,JaCMElOyhlt8jDstvajY,3,15.891770905205753,2200000
991e70a9-1e9e-11ef-9b2d-040e3c016083,KRSxQrWPsnzn9E9AZd8K,2,10.141504546350829,2200000
991e70a9-1e9e-11ef-9b2d-040e3c016083,KVctgJrJINLUizdlOU0Z,1,8.748630152494336,4000000
991e70a9-1e9e-11ef-9b2d-040e3c016083,KkE7H2hNrFq8hODowTnY,3,8.685554593771037,0
991e70a9-1e9e-11ef-9b2d-040e3c016083,L3w3AFkJn0qxyROAD77a,2,12.414629305703835,1800000
991e70a9-1e9e-11ef-9b2d-040e3c016083,LIB3o9pkiZiNMiZ3NiMB,3,11.287739915609771,100000
991e70a9-1e9e-11ef-9b2d-040e3c016083,LM4qnEwdhXUKncNI35L6,3,11.287739915609771,0
991e70a9-1e9e-11ef-9b2d-040e3c016083,LukiqvE5zaxZeobZVY6O,2,12.34560277514972,1000000
991e70a9-1e9e-11ef-9b2d-040e3c016083,M6NxlWupOJfZ0jPp7Lk6,2,14.847308880019916,500000
991e70a9-1e9e-11ef-9b2d-040e3c016083,MqNmUpgJfx7sPUtFiash,3,13.95236438033664,1000000
991e70a9-1e9e-11ef-9b2d-040e3c016083,N6vVpQ9M5APipqlVL7aL,3,10.579866008083703,1600000
991e70a9-1e9e-11ef-9b2d-040e3c016083,No0cbw2NKa76fILSeXUD,2,10.09813190247054,2200000
991e70a9-1e9e-11ef-9b2d-040e3c016083,O1kmuvjKTk2eAW2xpw7e,4,11.678879204249386,500000
991e70a9-1e9e-11ef-9b2d-040e3c016083,O6s95SMQC0aJyZqBeZm7,1,16.079055625383017,2600000
991e70a9-1e9e-11ef-9b2d-040e3c016083,OBPIg9ZLeN4Coifrye0W,4,15.021044935008245,500000
991e70a9-1e9e-11ef-9b2d-040e3c016083,OkWvDHMqAs83XCAPcdO2,3,30.398103329772642,600000
991e70a9-1e9e-11ef-9b2d-040e3c016083,PCOUS8KZR0Ph13BLzrPR,2,8.685554593771037,500000
991e70a9-1e9e-11ef-9b2d-040e3c016083,PJmi4oBrIyQw8hxN45jY,2,7.187689147055352,2500000
991e70a9-1e9e-11ef-9b2d-040e3c016083,Pae60dySd6ixwSyE6NUv,1,8.685554593771037,0
991e70a9-1e9e-11ef-9b2d-040e3c016083,PdMUfYqBBfdZQvl3ZmDF,2,6.520242954723134,700000
991e70a9-1e9e-11ef-9b2d-040e3c016083,PdUlTnzmgcRd3I0O0Kje,4,11.287739915609771,0
991e70a9-1e9e-11ef-9b2d-040e3c016083,Q2pUi1iaYkUXp2V0PhTA,6,0.2424624212422783,2000000
991e70a9-1e9e-11ef-9b2d-040e3c016083,Qux3ZMgibJarc4CfCo4L,1,14.207317258099836,1500000
991e70a9-1e9e-11ef-9b2d-040e3c016083,Quyw1yoMf6oeAsf4ei82,2,14.863327168772004,1700000
991e70a9-1e9e-11ef-9b2d-040e3c016083,Qx8Dx7hkNehsP8Ec5yA5,2,10.09813190247054,2200000
991e70a9-1e9e-11ef-9b2d-040e3c016083,QypCz2qv29dQlcX4LTcc,2,7.831709026414129,2300000
991e70a9-1e9e-11ef-9b2d-040e3c016083,R59acpMZGr8IcIHo8yCh,1,8.884247614506767,1700000
991e70a9-1e9e-11ef-9b2d-040e3c016083,R6eT9AxLMT7KF2Sv9QaG,1,15.245102046160717,2500000
991e70a9-1e9e-11ef-9b2d-040e3c016083,RfsuLJPMPj0snX0ihLjn,3,14.863327168772004,1700000
991e70a9-1e9e-11ef-9b2d-040e3c016083,RgEunQB3QDn719ailYkj,5,7.442748478187017,200000
991e70a9-1e9e-11ef-9b2d-040e3c016083,Rwgf8cjLEEGUA7EEVKtf,2,11.287739915609771,2500000
991e70a9-1e9e-11ef-9b2d-040e3c016083,S8D4ROZ1LivtKSbdYpSv,2,13.097616249901389,2100000
991e70a9-1e9e-11ef-9b2d-040e3c016083,TCmSxtvfpzAI9Kyhydzr,1,30,1000000
991e70a9-1e9e-11ef-9b2d-040e3c016083,TNWiPAcmdfDmmLebrmIu,3,11.287739915609771,0
991e70a9-1e9e-11ef-9b2d-040e3c016083,TY1HhU1covRwD7TN2VTh,3,30.398103329772642,600000
991e70a9-1e9e-11ef-9b2d-040e3c016083,TeqpLgdC4vf6Q9gmKXsP,2,14.723723164357429,300000
991e70a9-1e9e-11ef-9b2d-040e3c016083,TfYJzXYE1bvRUKUcugAb,1,11.67920972232588,2000000
991e70a9-1e9e-11ef-9b2d-040e3c016083,URdWYFi04GTO7rIodoAc,3,13.506764439899065,1700000
991e70a9-1e9e-11ef-9b2d-040e3c016083,Uj3qeGrJBrEwAEu0W2iu,2,10.396737703370372,1200000
991e70a9-1e9e-11ef-9b2d-040e3c016083,V47fq1hBC1HWjH7NROGy,4,11.287739915609771,100000
991e70a9-1e9e-11ef-9b2d-040e3c016083,VBu1kQ3PymLBAOsgCg4Q,1,11.287739915609771,1000000
991e70a9-1e9e-11ef-9b2d-040e3c016083,VIYbdeLQYy78mkbzvt3S,1,11.287739915609771,1000000
991e70a9-1e9e-11ef-9b2d-040e3c016083,VVqpULhyUfjXpEAU8uBf,4,12.356498754865537,500000
991e70a9-1e9e-11ef-9b2d-040e3c016083,WD9xJz2lRxRfhUGf7Yy6,4,8.685554593771037,800000
991e70a9-1e9e-11ef-9b2d-040e3c016083,X3qNwAFynzgskrzR0qUZ,1,14.847308880019916,0
991e70a9-1e9e-11ef-9b2d-040e3c016083,X9UpWqtaybMjsu2Lm8Xk,1,12.356498754865537,500000
991e70a9-1e9e-11ef-9b2d-040e3c016083,XMabSiGhdNfstta0Yium,3,8.62379778980549,1500000
991e70a9-1e9e-11ef-9b2d-040e3c016083,XbipMOI4lDgqW6kCV1kk,3,30,1500000
991e70a9-1e9e-11ef-9b2d-040e3c016083,XzLiRrgyVHW4JsJ8c0Hc,3,10.548711186517558,1000000
991e70a9-1e9e-11ef-9b2d-040e3c016083,YLspABuzKu9k1xgc6Cfj,1,12.355725753408754,600000
991e70a9-1e9e-11ef-9b2d-040e3c016083,YcqP9jtrc1uvhxsEP2N9,1,11.287739915609771,1100000
991e70a9-1e9e-11ef-9b2d-040e3c016083,YdjFGRRUjacJCU9lp7QL,3,8.62379778980549,1500000
991e70a9-1e9e-11ef-9b2d-040e3c016083,YnPRgwM3K736kEyjGqPZ,2,11.287739915609771,2500000
991e70a9-1e9e-11ef-9b2d-040e3c016083,YoqUAe9srafQLwUMGXTM,2,9.733549640673349,300000
991e70a9-1e9e-11ef-9b2d-040e3c016083,Zu7VT3CEOweTOwLKpQMK,2,13.151881990979767,2800000
991e70a9-1e9e-11ef-9b2d-040e3c016083,a1XaaEcggSPSjH7x3M1N,2,14.35372049690884,2000000
991e70a9-1e9e-11ef-9b2d-040e3c016083,afc5kIbTL7X9Ip4cz7fF,3,11.287739915609771,1000000
991e70a9-1e9e-11ef-9b2d-040e3c016083,avUBZXqNogvbbayyGUh6,2,20.636888267211983,800000
991e70a9-1e9e-11ef-9b2d-040e3c016083,avyOiCvR4sU3DDjWH8ge,2,19.974116551684418,700000
991e70a9-1e9e-11ef-9b2d-040e3c016083,bCX7vkW5T3eSDEGTQbg1,2,14.947725662366564,1000000
991e70a9-1e9e-11ef-9b2d-040e3c016083,bHUoj2xkuI4gY30OdjdM,2,9.581844013443838,2000000
991e70a9-1e9e-11ef-9b2d-040e3c016083,bUIQWkMPdyZ1uzVrKCnc,1,14.207317258099836,1500000
991e70a9-1e9e-11ef-9b2d-040e3c016083,bXNDqZT3fXRRBk661akG,1,30,1000000
991e70a9-1e9e-11ef-9b2d-040e3c016083,c292g4ic0e6lJgIWX1QH,3,15.883661226745057,500000
991e70a9-1e9e-11ef-9b2d-040e3c016083,d0DxGTKfPQA04Gakw6OF,3,7.644931319033328,600000
991e70a9-1e9e-11ef-9b2d-040e3c016083,dBgp9eBweTw75LV2tSR6,3,13.291795913731963,3200000
991e70a9-1e9e-11ef-9b2d-040e3c016083,dv4XdgHVlZcJtOebPA8Q,1,13.535983827675231,2400000
991e70a9-1e9e-11ef-9b2d-040e3c016083,dyABpC7CFuHsWxf5DAyN,4,12.356498754865537,500000
991e70a9-1e9e-11ef-9b2d-040e3c016083,e0PgpVCcAWreswsEv0Jq,4,14.297460200394184,0
991e70a9-1e9e-11ef-9b2d-040e3c016083,eJDPRHHinhFgyBZrjGGq,1,11.233618753072303,9600000
991e70a9-1e9e-11ef-9b2d-040e3c016083,eUMXmCuLlMMmdMQpXFQJ,3,21.723935168662045,2000000
991e70a9-1e9e-11ef-9b2d-040e3c016083,ea1FDgQB4zoUegWl32ya,1,14.35372049690884,2000000
991e70a9-1e9e-11ef-9b2d-040e3c016083,epOSoWYY55L4QeLeBxyV,1,19.974116551684418,1000000
991e70a9-1e9e-11ef-9b2d-040e3c016083,f4FupO5Vb3JYf936r0Nw,2,11.287739915609771,2500000
991e70a9-1e9e-11ef-9b2d-040e3c016083,fMBPtUSiBqAcQOk32RR8,1,13.077136593797702,4000000
991e70a9-1e9e-11ef-9b2d-040e3c016083,fYOnAKdKtZkgQrFfVuXW,3,8.62379778980549,1500000
991e70a9-1e9e-11ef-9b2d-040e3c016083,fwZ4pXRydP9iaCD9N1G7,3,14.184733911754991,1000000
991e70a9-1e9e-11ef-9b2d-040e3c016083,gvbZ45x7DWLtPmvK8oVz,2,6.520242954723134,1000000
991e70a9-1e9e-11ef-9b2d-040e3c016083,hBAOBVv4CR9d6bkGZCzc,1,30,1000000
991e70a9-1e9e-11ef-9b2d-040e3c016083,hECdNPaBAfZ89HNs3l9h,1,11.832358806898485,1500000
991e70a9-1e9e-11ef-9b2d-040e3c016083,hEFwZXthqMfupnAcmJ2t,2,16.541061629194083,700000
991e70a9-1e9e-11ef-9b2d-040e3c016083,hXpH041I8oRihgAHxmj5,3,14.219195008164451,2200000
991e70a9-1e9e-11ef-9b2d-040e3c016083,hYW58tBxFoZ9zsaJubqY,8,1.9063856554580885,0
991e70a9-1e9e-11ef-9b2d-040e3c016083,hjFiktzdojENxE0zgyds,3,12.414629305703835,1800000
991e70a9-1e9e-11ef-9b2d-040e3c016083,hu9hrvL8MsVnBlTQMPzw,3,13.329927893946646,2500000
991e70a9-1e9e-11ef-9b2d-040e3c016083,i5XIQyawjhlTTUxeyITS,4,15.245102046160717,500000
991e70a9-1e9e-11ef-9b2d-040e3c016083,imGVWUTfam1MgYO5c282,4,12.346834077899517,500000
991e70a9-1e9e-11ef-9b2d-040e3c016083,j74I7sAno4NwrQpS752a,2,11.67920972232588,2000000
991e70a9-1e9e-11ef-9b2d-040e3c016083,jX5SZGw0ODmmWUOwHchZ,2,10.141504546350829,2200000
991e70a9-1e9e-11ef-9b2d-040e3c016083,k2PZ5odV85GDWTpXUIkc,1,8.16736107083971,3900000
991e70a9-1e9e-11ef-9b2d-040e3c016083,kHOd3ZfUXgcQ1cvhlNi4,1,12.34560277514972,3000000
991e70a9-1e9e-11ef-9b2d-040e3c016083,kdvwjgxBrGzeMZFK4HxI,4,14.847308880019916,500000
991e70a9-1e9e-11ef-9b2d-040e3c016083,klXFM7EzvnkEUJk1NzPo,1,8.16736107083971,3900000
991e70a9-1e9e-11ef-9b2d-040e3c016083,lCRJoJsp2BkBn4VAxSG6,1,5.528111416728732,2400000
991e70a9-1e9e-11ef-9b2d-040e3c016083,lHtIzGxgadpcI2SH2MXD,4,12.019736649576394,500000
991e70a9-1e9e-11ef-9b2d-040e3c016083,mNdE6mQ3mVdYt23lgTmX,3,10.548711186517558,1000000
991e70a9-1e9e-11ef-9b2d-040e3c016083,mONPfAYVYW7kEuk920qW,2,15.826432252448404,700000
991e70a9-1e9e-11ef-9b2d-040e3c016083,mq0X1B9uobOVM4CWZf4q,2,30,1500000
991e70a9-1e9e-11ef-9b2d-040e3c016083,n1OjfWW29Zj73gH14gY8,3,11.4869631194843,2300000
991e70a9-1e9e-11ef-9b2d-040e3c016083,nMJnm3BvKnte1bdx6NTF,3,13.49713200913721,2100000
991e70a9-1e9e-11ef-9b2d-040e3c016083,nRI0z3n3ZL6SG9nmTh2V,2,8.685554593771037,800000
991e70a9-1e9e-11ef-9b2d-040e3c016083,naug2BVkWVGo928BNdsQ,3,11.678879204249386,500000
991e70a9-1e9e-11ef-9b2d-040e3c016083,o2uRjiWu7x9y66w54ZKI,1,11.312653347591812,300000
991e70a9-1e9e-11ef-9b2d-040e3c016083,oNOYrpRfzrG5y1lVllsF,2,11.287739915609771,2500000
991e70a9-1e9e-11ef-9b2d-040e3c016083,oZhFXIopaf9e2g0Ho4W2,2,13.147455032879481,400000
991e70a9-1e9e-11ef-9b2d-040e3c016083,ohl0N2ZNHgIFHRyRm5JF,1,8.10689348738396,2200000
991e70a9-1e9e-11ef-9b2d-040e3c016083,olWZl8WOq8rAQ5XopzjV,1,8.10689348738396,2200000
991e70a9-1e9e-11ef-9b2d-040e3c016083,ozd4DNbt4QbNcC64quxB,3,11.287739915609771,1500000
991e70a9-1e9e-11ef-9b2d-040e3c016083,q3rhJlWyZN10raxxtvHV,2,30,1000000
991e70a9-1e9e-11ef-9b2d-040e3c016083,qcY2zCPIXeGeBNZMxAgs,2,14.294308914507713,2200000
991e70a9-1e9e-11ef-9b2d-040e3c016083,rCVVZfC4uvfut3YgpCBH,1,14.641918173993785,500000
991e70a9-1e9e-11ef-9b2d-040e3c016083,rQPZSWKNWgFGb5t7WxTm,3,9.74619155797429,900000
991e70a9-1e9e-11ef-9b2d-040e3c016083,s8JgUAuPWgNG4zQUNeGU,1,14.847308880019916,500000
991e70a9-1e9e-11ef-9b2d-040e3c016083,sa6P3ZiFd5t1Wu7RNXOH,2,19.974116551684418,1000000
991e70a9-1e9e-11ef-9b2d-040e3c016083,sqPzwUiSvMMX3lLmd2B2,2,11.287739915609771,2500000
991e70a9-1e9e-11ef-9b2d-040e3c016083,t1pycrNs36UteM5AUtLG,2,13.506764439899065,3000000
991e70a9-1e9e-11ef-9b2d-040e3c016083,t8wI7QAD1RSmc54UPRq1,1,8.105105608425191,1000000
991e70a9-1e9e-11ef-9b2d-040e3c016083,tF53XYMNMd4QJxtMsF2h,2,11.287739915609771,1300000
991e70a9-1e9e-11ef-9b2d-040e3c016083,txDz7IbKccW2ZXYMsg5k,1,11.287739915609771,500000
991e70a9-1e9e-11ef-9b2d-040e3c016083,uF7XsTghoGs3mEpsckOR,1,8.62379778980549,1500000
991e70a9-1e9e-11ef-9b2d-040e3c016083,uI3USCYdTBVnRHfbolgt,3,8.70840145459543,3000000
991e70a9-1e9e-11ef-9b2d-040e3c016083,ubOhCaldtZ2NGNZSzl8S,1,12.355725753408754,600000
991e70a9-1e9e-11ef-9b2d-040e3c016083,udsIIuHdOHojPr3mOjc2,4,14.782216290592288,200000
991e70a9-1e9e-11ef-9b2d-040e3c016083,unwKz0xY03RmO5OxTjtC,3,15.705138647469289,1200000
991e70a9-1e9e-11ef-9b2d-040e3c016083,urT2a8ldifgBYedGmUmd,2,10.579866008083703,1600000
991e70a9-1e9e-11ef-9b2d-040e3c016083,vRY5BQ2hWJbFgYHPGK74,2,11.287739915609771,2500000
991e70a9-1e9e-11ef-9b2d-040e3c016083,vkrJ5cP2ZtqwNjfTi7aG,1,13.506764439899065,3000000
991e70a9-1e9e-11ef-9b2d-040e3c016083,vvMl58AkIxJqFjrtMczu,1,8.685554593771037,0
991e70a9-1e9e-11ef-9b2d-040e3c016083,vvq3pFbrLrQKJ5c0NVa0,3,15.285712520325191,4500000
991e70a9-1e9e-11ef-9b2d-040e3c016083,wkcpTkzsdCUB0WddZHtL,3,20.92490240965186,3500000
991e70a9-1e9e-11ef-9b2d-040e3c016083,ww8LMVceitSrTSvdEVz4,2,14.847308880019916,0
991e70a9-1e9e-11ef-9b2d-040e3c016083,xMvYNHdXNLjVYEpMwDkj,1,14.35372049690884,500000
991e70a9-1e9e-11ef-9b2d-040e3c016083,xPHcHlh7noyKSUN3GOLN,2,11.287739915609771,1000000
991e70a9-1e9e-11ef-9b2d-040e3c016083,xr2zLfe7460vEJHfL1R6,4,9.261306924036795,500000
991e70a9-1e9e-11ef-9b2d-040e3c016083,xxu0VIwsrPiKsfmv3Cjt,3,4.238374124693119,500000
991e70a9-1e9e-11ef-9b2d-040e3c016083,y7JrAjqTeLN3yELPKIlC,2,16.641692592309198,1500000
991e70a9-1e9e-11ef-9b2d-040e3c016083,yGOblFsjdzUPur7dzOMP,2,9.261306924036795,500000
991e70a9-1e9e-11ef-9b2d-040e3c016083,yINcUBiwI7ibtlOK1pbm,1,13.283230674575517,300000
991e70a9-1e9e-11ef-9b2d-040e3c016083,yKVlk54uje47thOdLLBg,3,15.883661226745057,500000
991e70a9-1e9e-11ef-9b2d-040e3c016083,yPyyB4MYfMYx6MsvHBLl,5,8.398373336073846,200000
991e70a9-1e9e-11ef-9b2d-040e3c016083,yzYp9L1VvPieCHrHV78y,4,15.565641757731814,300000
991e70a9-1e9e-11ef-9b2d-040e3c016083,zR6WxlgEf2RKQFDyoJwl,2,11.4869631194843,2300000
991e70a9-1e9e-11ef-9b2d-040e3c016083,zwhKkfA7skECX5ZDgWvj,1,9.261306924036795,5000000
9c41d549-1e9e-11ef-ad26-040e3c016083,0RsXIpTxYxbkD1ef7nCF,3,3.974346901900499,2000000
9c41d549-1e9e-11ef-ad26-040e3c016083,0ibitfDjJNvgIx7vCd6Y,6,4.975940711823272,0
9c41d549-1e9e-11ef-ad26-040e3c016083,0swBNCJBfiIRxmzRREi2,7,0.49034889215143507,4800000
9c41d549-1e9e-11ef-ad26-040e3c016083,0u8Rj5YaaYUN05pOqOAe,5,4.985104196820622,3200000
9c41d549-1e9e-11ef-ad26-040e3c016083,1StM5HswzLz3VwD3nnyT,3,10.868499005960315,3800000
9c41d549-1e9e-11ef-ad26-040e3c016083,1SyOX5nLpPbHxF0tRBQe,1,9.218884226942885,5200000
9c41d549-1e9e-11ef-ad26-040e3c016083,1aoYNhwtodvT662nxon8,1,5.132048950403743,4700000
9c41d549-1e9e-11ef-ad26-040e3c016083,1yHlowt1q6F9m5e1837E,5,3.34951008846988,2400000
9c41d549-1e9e-11ef-ad26-040e3c016083,29f1A0i5GzNpGMvUsdae,2,4.393463462356692,2500000
9c41d549-1e9e-11ef-ad26-040e3c016083,29xDwPaXIY0vwCVDSpFG,2,11.074153404899853,4700000
9c41d549-1e9e-11ef-ad26-040e3c016083,2yyZFyn41qMQCMFGFqPj,5,4.049004040323281,600000
9c41d549-1e9e-11ef-ad26-040e3c016083,39GFiLtd7VrHOoUsPrWz,3,6.4225831922470045,3500000
9c41d549-1e9e-11ef-ad26-040e3c016083,3UXclQQjPqZn3o67SOso,3,4.665210097006694,3300000
9c41d549-1e9e-11ef-ad26-040e3c016083,3dpZxuBBaJpStfsVfJNY,4,2.6154136117820848,2400000
9c41d549-1e9e-11ef-ad26-040e3c016083,3gz1rLyC62cNtSbledms,4,2.6694371768426333,600000
9c41d549-1e9e-11ef-ad26-040e3c016083,3uSI9UGP8KkdYWscHC51,3,6.006528049284654,0
9c41d549-1e9e-11ef-ad26-040e3c016083,4FIYxwtacJ4rbVYkcG9k,8,3.974346901900499,0
9c41d549-1e9e-11ef-ad26-040e3c016083,4tgeNGivKygg6R8R1JCZ,3,3.689194946991147,4500000
9c41d549-1e9e-11ef-ad26-040e3c016083,4wI60GtouIZvd2HIFhIh,3,9.934324418875491,500000
9c41d549-1e9e-11ef-ad26-040e3c016083,4yvz9glBBrXWmDuMQaEB,2,6.742717560026947,4100000
9c41d549-1e9e-11ef-ad26-040e3c016083,5FdOq5z7Ehjvtfnp7I24,4,4.552812707991962,1800000
9c41d549-1e9e-11ef-ad26-040e3c016083,5PzoM1qR3LW9T4RnwYxs,2,11.074153404899853,5000000
9c41d549-1e9e-11ef-ad26-040e3c016083,5ZbvLzrN6CtpKjGuaOJf,4,3.019426256295179,3000000
9c41d549-1e9e-11ef-ad26-040e3c016083,6iUK9Lno6nd0ky8WHhvQ,1,7.587320598263472,2900001
9c41d549-1e9e-11ef-ad26-040e3c016083,78ooDgz5bkVfTAVLHQ4b,5,3.8636139465447754,3500000
9c41d549-1e9e-11ef-ad26-040e3c016083,7GLCseg2wkvweqXP2FZq,7,0.49034889215143507,4000000
9c41d549-1e9e-11ef-ad26-040e3c016083,7Hhgg4USykrF2WYAMq4h,1,5.307983076836289,3500000
9c41d549-1e9e-11ef-ad26-040e3c016083,7rqFEphDcFf17Y9Mxr0b,3,6.146185910920414,5700000
9c41d549-1e9e-11ef-ad26-040e3c016083,8A2GXme5EJMUCi2K6oOl,3,11.074153404899853,5000000
9c41d549-1e9e-11ef-ad26-040e3c016083,8Bc7Usq9diqSmj9mOrJE,3,30,2000000
9c41d549-1e9e-11ef-ad26-040e3c016083,8L04W3da0mdrL2eVBvmP,5,3.974346901900499,2000000
9c41d549-1e9e-11ef-ad26-040e3c016083,98hNZmMHWBjj7uPZeK2B,3,7.587320598263472,5000000
9c41d549-1e9e-11ef-ad26-040e3c016083,AL5cL8tJ5WDcRQqjiWfq,1,7.587320598263472,3200000
9c41d549-1e9e-11ef-ad26-040e3c016083,AcKonDcKbBd9srJ8kJrT,3,5.589807230283472,3000000
9c41d549-1e9e-11ef-ad26-040e3c016083,B4ItVZxVAylYJmxfBLM4,6,2.3692197274023714,0
9c41d549-1e9e-11ef-ad26-040e3c016083,BGLRJW546SxNnhOCma2F,2,11.149453419828376,5400000
9c41d549-1e9e-11ef-ad26-040e3c016083,CsAuzfyhqdeRmO5EwHMo,5,2.3223387766154415,2000000
9c41d549-1e9e-11ef-ad26-040e3c016083,CzeJRpKSJJPd0u93Jl5X,2,2.089734897724258,1000000
9c41d549-1e9e-11ef-ad26-040e3c016083,D2yQi0OGpEg9lXe4paHN,2,6.146185910920414,5700000
9c41d549-1e9e-11ef-ad26-040e3c016083,DfYJgwxYNnaqctVFX6Fx,7,0.49034889215143507,5500000
9c41d549-1e9e-11ef-ad26-040e3c016083,Dzxsk6CNw2s06qhm42qO,7,1.6008123060293518,700000
9c41d549-1e9e-11ef-ad26-040e3c016083,E66qoWthZdknSpsDyuyC,4,2.6694371768426333,600000
9c41d549-1e9e-11ef-ad26-040e3c016083,ED7u2sENb7U8qM3P3Zev,6,1.6008123060293518,700000
9c41d549-1e9e-11ef-ad26-040e3c016083,EPXHkQqzRGCapf2a4ki8,4,1.6862975649512868,3300000
9c41d549-1e9e-11ef-ad26-040e3c016083,EZTxqwMDBfEDxNqhtEbR,3,4.853097980639139,2300000
9c41d549-1e9e-11ef-ad26-040e3c016083,EwBTbTCGOWoBb1EbEEEW,4,2.999210798817968,1000000
9c41d549-1e9e-11ef-ad26-040e3c016083,F0cscj5XTHKgU57T8bhy,3,8.001086594607171,2300000
9c41d549-1e9e-11ef-ad26-040e3c016083,FCAEPJQWscGwnzRM4jUi,4,4.384369584610487,500000
9c41d549-1e9e-11ef-ad26-040e3c016083,FnjUu83KXaLi2vhAcoeQ,3,5.683507551955896,3700000
9c41d549-1e9e-11ef-ad26-040e3c016083,GAuaI0SSPTNV0vN3he09,7,0.49034889215143507,3500000
9c41d549-1e9e-11ef-ad26-040e3c016083,GV265joouF79qk7lErIx,2,20.84153487446273,3200000
9c41d549-1e9e-11ef-ad26-040e3c016083,GbJK7QiT6cppBPTDVOsf,6,0.49034889215143507,4100000
9c41d549-1e9e-11ef-ad26-040e3c016083,HJOHvRsAWlzWEbzHM8Px,3,7.800580002813694,2700000
9c41d549-1e9e-11ef-ad26-040e3c016083,HpJd2w8HYj0xl3v7JlKQ,5,4.552812707991962,1800000
9c41d549-1e9e-11ef-ad26-040e3c016083,I6IQ4iHVuTTPucUoHPln,3,7.95178435361061,4700000
9c41d549-1e9e-11ef-ad26-040e3c016083,IYC5QeWKNbr5XlyWhaJt,3,3.0681283282864014,1300000
9c41d549-1e9e-11ef-ad26-040e3c016083,JFG5PCdrQLeNRCRr0zZu,4,2.370537435447248,5100000
9c41d549-1e9e-11ef-ad26-040e3c016083,JaCMElOyhlt8jDstvajY,3,9.218884226942885,5200000
9c41d549-1e9e-11ef-ad26-040e3c016083,KRSxQrWPsnzn9E9AZd8K,2,6.722916680332324,5200000
9c41d549-1e9e-11ef-ad26-040e3c016083,KVctgJrJINLUizdlOU0Z,4,2.999210798817968,1000000
9c41d549-1e9e-11ef-ad26-040e3c016083,KkE7H2hNrFq8hODowTnY,2,6.285289518876762,3000000
9c41d549-1e9e-11ef-ad26-040e3c016083,L3w3AFkJn0qxyROAD77a,2,2.0941911044625456,1200000
9c41d549-1e9e-11ef-ad26-040e3c016083,LIB3o9pkiZiNMiZ3NiMB,6,0.49034889215143507,3100000
9c41d549-1e9e-11ef-ad26-040e3c016083,LM4qnEwdhXUKncNI35L6,7,0.49034889215143507,3000000
9c41d549-1e9e-11ef-ad26-040e3c016083,LukiqvE5zaxZeobZVY6O,2,3.974346901900499,2000000
9c41d549-1e9e-11ef-ad26-040e3c016083,M6NxlWupOJfZ0jPp7Lk6,3,7.587320598263472,2500000
9c41d549-1e9e-11ef-ad26-040e3c016083,MqNmUpgJfx7sPUtFiash,2,4.63573783186384,2000000
9c41d549-1e9e-11ef-ad26-040e3c016083,N6vVpQ9M5APipqlVL7aL,2,2.026575408119636,1400000
9c41d549-1e9e-11ef-ad26-040e3c016083,No0cbw2NKa76fILSeXUD,5,3.628553993345969,5200000
9c41d549-1e9e-11ef-ad26-040e3c016083,O1kmuvjKTk2eAW2xpw7e,1,5.307983076836289,3500000
9c41d549-1e9e-11ef-ad26-040e3c016083,O6s95SMQC0aJyZqBeZm7,1,5.567457379656834,5600000
9c41d549-1e9e-11ef-ad26-040e3c016083,OBPIg9ZLeN4Coifrye0W,3,5.719077612441317,2500000
9c41d549-1e9e-11ef-ad26-040e3c016083,OkWvDHMqAs83XCAPcdO2,2,19.40461006128277,3600000
9c41d549-1e9e-11ef-ad26-040e3c016083,PCOUS8KZR0Ph13BLzrPR,2,6.285289518876762,2500000
9c41d549-1e9e-11ef-ad26-040e3c016083,PJmi4oBrIyQw8hxN45jY,5,4.0881884093928,5500000
9c41d549-1e9e-11ef-ad26-040e3c016083,Pae60dySd6ixwSyE6NUv,3,6.285289518876762,3000000
9c41d549-1e9e-11ef-ad26-040e3c016083,PdMUfYqBBfdZQvl3ZmDF,3,6.903629298178558,3700000
9c41d549-1e9e-11ef-ad26-040e3c016083,PdUlTnzmgcRd3I0O0Kje,6,0.49034889215143507,3000000
9c41d549-1e9e-11ef-ad26-040e3c016083,Q2pUi1iaYkUXp2V0PhTA,3,11.074153404899853,5000000
9c41d549-1e9e-11ef-ad26-040e3c016083,Qux3ZMgibJarc4CfCo4L,2,4.96344603617025,4500000
9c41d549-1e9e-11ef-ad26-040e3c016083,Quyw1yoMf6oeAsf4ei82,1,5.132048950403743,4700000
9c41d549-1e9e-11ef-ad26-040e3c016083,Qx8Dx7hkNehsP8Ec5yA5,3,3.628553993345969,5200000
9c41d549-1e9e-11ef-ad26-040e3c016083,QypCz2qv29dQlcX4LTcc,3,3.185136042524022,5300000
9c41d549-1e9e-11ef-ad26-040e3c016083,R59acpMZGr8IcIHo8yCh,5,3.0681283282864014,1300000
9c41d549-1e9e-11ef-ad26-040e3c016083,R6eT9AxLMT7KF2Sv9QaG,4,4.492912061803833,500000
9c41d549-1e9e-11ef-ad26-040e3c016083,RfsuLJPMPj0snX0ihLjn,3,5.132048950403743,4700000
9c41d549-1e9e-11ef-ad26-040e3c016083,RgEunQB3QDn719ailYkj,4,4.985104196820622,3200000
9c41d549-1e9e-11ef-ad26-040e3c016083,Rwgf8cjLEEGUA7EEVKtf,4,0.49034889215143507,5500000
9c41d549-1e9e-11ef-ad26-040e3c016083,S8D4ROZ1LivtKSbdYpSv,5,2.370537435447248,5100000
9c41d549-1e9e-11ef-ad26-040e3c016083,TCmSxtvfpzAI9Kyhydzr,3,30,2000000
9c41d549-1e9e-11ef-ad26-040e3c016083,TNWiPAcmdfDmmLebrmIu,7,0.49034889215143507,3000000
9c41d549-1e9e-11ef-ad26-040e3c016083,TY1HhU1covRwD7TN2VTh,2,19.40461006128277,3600000
9c41d549-1e9e-11ef-ad26-040e3c016083,TeqpLgdC4vf6Q9gmKXsP,2,7.800580002813694,2700000
9c41d549-1e9e-11ef-ad26-040e3c016083,TfYJzXYE1bvRUKUcugAb,5,2.1327401700485944,1000000
9c41d549-1e9e-11ef-ad26-040e3c016083,URdWYFi04GTO7rIodoAc,3,6.006528049284654,1300000
9c41d549-1e9e-11ef-ad26-040e3c016083,Uj3qeGrJBrEwAEu0W2iu,1,7.056242669018539,4200000
9c41d549-1e9e-11ef-ad26-040e3c016083,V47fq1hBC1HWjH7NROGy,6,0.49034889215143507,3100000
9c41d549-1e9e-11ef-ad26-040e3c016083,VBu1kQ3PymLBAOsgCg4Q,7,0.49034889215143507,4000000
9c41d549-1e9e-11ef-ad26-040e3c016083,VIYbdeLQYy78mkbzvt3S,7,0.49034889215143507,4000000
9c41d549-1e9e-11ef-ad26-040e3c016083,VVqpULhyUfjXpEAU8uBf,3,2.089734897724258,3500000
9c41d549-1e9e-11ef-ad26-040e3c016083,WD9xJz2lRxRfhUGf7Yy6,3,6.285289518876762,2200000
9c41d549-1e9e-11ef-ad26-040e3c016083,X3qNwAFynzgskrzR0qUZ,3,7.587320598263472,3000000
9c41d549-1e9e-11ef-ad26-040e3c016083,X9UpWqtaybMjsu2Lm8Xk,2,2.089734897724258,3500000
9c41d549-1e9e-11ef-ad26-040e3c016083,XMabSiGhdNfstta0Yium,3,3.1061513667637115,1500000
9c41d549-1e9e-11ef-ad26-040e3c016083,XbipMOI4lDgqW6kCV1kk,2,30,1500000
9c41d549-1e9e-11ef-ad26-040e3c016083,XzLiRrgyVHW4JsJ8c0Hc,6,1.6167806386588166,2000000
9c41d549-1e9e-11ef-ad26-040e3c016083,YLspABuzKu9k1xgc6Cfj,5,2.6154136117820848,2400000
9c41d549-1e9e-11ef-ad26-040e3c016083,YcqP9jtrc1uvhxsEP2N9,7,0.49034889215143507,4100000
9c41d549-1e9e-11ef-ad26-040e3c016083,YdjFGRRUjacJCU9lp7QL,3,3.1061513667637115,1500000
9c41d549-1e9e-11ef-ad26-040e3c016083,YnPRgwM3K736kEyjGqPZ,7,0.49034889215143507,5500000
9c41d549-1e9e-11ef-ad26-040e3c016083,YoqUAe9srafQLwUMGXTM,2,7.8299413205867445,2700000
9c41d549-1e9e-11ef-ad26-040e3c016083,Zu7VT3CEOweTOwLKpQMK,6,2.256741880092273,200000
9c41d549-1e9e-11ef-ad26-040e3c016083,a1XaaEcggSPSjH7x3M1N,2,4.393463462356692,1000000
9c41d549-1e9e-11ef-ad26-040e3c016083,afc5kIbTL7X9Ip4cz7fF,4,0.49034889215143507,4000000
9c41d549-1e9e-11ef-ad26-040e3c016083,avUBZXqNogvbbayyGUh6,1,9.772172623485059,3800000
9c41d549-1e9e-11ef-ad26-040e3c016083,avyOiCvR4sU3DDjWH8ge,1,9.162494920247658,3700000
9c41d549-1e9e-11ef-ad26-040e3c016083,bCX7vkW5T3eSDEGTQbg1,2,4.22322611026923,2000000
9c41d549-1e9e-11ef-ad26-040e3c016083,bHUoj2xkuI4gY30OdjdM,2,6.327386383614044,1000000
9c41d549-1e9e-11ef-ad26-040e3c016083,bUIQWkMPdyZ1uzVrKCnc,4,4.96344603617025,4500000
9c41d549-1e9e-11ef-ad26-040e3c016083,bXNDqZT3fXRRBk661akG,1,30,4000000
9c41d549-1e9e-11ef-ad26-040e3c016083,c292g4ic0e6lJgIWX1QH,1,6.4225831922470045,3500000
9c41d549-1e9e-11ef-ad26-040e3c016083,d0DxGTKfPQA04Gakw6OF,2,3.34951008846988,2400000
9c41d549-1e9e-11ef-ad26-040e3c016083,dBgp9eBweTw75LV2tSR6,5,3.7928667792501165,200000
9c41d549-1e9e-11ef-ad26-040e3c016083,dv4XdgHVlZcJtOebPA8Q,5,4.049004040323281,600000
9c41d549-1e9e-11ef-ad26-040e3c016083,dyABpC7CFuHsWxf5DAyN,4,2.089734897724258,3500000
9c41d549-1e9e-11ef-ad26-040e3c016083,e0PgpVCcAWreswsEv0Jq,1,5.589807230283472,3000000
9c41d549-1e9e-11ef-ad26-040e3c016083,eJDPRHHinhFgyBZrjGGq,2,4.650982910894053,6600000
9c41d549-1e9e-11ef-ad26-040e3c016083,eUMXmCuLlMMmdMQpXFQJ,3,11.588596149307113,5000000
9c41d549-1e9e-11ef-ad26-040e3c016083,ea1FDgQB4zoUegWl32ya,5,4.393463462356692,1000000
9c41d549-1e9e-11ef-ad26-040e3c016083,epOSoWYY55L4QeLeBxyV,3,9.162494920247658,4000000
9c41d549-1e9e-11ef-ad26-040e3c016083,f4FupO5Vb3JYf936r0Nw,9,0.49034889215143507,500000
9c41d549-1e9e-11ef-ad26-040e3c016083,fMBPtUSiBqAcQOk32RR8,1,5.54766639119403,1000000
9c41d549-1e9e-11ef-ad26-040e3c016083,fYOnAKdKtZkgQrFfVuXW,3,3.1061513667637115,1500000
9c41d549-1e9e-11ef-ad26-040e3c016083,fwZ4pXRydP9iaCD9N1G7,2,3.6880915506769907,2000000
9c41d549-1e9e-11ef-ad26-040e3c016083,gvbZ45x7DWLtPmvK8oVz,3,6.903629298178558,2000000
9c41d549-1e9e-11ef-ad26-040e3c016083,hBAOBVv4CR9d6bkGZCzc,1,30,2000000
9c41d549-1e9e-11ef-ad26-040e3c016083,hECdNPaBAfZ89HNs3l9h,1,8.451238695994311,4500000
9c41d549-1e9e-11ef-ad26-040e3c016083,hEFwZXthqMfupnAcmJ2t,1,5.683507551955896,3700000
9c41d549-1e9e-11ef-ad26-040e3c016083,hXpH041I8oRihgAHxmj5,4,4.975940711823272,800000
9c41d549-1e9e-11ef-ad26-040e3c016083,hYW58tBxFoZ9zsaJubqY,3,10.585250909615002,3000000
9c41d549-1e9e-11ef-ad26-040e3c016083,hjFiktzdojENxE0zgyds,4,2.0941911044625456,1200000
9c41d549-1e9e-11ef-ad26-040e3c016083,hu9hrvL8MsVnBlTQMPzw,3,2.336521996498989,500000
9c41d549-1e9e-11ef-ad26-040e3c016083,i5XIQyawjhlTTUxeyITS,3,4.492912061803833,2500000
9c41d549-1e9e-11ef-ad26-040e3c016083,imGVWUTfam1MgYO5c282,5,3.571213908893418,3500000
9c41d549-1e9e-11ef-ad26-040e3c016083,j74I7sAno4NwrQpS752a,3,2.1327401700485944,1000000
9c41d549-1e9e-11ef-ad26-040e3c016083,jX5SZGw0ODmmWUOwHchZ,2,6.722916680332324,5200000
9c41d549-1e9e-11ef-ad26-040e3c016083,k2PZ5odV85GDWTpXUIkc,3,3.237625470630986,900000
9c41d549-1e9e-11ef-ad26-040e3c016083,kHOd3ZfUXgcQ1cvhlNi4,6,3.974346901900499,0
9c41d549-1e9e-11ef-ad26-040e3c016083,kdvwjgxBrGzeMZFK4HxI,1,7.587320598263472,2500000
9c41d549-1e9e-11ef-ad26-040e3c016083,klXFM7EzvnkEUJk1NzPo,3,3.237625470630986,900000
9c41d549-1e9e-11ef-ad26-040e3c016083,lCRJoJsp2BkBn4VAxSG6,3,11.149453419828376,5400000
9c41d549-1e9e-11ef-ad26-040e3c016083,lHtIzGxgadpcI2SH2MXD,4,2.0872719760318024,2500000
9c41d549-1e9e-11ef-ad26-040e3c016083,mNdE6mQ3mVdYt23lgTmX,6,1.6167806386588166,2000000
9c41d549-1e9e-11ef-ad26-040e3c016083,mONPfAYVYW7kEuk920qW,4,4.853097980639139,2300000
9c41d549-1e9e-11ef-ad26-040e3c016083,mq0X1B9uobOVM4CWZf4q,3,30,1500000
9c41d549-1e9e-11ef-ad26-040e3c016083,n1OjfWW29Zj73gH14gY8,4,3.3028889363420957,700000
9c41d549-1e9e-11ef-ad26-040e3c016083,nMJnm3BvKnte1bdx6NTF,5,3.311896250244388,5100000
9c41d549-1e9e-11ef-ad26-040e3c016083,nRI0z3n3ZL6SG9nmTh2V,3,6.285289518876762,2200000
9c41d549-1e9e-11ef-ad26-040e3c016083,naug2BVkWVGo928BNdsQ,2,5.307983076836289,3500000
9c41d549-1e9e-11ef-ad26-040e3c016083,o2uRjiWu7x9y66w54ZKI,2,2.7515960862447657,3300000
9c41d549-1e9e-11ef-ad26-040e3c016083,oNOYrpRfzrG5y1lVllsF,5,0.49034889215143507,5500000
9c41d549-1e9e-11ef-ad26-040e3c016083,oZhFXIopaf9e2g0Ho4W2,5,3.892500827015788,3400000
9c41d549-1e9e-11ef-ad26-040e3c016083,ohl0N2ZNHgIFHRyRm5JF,3,2.9246815928580756,800000
9c41d549-1e9e-11ef-ad26-040e3c016083,olWZl8WOq8rAQ5XopzjV,3,2.9246815928580756,800000
9c41d549-1e9e-11ef-ad26-040e3c016083,ozd4DNbt4QbNcC64quxB,4,0.49034889215143507,1500000
9c41d549-1e9e-11ef-ad26-040e3c016083,q3rhJlWyZN10raxxtvHV,1,30,2000000
9c41d549-1e9e-11ef-ad26-040e3c016083,qcY2zCPIXeGeBNZMxAgs,4,3.6256101671629355,800000
9c41d549-1e9e-11ef-ad26-040e3c016083,rCVVZfC4uvfut3YgpCBH,1,5.052021305160182,2500000
9c41d549-1e9e-11ef-ad26-040e3c016083,rQPZSWKNWgFGb5t7WxTm,5,3.9369276842500143,2100000
9c41d549-1e9e-11ef-ad26-040e3c016083,s8JgUAuPWgNG4zQUNeGU,3,7.587320598263472,2500000
9c41d549-1e9e-11ef-ad26-040e3c016083,sa6P3ZiFd5t1Wu7RNXOH,3,9.162494920247658,4000000
9c41d549-1e9e-11ef-ad26-040e3c016083,sqPzwUiSvMMX3lLmd2B2,5,0.49034889215143507,5500000
9c41d549-1e9e-11ef-ad26-040e3c016083,t1pycrNs36UteM5AUtLG,1,6.006528049284654,0
9c41d549-1e9e-11ef-ad26-040e3c016083,t8wI7QAD1RSmc54UPRq1,5,3.233491603097494,4000000
9c41d549-1e9e-11ef-ad26-040e3c016083,tF53XYMNMd4QJxtMsF2h,6,0.49034889215143507,4300000
9c41d549-1e9e-11ef-ad26-040e3c016083,txDz7IbKccW2ZXYMsg5k,5,0.49034889215143507,3500000
9c41d549-1e9e-11ef-ad26-040e3c016083,uF7XsTghoGs3mEpsckOR,4,3.1061513667637115,1500000
9c41d549-1e9e-11ef-ad26-040e3c016083,uI3USCYdTBVnRHfbolgt,6,2.3692197274023714,0
9c41d549-1e9e-11ef-ad26-040e3c016083,ubOhCaldtZ2NGNZSzl8S,2,2.6154136117820848,2400000
9c41d549-1e9e-11ef-ad26-040e3c016083,udsIIuHdOHojPr3mOjc2,4,4.03906985328584,2800000
9c41d549-1e9e-11ef-ad26-040e3c016083,unwKz0xY03RmO5OxTjtC,2,7.2732074332299055,4200000
9c41d549-1e9e-11ef-ad26-040e3c016083,urT2a8ldifgBYedGmUmd,4,2.026575408119636,1400000
9c41d549-1e9e-11ef-ad26-040e3c016083,vRY5BQ2hWJbFgYHPGK74,6,0.49034889215143507,5500000
9c41d549-1e9e-11ef-ad26-040e3c016083,vkrJ5cP2ZtqwNjfTi7aG,4,6.006528049284654,0
9c41d549-1e9e-11ef-ad26-040e3c016083,vvMl58AkIxJqFjrtMczu,2,6.285289518876762,3000000
9c41d549-1e9e-11ef-ad26-040e3c016083,vvq3pFbrLrQKJ5c0NVa0,3,8.073816964020569,1500000
9c41d549-1e9e-11ef-ad26-040e3c016083,wkcpTkzsdCUB0WddZHtL,4,9.934324418875491,500000
9c41d549-1e9e-11ef-ad26-040e3c016083,ww8LMVceitSrTSvdEVz4,2,7.587320598263472,3000000
9c41d549-1e9e-11ef-ad26-040e3c016083,xMvYNHdXNLjVYEpMwDkj,3,4.393463462356692,2500000
9c41d549-1e9e-11ef-ad26-040e3c016083,xPHcHlh7noyKSUN3GOLN,4,0.49034889215143507,4000000
9c41d549-1e9e-11ef-ad26-040e3c016083,xr2zLfe7460vEJHfL1R6,2,3.8636139465447754,3500000
9c41d549-1e9e-11ef-ad26-040e3c016083,xxu0VIwsrPiKsfmv3Cjt,2,10.476730337745726,3500000
9c41d549-1e9e-11ef-ad26-040e3c016083,y7JrAjqTeLN3yELPKIlC,1,6.774693412766499,4500000
9c41d549-1e9e-11ef-ad26-040e3c016083,yGOblFsjdzUPur7dzOMP,5,3.8636139465447754,3500000
9c41d549-1e9e-11ef-ad26-040e3c016083,yINcUBiwI7ibtlOK1pbm,3,4.023088325512048,3300000
9c41d549-1e9e-11ef-ad26-040e3c016083,yKVlk54uje47thOdLLBg,2,6.4225831922470045,3500000
9c41d549-1e9e-11ef-ad26-040e3c016083,yPyyB4MYfMYx6MsvHBLl,5,3.128977875158196,3200000
9c41d549-1e9e-11ef-ad26-040e3c016083,yzYp9L1VvPieCHrHV78y,3,4.665210097006694,3300000
9c41d549-1e9e-11ef-ad26-040e3c016083,zR6WxlgEf2RKQFDyoJwl,4,3.3028889363420957,700000
9c41d549-1e9e-11ef-ad26-040e3c016083,zwhKkfA7skECX5ZDgWvj,4,3.8636139465447754,2000000
a0e93daa-1e9e-11ef-b635-040e3c016083,0RsXIpTxYxbkD1ef7nCF,1,12.093239985524535,3000000
a0e93daa-1e9e-11ef-b635-040e3c016083,0ibitfDjJNvgIx7vCd6Y,2,10.637830625210809,5000000
a0e93daa-1e9e-11ef-b635-040e3c016083,0swBNCJBfiIRxmzRREi2,5,11.442552436817406,200000
a0e93daa-1e9e-11ef-b635-040e3c016083,0u8Rj5YaaYUN05pOqOAe,2,16.251754147991864,1800000
a0e93daa-1e9e-11ef-b635-040e3c016083,1StM5HswzLz3VwD3nnyT,3,22.53852176050228,1200000
a0e93daa-1e9e-11ef-b635-040e3c016083,1SyOX5nLpPbHxF0tRBQe,5,14.029535813850178,200000
a0e93daa-1e9e-11ef-b635-040e3c016083,1aoYNhwtodvT662nxon8,1,8.60908010053073,300000
a0e93daa-1e9e-11ef-b635-040e3c016083,1yHlowt1q6F9m5e1837E,2,15.00626379476033,2600000
a0e93daa-1e9e-11ef-b635-040e3c016083,29f1A0i5GzNpGMvUsdae,3,9.747229796881989,2500000
a0e93daa-1e9e-11ef-b635-040e3c016083,29xDwPaXIY0vwCVDSpFG,4,22.690720436304964,300000
a0e93daa-1e9e-11ef-b635-040e3c016083,2yyZFyn41qMQCMFGFqPj,3,10.66666805167091,4400000
a0e93daa-1e9e-11ef-b635-040e3c016083,39GFiLtd7VrHOoUsPrWz,2,9.803453147248163,1500000
a0e93daa-1e9e-11ef-b635-040e3c016083,3UXclQQjPqZn3o67SOso,1,7.483849940832864,1700000
a0e93daa-1e9e-11ef-b635-040e3c016083,3dpZxuBBaJpStfsVfJNY,3,11.103628324998526,2600000
a0e93daa-1e9e-11ef-b635-040e3c016083,3gz1rLyC62cNtSbledms,3,14.329335713642195,5600000
a0e93daa-1e9e-11ef-b635-040e3c016083,3uSI9UGP8KkdYWscHC51,3,11.363935208489844,5000000
a0e93daa-1e9e-11ef-b635-040e3c016083,4FIYxwtacJ4rbVYkcG9k,2,12.093239985524535,5000000
a0e93daa-1e9e-11ef-b635-040e3c016083,4tgeNGivKygg6R8R1JCZ,4,8.394498105580269,500000
a0e93daa-1e9e-11ef-b635-040e3c016083,4wI60GtouIZvd2HIFhIh,5,2.414398908506634,5500000
a0e93daa-1e9e-11ef-b635-040e3c016083,4yvz9glBBrXWmDuMQaEB,3,8.942033028990467,900000
a0e93daa-1e9e-11ef-b635-040e3c016083,5FdOq5z7Ehjvtfnp7I24,1,15.245623908512044,3200000
a0e93daa-1e9e-11ef-b635-040e3c016083,5PzoM1qR3LW9T4RnwYxs,1,22.690720436304964,0
a0e93daa-1e9e-11ef-b635-040e3c016083,5ZbvLzrN6CtpKjGuaOJf,2,14.690832909757832,2000000
a0e93daa-1e9e-11ef-b635-040e3c016083,6iUK9Lno6nd0ky8WHhvQ,1,13.032318297434163,2099999
a0e93daa-1e9e-11ef-b635-040e3c016083,78ooDgz5bkVfTAVLHQ4b,2,14.578692330030293,1500000
a0e93daa-1e9e-11ef-b635-040e3c016083,7GLCseg2wkvweqXP2FZq,2,11.442552436817406,1000000
a0e93daa-1e9e-11ef-b635-040e3c016083,7Hhgg4USykrF2WYAMq4h,2,12.772650851590702,1500000
a0e93daa-1e9e-11ef-b635-040e3c016083,7rqFEphDcFf17Y9Mxr0b,1,17.7789991178687,700000
a0e93daa-1e9e-11ef-b635-040e3c016083,8A2GXme5EJMUCi2K6oOl,1,22.690720436304964,0
a0e93daa-1e9e-11ef-b635-040e3c016083,8Bc7Usq9diqSmj9mOrJE,2,30,3000000
a0e93daa-1e9e-11ef-b635-040e3c016083,8L04W3da0mdrL2eVBvmP,3,12.093239985524535,3000000
a0e93daa-1e9e-11ef-b635-040e3c016083,98hNZmMHWBjj7uPZeK2B,4,13.032318297434163,0
a0e93daa-1e9e-11ef-b635-040e3c016083,AL5cL8tJ5WDcRQqjiWfq,3,13.032318297434163,1800000
a0e93daa-1e9e-11ef-b635-040e3c016083,AcKonDcKbBd9srJ8kJrT,3,11.240305792676367,2000000
a0e93daa-1e9e-11ef-b635-040e3c016083,B4ItVZxVAylYJmxfBLM4,1,13.917731119824005,5000000
a0e93daa-1e9e-11ef-b635-040e3c016083,BGLRJW546SxNnhOCma2F,4,22.398677980933588,400000
a0e93daa-1e9e-11ef-b635-040e3c016083,CsAuzfyhqdeRmO5EwHMo,1,12.49743061513315,3000000
a0e93daa-1e9e-11ef-b635-040e3c016083,CzeJRpKSJJPd0u93Jl5X,3,10.784570119979682,4000000
a0e93daa-1e9e-11ef-b635-040e3c016083,D2yQi0OGpEg9lXe4paHN,3,17.7789991178687,700000
a0e93daa-1e9e-11ef-b635-040e3c016083,DfYJgwxYNnaqctVFX6Fx,1,11.442552436817406,500000
a0e93daa-1e9e-11ef-b635-040e3c016083,Dzxsk6CNw2s06qhm42qO,1,13.224658427902744,4300000
a0e93daa-1e9e-11ef-b635-040e3c016083,E66qoWthZdknSpsDyuyC,1,14.329335713642195,5600000
a0e93daa-1e9e-11ef-b635-040e3c016083,ED7u2sENb7U8qM3P3Zev,1,13.224658427902744,4300000
a0e93daa-1e9e-11ef-b635-040e3c016083,EPXHkQqzRGCapf2a4ki8,2,10.101380054237607,1700000
a0e93daa-1e9e-11ef-b635-040e3c016083,EZTxqwMDBfEDxNqhtEbR,2,6.81903129710876,2700000
a0e93daa-1e9e-11ef-b635-040e3c016083,EwBTbTCGOWoBb1EbEEEW,3,14.364095202523062,6000000
a0e93daa-1e9e-11ef-b635-040e3c016083,F0cscj5XTHKgU57T8bhy,2,4.9233094364797205,2700000
a0e93daa-1e9e-11ef-b635-040e3c016083,FCAEPJQWscGwnzRM4jUi,3,11.563051024323732,4500000
a0e93daa-1e9e-11ef-b635-040e3c016083,FnjUu83KXaLi2vhAcoeQ,3,6.113916090742836,1300000
a0e93daa-1e9e-11ef-b635-040e3c016083,GAuaI0SSPTNV0vN3he09,3,11.442552436817406,1500000
a0e93daa-1e9e-11ef-b635-040e3c016083,GV265joouF79qk7lErIx,2,16.340900499957772,1800000
a0e93daa-1e9e-11ef-b635-040e3c016083,GbJK7QiT6cppBPTDVOsf,2,11.442552436817406,900000
a0e93daa-1e9e-11ef-b635-040e3c016083,HJOHvRsAWlzWEbzHM8Px,3,13.462737071384359,2300000
a0e93daa-1e9e-11ef-b635-040e3c016083,HpJd2w8HYj0xl3v7JlKQ,2,15.245623908512044,3200000
a0e93daa-1e9e-11ef-b635-040e3c016083,I6IQ4iHVuTTPucUoHPln,1,13.978674434531188,300000
a0e93daa-1e9e-11ef-b635-040e3c016083,IYC5QeWKNbr5XlyWhaJt,2,14.327891885246833,3700000
a0e93daa-1e9e-11ef-b635-040e3c016083,JFG5PCdrQLeNRCRr0zZu,3,9.54239485856042,100000
a0e93daa-1e9e-11ef-b635-040e3c016083,JaCMElOyhlt8jDstvajY,4,14.029535813850178,200000
a0e93daa-1e9e-11ef-b635-040e3c016083,KRSxQrWPsnzn9E9AZd8K,4,16.275448449227838,200000
a0e93daa-1e9e-11ef-b635-040e3c016083,KVctgJrJINLUizdlOU0Z,3,14.364095202523062,6000000
a0e93daa-1e9e-11ef-b635-040e3c016083,KkE7H2hNrFq8hODowTnY,2,15.86048287474122,2000000
a0e93daa-1e9e-11ef-b635-040e3c016083,L3w3AFkJn0qxyROAD77a,3,10.710014549082368,3800000
a0e93daa-1e9e-11ef-b635-040e3c016083,LIB3o9pkiZiNMiZ3NiMB,2,11.442552436817406,1900000
a0e93daa-1e9e-11ef-b635-040e3c016083,LM4qnEwdhXUKncNI35L6,1,11.442552436817406,2000000
a0e93daa-1e9e-11ef-b635-040e3c016083,LukiqvE5zaxZeobZVY6O,3,12.093239985524535,3000000
a0e93daa-1e9e-11ef-b635-040e3c016083,M6NxlWupOJfZ0jPp7Lk6,2,13.032318297434163,2500000
a0e93daa-1e9e-11ef-b635-040e3c016083,MqNmUpgJfx7sPUtFiash,3,9.569361831257318,3000000
a0e93daa-1e9e-11ef-b635-040e3c016083,N6vVpQ9M5APipqlVL7aL,1,12.627497936539939,3600000
a0e93daa-1e9e-11ef-b635-040e3c016083,No0cbw2NKa76fILSeXUD,3,13.870691105198901,200000
a0e93daa-1e9e-11ef-b635-040e3c016083,O1kmuvjKTk2eAW2xpw7e,1,12.772650851590702,1500000
a0e93daa-1e9e-11ef-b635-040e3c016083,O6s95SMQC0aJyZqBeZm7,1,7.895835304804802,600000
a0e93daa-1e9e-11ef-b635-040e3c016083,OBPIg9ZLeN4Coifrye0W,2,8.94512297456638,2500000
a0e93daa-1e9e-11ef-b635-040e3c016083,OkWvDHMqAs83XCAPcdO2,3,7.892727507484212,1400000
a0e93daa-1e9e-11ef-b635-040e3c016083,PCOUS8KZR0Ph13BLzrPR,1,15.86048287474122,2500000
a0e93daa-1e9e-11ef-b635-040e3c016083,PJmi4oBrIyQw8hxN45jY,1,15.711355474004016,500000
a0e93daa-1e9e-11ef-b635-040e3c016083,Pae60dySd6ixwSyE6NUv,1,15.86048287474122,2000000
a0e93daa-1e9e-11ef-b635-040e3c016083,PdMUfYqBBfdZQvl3ZmDF,3,17.495288352845822,1300000
a0e93daa-1e9e-11ef-b635-040e3c016083,PdUlTnzmgcRd3I0O0Kje,1,11.442552436817406,2000000
a0e93daa-1e9e-11ef-b635-040e3c016083,Q2pUi1iaYkUXp2V0PhTA,3,22.690720436304964,0
a0e93daa-1e9e-11ef-b635-040e3c016083,Qux3ZMgibJarc4CfCo4L,2,10.641432747742686,500000
a0e93daa-1e9e-11ef-b635-040e3c016083,Quyw1yoMf6oeAsf4ei82,2,8.60908010053073,300000
a0e93daa-1e9e-11ef-b635-040e3c016083,Qx8Dx7hkNehsP8Ec5yA5,5,13.870691105198901,200000
a0e93daa-1e9e-11ef-b635-040e3c016083,QypCz2qv29dQlcX4LTcc,2,14.856615524618023,300000
a0e93daa-1e9e-11ef-b635-040e3c016083,R59acpMZGr8IcIHo8yCh,2,14.327891885246833,3700000
a0e93daa-1e9e-11ef-b635-040e3c016083,R6eT9AxLMT7KF2Sv9QaG,3,8.052844715937528,4500000
a0e93daa-1e9e-11ef-b635-040e3c016083,RfsuLJPMPj0snX0ihLjn,3,8.60908010053073,300000
a0e93daa-1e9e-11ef-b635-040e3c016083,RgEunQB3QDn719ailYkj,2,16.251754147991864,1800000
a0e93daa-1e9e-11ef-b635-040e3c016083,Rwgf8cjLEEGUA7EEVKtf,2,11.442552436817406,500000
a0e93daa-1e9e-11ef-b635-040e3c016083,S8D4ROZ1LivtKSbdYpSv,5,9.54239485856042,100000
a0e93daa-1e9e-11ef-b635-040e3c016083,TCmSxtvfpzAI9Kyhydzr,1,30,3000000
a0e93daa-1e9e-11ef-b635-040e3c016083,TNWiPAcmdfDmmLebrmIu,1,11.442552436817406,2000000
a0e93daa-1e9e-11ef-b635-040e3c016083,TY1HhU1covRwD7TN2VTh,1,7.892727507484212,1400000
a0e93daa-1e9e-11ef-b635-040e3c016083,TeqpLgdC4vf6Q9gmKXsP,3,13.462737071384359,2300000
a0e93daa-1e9e-11ef-b635-040e3c016083,TfYJzXYE1bvRUKUcugAb,2,11.111483842448294,4000000
a0e93daa-1e9e-11ef-b635-040e3c016083,URdWYFi04GTO7rIodoAc,1,11.363935208489844,3700000
a0e93daa-1e9e-11ef-b635-040e3c016083,Uj3qeGrJBrEwAEu0W2iu,3,16.427118527560243,800000
a0e93daa-1e9e-11ef-b635-040e3c016083,V47fq1hBC1HWjH7NROGy,1,11.442552436817406,1900000
a0e93daa-1e9e-11ef-b635-040e3c016083,VBu1kQ3PymLBAOsgCg4Q,2,11.442552436817406,1000000
a0e93daa-1e9e-11ef-b635-040e3c016083,VIYbdeLQYy78mkbzvt3S,1,11.442552436817406,1000000
a0e93daa-1e9e-11ef-b635-040e3c016083,VVqpULhyUfjXpEAU8uBf,3,10.784570119979682,1500000
a0e93daa-1e9e-11ef-b635-040e3c016083,WD9xJz2lRxRfhUGf7Yy6,2,15.86048287474122,2800000
a0e93daa-1e9e-11ef-b635-040e3c016083,X3qNwAFynzgskrzR0qUZ,3,13.032318297434163,2000000
a0e93daa-1e9e-11ef-b635-040e3c016083,X9UpWqtaybMjsu2Lm8Xk,1,10.784570119979682,1500000
a0e93daa-1e9e-11ef-b635-040e3c016083,XMabSiGhdNfstta0Yium,3,14.490185815459274,3500000
a0e93daa-1e9e-11ef-b635-040e3c016083,XbipMOI4lDgqW6kCV1kk,1,30,3500000
a0e93daa-1e9e-11ef-b635-040e3c016083,XzLiRrgyVHW4JsJ8c0Hc,2,12.486801238367931,3000000
a0e93daa-1e9e-11ef-b635-040e3c016083,YLspABuzKu9k1xgc6Cfj,2,11.103628324998526,2600000
a0e93daa-1e9e-11ef-b635-040e3c016083,YcqP9jtrc1uvhxsEP2N9,4,11.442552436817406,900000
a0e93daa-1e9e-11ef-b635-040e3c016083,YdjFGRRUjacJCU9lp7QL,1,14.490185815459274,3500000
a0e93daa-1e9e-11ef-b635-040e3c016083,YnPRgwM3K736kEyjGqPZ,4,11.442552436817406,500000
a0e93daa-1e9e-11ef-b635-040e3c016083,YoqUAe9srafQLwUMGXTM,3,17.560722057995058,2300000
a0e93daa-1e9e-11ef-b635-040e3c016083,Zu7VT3CEOweTOwLKpQMK,1,9.683619754506344,4800000
a0e93daa-1e9e-11ef-b635-040e3c016083,a1XaaEcggSPSjH7x3M1N,1,9.747229796881989,4000000
a0e93daa-1e9e-11ef-b635-040e3c016083,afc5kIbTL7X9Ip4cz7fF,2,11.442552436817406,1000000
a0e93daa-1e9e-11ef-b635-040e3c016083,avUBZXqNogvbbayyGUh6,5,4.107139653120459,1200000
a0e93daa-1e9e-11ef-b635-040e3c016083,avyOiCvR4sU3DDjWH8ge,2,4.722481598940878,1300000
a0e93daa-1e9e-11ef-b635-040e3c016083,bCX7vkW5T3eSDEGTQbg1,1,7.74397601019978,3000000
a0e93daa-1e9e-11ef-b635-040e3c016083,bHUoj2xkuI4gY30OdjdM,3,16.257427777292893,4000000
a0e93daa-1e9e-11ef-b635-040e3c016083,bUIQWkMPdyZ1uzVrKCnc,1,10.641432747742686,500000
a0e93daa-1e9e-11ef-b635-040e3c016083,bXNDqZT3fXRRBk661akG,1,30,1000000
a0e93daa-1e9e-11ef-b635-040e3c016083,c292g4ic0e6lJgIWX1QH,1,9.803453147248163,1500000
a0e93daa-1e9e-11ef-b635-040e3c016083,d0DxGTKfPQA04Gakw6OF,2,15.00626379476033,2600000
a0e93daa-1e9e-11ef-b635-040e3c016083,dBgp9eBweTw75LV2tSR6,1,10.773646230218151,5200000
a0e93daa-1e9e-11ef-b635-040e3c016083,dv4XdgHVlZcJtOebPA8Q,3,10.66666805167091,4400000
a0e93daa-1e9e-11ef-b635-040e3c016083,dyABpC7CFuHsWxf5DAyN,2,10.784570119979682,1500000
a0e93daa-1e9e-11ef-b635-040e3c016083,e0PgpVCcAWreswsEv0Jq,2,11.240305792676367,2000000
a0e93daa-1e9e-11ef-b635-040e3c016083,eJDPRHHinhFgyBZrjGGq,2,13.702643736816261,11600000
a0e93daa-1e9e-11ef-b635-040e3c016083,eUMXmCuLlMMmdMQpXFQJ,1,7.673638958258906,0
a0e93daa-1e9e-11ef-b635-040e3c016083,ea1FDgQB4zoUegWl32ya,1,9.747229796881989,4000000
a0e93daa-1e9e-11ef-b635-040e3c016083,epOSoWYY55L4QeLeBxyV,4,4.722481598940878,1000000
a0e93daa-1e9e-11ef-b635-040e3c016083,f4FupO5Vb3JYf936r0Nw,3,11.442552436817406,4500000
a0e93daa-1e9e-11ef-b635-040e3c016083,fMBPtUSiBqAcQOk32RR8,1,11.464737026435513,6000000
a0e93daa-1e9e-11ef-b635-040e3c016083,fYOnAKdKtZkgQrFfVuXW,2,14.490185815459274,3500000
a0e93daa-1e9e-11ef-b635-040e3c016083,fwZ4pXRydP9iaCD9N1G7,2,9.235058016067125,3000000
a0e93daa-1e9e-11ef-b635-040e3c016083,gvbZ45x7DWLtPmvK8oVz,3,17.495288352845822,3000000
a0e93daa-1e9e-11ef-b635-040e3c016083,hBAOBVv4CR9d6bkGZCzc,3,30,3000000
a0e93daa-1e9e-11ef-b635-040e3c016083,hECdNPaBAfZ89HNs3l9h,1,16.888461793631294,500000
a0e93daa-1e9e-11ef-b635-040e3c016083,hEFwZXthqMfupnAcmJ2t,1,6.113916090742836,1300000
a0e93daa-1e9e-11ef-b635-040e3c016083,hXpH041I8oRihgAHxmj5,1,10.637830625210809,4200000
a0e93daa-1e9e-11ef-b635-040e3c016083,hYW58tBxFoZ9zsaJubqY,3,22.249048540263498,2000000
a0e93daa-1e9e-11ef-b635-040e3c016083,hjFiktzdojENxE0zgyds,2,10.710014549082368,3800000
a0e93daa-1e9e-11ef-b635-040e3c016083,hu9hrvL8MsVnBlTQMPzw,1,9.347442542023702,4500000
a0e93daa-1e9e-11ef-b635-040e3c016083,i5XIQyawjhlTTUxeyITS,1,8.052844715937528,2500000
a0e93daa-1e9e-11ef-b635-040e3c016083,imGVWUTfam1MgYO5c282,2,10.93405328386417,1500000
a0e93daa-1e9e-11ef-b635-040e3c016083,j74I7sAno4NwrQpS752a,3,11.111483842448294,4000000
a0e93daa-1e9e-11ef-b635-040e3c016083,jX5SZGw0ODmmWUOwHchZ,4,16.275448449227838,200000
a0e93daa-1e9e-11ef-b635-040e3c016083,k2PZ5odV85GDWTpXUIkc,3,14.785668888032728,5900000
a0e93daa-1e9e-11ef-b635-040e3c016083,kHOd3ZfUXgcQ1cvhlNi4,3,12.093239985524535,5000000
a0e93daa-1e9e-11ef-b635-040e3c016083,kdvwjgxBrGzeMZFK4HxI,1,13.032318297434163,2500000
a0e93daa-1e9e-11ef-b635-040e3c016083,klXFM7EzvnkEUJk1NzPo,2,14.785668888032728,5900000
a0e93daa-1e9e-11ef-b635-040e3c016083,lCRJoJsp2BkBn4VAxSG6,2,22.398677980933588,400000
a0e93daa-1e9e-11ef-b635-040e3c016083,lHtIzGxgadpcI2SH2MXD,1,10.72649817863361,2500000
a0e93daa-1e9e-11ef-b635-040e3c016083,mNdE6mQ3mVdYt23lgTmX,3,12.486801238367931,3000000
a0e93daa-1e9e-11ef-b635-040e3c016083,mONPfAYVYW7kEuk920qW,3,6.81903129710876,2700000
a0e93daa-1e9e-11ef-b635-040e3c016083,mq0X1B9uobOVM4CWZf4q,2,30,3500000
a0e93daa-1e9e-11ef-b635-040e3c016083,n1OjfWW29Zj73gH14gY8,2,12.494114546539885,4300000
a0e93daa-1e9e-11ef-b635-040e3c016083,nMJnm3BvKnte1bdx6NTF,4,10.038255367429839,100000
a0e93daa-1e9e-11ef-b635-040e3c016083,nRI0z3n3ZL6SG9nmTh2V,1,15.86048287474122,2800000
a0e93daa-1e9e-11ef-b635-040e3c016083,naug2BVkWVGo928BNdsQ,3,12.772650851590702,1500000
a0e93daa-1e9e-11ef-b635-040e3c016083,o2uRjiWu7x9y66w54ZKI,3,12.325186150983965,1700000
a0e93daa-1e9e-11ef-b635-040e3c016083,oNOYrpRfzrG5y1lVllsF,1,11.442552436817406,500000
a0e93daa-1e9e-11ef-b635-040e3c016083,oZhFXIopaf9e2g0Ho4W2,1,10.140709974881654,1600000
a0e93daa-1e9e-11ef-b635-040e3c016083,ohl0N2ZNHgIFHRyRm5JF,3,14.52007135565088,4200000
a0e93daa-1e9e-11ef-b635-040e3c016083,olWZl8WOq8rAQ5XopzjV,1,14.52007135565088,4200000
a0e93daa-1e9e-11ef-b635-040e3c016083,ozd4DNbt4QbNcC64quxB,2,11.442552436817406,3500000
a0e93daa-1e9e-11ef-b635-040e3c016083,q3rhJlWyZN10raxxtvHV,3,30,3000000
a0e93daa-1e9e-11ef-b635-040e3c016083,qcY2zCPIXeGeBNZMxAgs,1,8.398241880638015,4200000
a0e93daa-1e9e-11ef-b635-040e3c016083,rCVVZfC4uvfut3YgpCBH,2,8.889679949716397,2500000
a0e93daa-1e9e-11ef-b635-040e3c016083,rQPZSWKNWgFGb5t7WxTm,1,14.315207847481492,2900000
a0e93daa-1e9e-11ef-b635-040e3c016083,s8JgUAuPWgNG4zQUNeGU,1,13.032318297434163,2500000
a0e93daa-1e9e-11ef-b635-040e3c016083,sa6P3ZiFd5t1Wu7RNXOH,4,4.722481598940878,1000000
a0e93daa-1e9e-11ef-b635-040e3c016083,sqPzwUiSvMMX3lLmd2B2,2,11.442552436817406,500000
a0e93daa-1e9e-11ef-b635-040e3c016083,t1pycrNs36UteM5AUtLG,3,11.363935208489844,5000000
a0e93daa-1e9e-11ef-b635-040e3c016083,t8wI7QAD1RSmc54UPRq1,3,14.809372096426154,1000000
a0e93daa-1e9e-11ef-b635-040e3c016083,tF53XYMNMd4QJxtMsF2h,4,11.442552436817406,700000
a0e93daa-1e9e-11ef-b635-040e3c016083,txDz7IbKccW2ZXYMsg5k,3,11.442552436817406,1500000
a0e93daa-1e9e-11ef-b635-040e3c016083,uF7XsTghoGs3mEpsckOR,3,14.490185815459274,3500000
a0e93daa-1e9e-11ef-b635-040e3c016083,uI3USCYdTBVnRHfbolgt,2,13.917731119824005,5000000
a0e93daa-1e9e-11ef-b635-040e3c016083,ubOhCaldtZ2NGNZSzl8S,1,11.103628324998526,2600000
a0e93daa-1e9e-11ef-b635-040e3c016083,udsIIuHdOHojPr3mOjc2,3,8.444213372485812,2200000
a0e93daa-1e9e-11ef-b635-040e3c016083,unwKz0xY03RmO5OxTjtC,3,11.411407290925869,800000
a0e93daa-1e9e-11ef-b635-040e3c016083,urT2a8ldifgBYedGmUmd,2,12.627497936539939,3600000
a0e93daa-1e9e-11ef-b635-040e3c016083,vRY5BQ2hWJbFgYHPGK74,3,11.442552436817406,500000
a0e93daa-1e9e-11ef-b635-040e3c016083,vkrJ5cP2ZtqwNjfTi7aG,2,11.363935208489844,5000000
a0e93daa-1e9e-11ef-b635-040e3c016083,vvMl58AkIxJqFjrtMczu,2,15.86048287474122,2000000
a0e93daa-1e9e-11ef-b635-040e3c016083,vvq3pFbrLrQKJ5c0NVa0,2,13.144235767574528,6500000
a0e93daa-1e9e-11ef-b635-040e3c016083,wkcpTkzsdCUB0WddZHtL,2,2.414398908506634,5500000
a0e93daa-1e9e-11ef-b635-040e3c016083,ww8LMVceitSrTSvdEVz4,2,13.032318297434163,2000000
a0e93daa-1e9e-11ef-b635-040e3c016083,xMvYNHdXNLjVYEpMwDkj,3,9.747229796881989,2500000
a0e93daa-1e9e-11ef-b635-040e3c016083,xPHcHlh7noyKSUN3GOLN,3,11.442552436817406,1000000
a0e93daa-1e9e-11ef-b635-040e3c016083,xr2zLfe7460vEJHfL1R6,3,14.578692330030293,1500000
a0e93daa-1e9e-11ef-b635-040e3c016083,xxu0VIwsrPiKsfmv3Cjt,1,21.93913595575265,1500000
a0e93daa-1e9e-11ef-b635-040e3c016083,y7JrAjqTeLN3yELPKIlC,2,8.86574127724572,500000
a0e93daa-1e9e-11ef-b635-040e3c016083,yGOblFsjdzUPur7dzOMP,2,14.578692330030293,1500000
a0e93daa-1e9e-11ef-b635-040e3c016083,yINcUBiwI7ibtlOK1pbm,2,10.993900935709231,1700000
a0e93daa-1e9e-11ef-b635-040e3c016083,yKVlk54uje47thOdLLBg,1,9.803453147248163,1500000
a0e93daa-1e9e-11ef-b635-040e3c016083,yPyyB4MYfMYx6MsvHBLl,2,14.615655605341841,1800000
a0e93daa-1e9e-11ef-b635-040e3c016083,yzYp9L1VvPieCHrHV78y,1,7.483849940832864,1700000
a0e93daa-1e9e-11ef-b635-040e3c016083,zR6WxlgEf2RKQFDyoJwl,2,12.494114546539885,4300000
a0e93daa-1e9e-11ef-b635-040e3c016083,zwhKkfA7skECX5ZDgWvj,1,14.578692330030293,7000000
a4cd48ef-1e9e-11ef-a734-040e3c016083,0RsXIpTxYxbkD1ef7nCF,1,12.093239985524535,1000000
a4cd48ef-1e9e-11ef-a734-040e3c016083,0ibitfDjJNvgIx7vCd6Y,1,10.637830625210809,3000000
a4cd48ef-1e9e-11ef-a734-040e3c016083,0swBNCJBfiIRxmzRREi2,1,11.442552436817406,1800000
a4cd48ef-1e9e-11ef-a734-040e3c016083,0u8Rj5YaaYUN05pOqOAe,1,16.251754147991864,200000
a4cd48ef-1e9e-11ef-a734-040e3c016083,1StM5HswzLz3VwD3nnyT,1,22.53852176050228,800000
a4cd48ef-1e9e-11ef-a734-040e3c016083,1SyOX5nLpPbHxF0tRBQe,1,14.029535813850178,2200000
a4cd48ef-1e9e-11ef-a734-040e3c016083,1aoYNhwtodvT662nxon8,2,8.60908010053073,1700000
a4cd48ef-1e9e-11ef-a734-040e3c016083,1yHlowt1q6F9m5e1837E,4,15.00626379476033,600000
a4cd48ef-1e9e-11ef-a734-040e3c016083,29f1A0i5GzNpGMvUsdae,3,9.747229796881989,500000
a4cd48ef-1e9e-11ef-a734-040e3c016083,29xDwPaXIY0vwCVDSpFG,2,22.690720436304964,1700000
a4cd48ef-1e9e-11ef-a734-040e3c016083,2yyZFyn41qMQCMFGFqPj,1,10.66666805167091,2400000
a4cd48ef-1e9e-11ef-a734-040e3c016083,39GFiLtd7VrHOoUsPrWz,2,9.803453147248163,500000
a4cd48ef-1e9e-11ef-a734-040e3c016083,3UXclQQjPqZn3o67SOso,3,7.483849940832864,300000
a4cd48ef-1e9e-11ef-a734-040e3c016083,3dpZxuBBaJpStfsVfJNY,4,11.103628324998526,600000
a4cd48ef-1e9e-11ef-a734-040e3c016083,3gz1rLyC62cNtSbledms,1,14.329335713642195,3600000
a4cd48ef-1e9e-11ef-a734-040e3c016083,3uSI9UGP8KkdYWscHC51,2,11.363935208489844,3000000
a4cd48ef-1e9e-11ef-a734-040e3c016083,4FIYxwtacJ4rbVYkcG9k,3,12.093239985524535,3000000
a4cd48ef-1e9e-11ef-a734-040e3c016083,4tgeNGivKygg6R8R1JCZ,3,8.394498105580269,1500000
a4cd48ef-1e9e-11ef-a734-040e3c016083,4wI60GtouIZvd2HIFhIh,5,2.414398908506634,3500000
a4cd48ef-1e9e-11ef-a734-040e3c016083,4yvz9glBBrXWmDuMQaEB,2,8.942033028990467,1100000
a4cd48ef-1e9e-11ef-a734-040e3c016083,5FdOq5z7Ehjvtfnp7I24,2,15.245623908512044,1200000
a4cd48ef-1e9e-11ef-a734-040e3c016083,5PzoM1qR3LW9T4RnwYxs,1,22.690720436304964,2000000
a4cd48ef-1e9e-11ef-a734-040e3c016083,5ZbvLzrN6CtpKjGuaOJf,4,14.690832909757832,0
a4cd48ef-1e9e-11ef-a734-040e3c016083,6iUK9Lno6nd0ky8WHhvQ,5,13.032318297434163,99999
a4cd48ef-1e9e-11ef-a734-040e3c016083,78ooDgz5bkVfTAVLHQ4b,4,14.578692330030293,500000
a4cd48ef-1e9e-11ef-a734-040e3c016083,7GLCseg2wkvweqXP2FZq,2,11.442552436817406,1000000
a4cd48ef-1e9e-11ef-a734-040e3c016083,7Hhgg4USykrF2WYAMq4h,4,12.772650851590702,500000
a4cd48ef-1e9e-11ef-a734-040e3c016083,7rqFEphDcFf17Y9Mxr0b,2,17.7789991178687,2700000
a4cd48ef-1e9e-11ef-a734-040e3c016083,8A2GXme5EJMUCi2K6oOl,3,22.690720436304964,2000000
a4cd48ef-1e9e-11ef-a734-040e3c016083,8Bc7Usq9diqSmj9mOrJE,1,30,1000000
a4cd48ef-1e9e-11ef-a734-040e3c016083,8L04W3da0mdrL2eVBvmP,1,12.093239985524535,1000000
a4cd48ef-1e9e-11ef-a734-040e3c016083,98hNZmMHWBjj7uPZeK2B,3,13.032318297434163,2000000
a4cd48ef-1e9e-11ef-a734-040e3c016083,AL5cL8tJ5WDcRQqjiWfq,4,13.032318297434163,200000
a4cd48ef-1e9e-11ef-a734-040e3c016083,AcKonDcKbBd9srJ8kJrT,5,11.240305792676367,0
a4cd48ef-1e9e-11ef-a734-040e3c016083,B4ItVZxVAylYJmxfBLM4,3,13.917731119824005,3000000
a4cd48ef-1e9e-11ef-a734-040e3c016083,BGLRJW546SxNnhOCma2F,3,22.398677980933588,2400000
a4cd48ef-1e9e-11ef-a734-040e3c016083,CsAuzfyhqdeRmO5EwHMo,2,12.49743061513315,1000000
a4cd48ef-1e9e-11ef-a734-040e3c016083,CzeJRpKSJJPd0u93Jl5X,1,10.784570119979682,2000000
a4cd48ef-1e9e-11ef-a734-040e3c016083,D2yQi0OGpEg9lXe4paHN,2,17.7789991178687,2700000
a4cd48ef-1e9e-11ef-a734-040e3c016083,DfYJgwxYNnaqctVFX6Fx,2,11.442552436817406,2500000
a4cd48ef-1e9e-11ef-a734-040e3c016083,Dzxsk6CNw2s06qhm42qO,1,13.224658427902744,2300000
a4cd48ef-1e9e-11ef-a734-040e3c016083,E66qoWthZdknSpsDyuyC,1,14.329335713642195,3600000
a4cd48ef-1e9e-11ef-a734-040e3c016083,ED7u2sENb7U8qM3P3Zev,1,13.224658427902744,2300000
a4cd48ef-1e9e-11ef-a734-040e3c016083,EPXHkQqzRGCapf2a4ki8,4,10.101380054237607,300000
a4cd48ef-1e9e-11ef-a734-040e3c016083,EZTxqwMDBfEDxNqhtEbR,2,6.81903129710876,700000
a4cd48ef-1e9e-11ef-a734-040e3c016083,EwBTbTCGOWoBb1EbEEEW,3,14.364095202523062,4000000
a4cd48ef-1e9e-11ef-a734-040e3c016083,F0cscj5XTHKgU57T8bhy,4,4.9233094364797205,700000
a4cd48ef-1e9e-11ef-a734-040e3c016083,FCAEPJQWscGwnzRM4jUi,2,11.563051024323732,2500000
a4cd48ef-1e9e-11ef-a734-040e3c016083,FnjUu83KXaLi2vhAcoeQ,2,6.113916090742836,700000
a4cd48ef-1e9e-11ef-a734-040e3c016083,GAuaI0SSPTNV0vN3he09,3,11.442552436817406,500000
a4cd48ef-1e9e-11ef-a734-040e3c016083,GV265joouF79qk7lErIx,4,16.340900499957772,200000
a4cd48ef-1e9e-11ef-a734-040e3c016083,GbJK7QiT6cppBPTDVOsf,3,11.442552436817406,1100000
a4cd48ef-1e9e-11ef-a734-040e3c016083,HJOHvRsAWlzWEbzHM8Px,1,13.462737071384359,300000
a4cd48ef-1e9e-11ef-a734-040e3c016083,HpJd2w8HYj0xl3v7JlKQ,1,15.245623908512044,1200000
a4cd48ef-1e9e-11ef-a734-040e3c016083,I6IQ4iHVuTTPucUoHPln,3,13.978674434531188,1700000
a4cd48ef-1e9e-11ef-a734-040e3c016083,IYC5QeWKNbr5XlyWhaJt,1,14.327891885246833,1700000
a4cd48ef-1e9e-11ef-a734-040e3c016083,JFG5PCdrQLeNRCRr0zZu,3,9.54239485856042,2100000
a4cd48ef-1e9e-11ef-a734-040e3c016083,JaCMElOyhlt8jDstvajY,2,14.029535813850178,2200000
a4cd48ef-1e9e-11ef-a734-040e3c016083,KRSxQrWPsnzn9E9AZd8K,3,16.275448449227838,2200000
a4cd48ef-1e9e-11ef-a734-040e3c016083,KVctgJrJINLUizdlOU0Z,1,14.364095202523062,4000000
a4cd48ef-1e9e-11ef-a734-040e3c016083,KkE7H2hNrFq8hODowTnY,3,15.86048287474122,0
a4cd48ef-1e9e-11ef-a734-040e3c016083,L3w3AFkJn0qxyROAD77a,1,10.710014549082368,1800000
a4cd48ef-1e9e-11ef-a734-040e3c016083,LIB3o9pkiZiNMiZ3NiMB,2,11.442552436817406,100000
a4cd48ef-1e9e-11ef-a734-040e3c016083,LM4qnEwdhXUKncNI35L6,3,11.442552436817406,0
a4cd48ef-1e9e-11ef-a734-040e3c016083,LukiqvE5zaxZeobZVY6O,3,12.093239985524535,1000000
a4cd48ef-1e9e-11ef-a734-040e3c016083,M6NxlWupOJfZ0jPp7Lk6,1,13.032318297434163,500000
a4cd48ef-1e9e-11ef-a734-040e3c016083,MqNmUpgJfx7sPUtFiash,2,9.569361831257318,1000000
a4cd48ef-1e9e-11ef-a734-040e3c016083,N6vVpQ9M5APipqlVL7aL,1,12.627497936539939,1600000
a4cd48ef-1e9e-11ef-a734-040e3c016083,No0cbw2NKa76fILSeXUD,3,13.870691105198901,2200000
a4cd48ef-1e9e-11ef-a734-040e3c016083,O1kmuvjKTk2eAW2xpw7e,4,12.772650851590702,500000
a4cd48ef-1e9e-11ef-a734-040e3c016083,O6s95SMQC0aJyZqBeZm7,1,7.895835304804802,2600000
a4cd48ef-1e9e-11ef-a734-040e3c016083,OBPIg9ZLeN4Coifrye0W,2,8.94512297456638,500000
a4cd48ef-1e9e-11ef-a734-040e3c016083,OkWvDHMqAs83XCAPcdO2,3,7.892727507484212,600000
a4cd48ef-1e9e-11ef-a734-040e3c016083,PCOUS8KZR0Ph13BLzrPR,2,15.86048287474122,500000
a4cd48ef-1e9e-11ef-a734-040e3c016083,PJmi4oBrIyQw8hxN45jY,2,15.711355474004016,2500000
a4cd48ef-1e9e-11ef-a734-040e3c016083,Pae60dySd6ixwSyE6NUv,1,15.86048287474122,0
a4cd48ef-1e9e-11ef-a734-040e3c016083,PdMUfYqBBfdZQvl3ZmDF,4,17.495288352845822,700000
a4cd48ef-1e9e-11ef-a734-040e3c016083,PdUlTnzmgcRd3I0O0Kje,2,11.442552436817406,0
a4cd48ef-1e9e-11ef-a734-040e3c016083,Q2pUi1iaYkUXp2V0PhTA,3,22.690720436304964,2000000
a4cd48ef-1e9e-11ef-a734-040e3c016083,Qux3ZMgibJarc4CfCo4L,2,10.641432747742686,1500000
a4cd48ef-1e9e-11ef-a734-040e3c016083,Quyw1yoMf6oeAsf4ei82,3,8.60908010053073,1700000
a4cd48ef-1e9e-11ef-a734-040e3c016083,Qx8Dx7hkNehsP8Ec5yA5,1,13.870691105198901,2200000
a4cd48ef-1e9e-11ef-a734-040e3c016083,QypCz2qv29dQlcX4LTcc,2,14.856615524618023,2300000
a4cd48ef-1e9e-11ef-a734-040e3c016083,R59acpMZGr8IcIHo8yCh,1,14.327891885246833,1700000
a4cd48ef-1e9e-11ef-a734-040e3c016083,R6eT9AxLMT7KF2Sv9QaG,3,8.052844715937528,2500000
a4cd48ef-1e9e-11ef-a734-040e3c016083,RfsuLJPMPj0snX0ihLjn,3,8.60908010053073,1700000
a4cd48ef-1e9e-11ef-a734-040e3c016083,RgEunQB3QDn719ailYkj,2,16.251754147991864,200000
a4cd48ef-1e9e-11ef-a734-040e3c016083,Rwgf8cjLEEGUA7EEVKtf,2,11.442552436817406,2500000
a4cd48ef-1e9e-11ef-a734-040e3c016083,S8D4ROZ1LivtKSbdYpSv,3,9.54239485856042,2100000
a4cd48ef-1e9e-11ef-a734-040e3c016083,TCmSxtvfpzAI9Kyhydzr,1,30,1000000
a4cd48ef-1e9e-11ef-a734-040e3c016083,TNWiPAcmdfDmmLebrmIu,4,11.442552436817406,0
a4cd48ef-1e9e-11ef-a734-040e3c016083,TY1HhU1covRwD7TN2VTh,3,7.892727507484212,600000
a4cd48ef-1e9e-11ef-a734-040e3c016083,TeqpLgdC4vf6Q9gmKXsP,1,13.462737071384359,300000
a4cd48ef-1e9e-11ef-a734-040e3c016083,TfYJzXYE1bvRUKUcugAb,2,11.111483842448294,2000000
a4cd48ef-1e9e-11ef-a734-040e3c016083,URdWYFi04GTO7rIodoAc,3,11.363935208489844,1700000
a4cd48ef-1e9e-11ef-a734-040e3c016083,Uj3qeGrJBrEwAEu0W2iu,1,16.427118527560243,1200000
a4cd48ef-1e9e-11ef-a734-040e3c016083,V47fq1hBC1HWjH7NROGy,5,11.442552436817406,100000
a4cd48ef-1e9e-11ef-a734-040e3c016083,VBu1kQ3PymLBAOsgCg4Q,3,11.442552436817406,1000000
a4cd48ef-1e9e-11ef-a734-040e3c016083,VIYbdeLQYy78mkbzvt3S,3,11.442552436817406,1000000
a4cd48ef-1e9e-11ef-a734-040e3c016083,VVqpULhyUfjXpEAU8uBf,4,10.784570119979682,500000
a4cd48ef-1e9e-11ef-a734-040e3c016083,WD9xJz2lRxRfhUGf7Yy6,3,15.86048287474122,800000
a4cd48ef-1e9e-11ef-a734-040e3c016083,X3qNwAFynzgskrzR0qUZ,4,13.032318297434163,0
a4cd48ef-1e9e-11ef-a734-040e3c016083,X9UpWqtaybMjsu2Lm8Xk,3,10.784570119979682,500000
a4cd48ef-1e9e-11ef-a734-040e3c016083,XMabSiGhdNfstta0Yium,3,14.490185815459274,1500000
a4cd48ef-1e9e-11ef-a734-040e3c016083,XbipMOI4lDgqW6kCV1kk,2,30,1500000
a4cd48ef-1e9e-11ef-a734-040e3c016083,XzLiRrgyVHW4JsJ8c0Hc,2,12.486801238367931,1000000
a4cd48ef-1e9e-11ef-a734-040e3c016083,YLspABuzKu9k1xgc6Cfj,3,11.103628324998526,600000
a4cd48ef-1e9e-11ef-a734-040e3c016083,YcqP9jtrc1uvhxsEP2N9,3,11.442552436817406,1100000
a4cd48ef-1e9e-11ef-a734-040e3c016083,YdjFGRRUjacJCU9lp7QL,3,14.490185815459274,1500000
a4cd48ef-1e9e-11ef-a734-040e3c016083,YnPRgwM3K736kEyjGqPZ,2,11.442552436817406,2500000
a4cd48ef-1e9e-11ef-a734-040e3c016083,YoqUAe9srafQLwUMGXTM,2,17.560722057995058,300000
a4cd48ef-1e9e-11ef-a734-040e3c016083,Zu7VT3CEOweTOwLKpQMK,3,9.683619754506344,2800000
a4cd48ef-1e9e-11ef-a734-040e3c016083,a1XaaEcggSPSjH7x3M1N,2,9.747229796881989,2000000
a4cd48ef-1e9e-11ef-a734-040e3c016083,afc5kIbTL7X9Ip4cz7fF,3,11.442552436817406,1000000
a4cd48ef-1e9e-11ef-a734-040e3c016083,avUBZXqNogvbbayyGUh6,3,4.107139653120459,800000
a4cd48ef-1e9e-11ef-a734-040e3c016083,avyOiCvR4sU3DDjWH8ge,5,4.722481598940878,700000
a4cd48ef-1e9e-11ef-a734-040e3c016083,bCX7vkW5T3eSDEGTQbg1,3,7.74397601019978,1000000
a4cd48ef-1e9e-11ef-a734-040e3c016083,bHUoj2xkuI4gY30OdjdM,1,16.257427777292893,2000000
a4cd48ef-1e9e-11ef-a734-040e3c016083,bUIQWkMPdyZ1uzVrKCnc,2,10.641432747742686,1500000
a4cd48ef-1e9e-11ef-a734-040e3c016083,bXNDqZT3fXRRBk661akG,2,30,1000000
a4cd48ef-1e9e-11ef-a734-040e3c016083,c292g4ic0e6lJgIWX1QH,3,9.803453147248163,500000
a4cd48ef-1e9e-11ef-a734-040e3c016083,d0DxGTKfPQA04Gakw6OF,4,15.00626379476033,600000
a4cd48ef-1e9e-11ef-a734-040e3c016083,dBgp9eBweTw75LV2tSR6,2,10.773646230218151,3200000
a4cd48ef-1e9e-11ef-a734-040e3c016083,dv4XdgHVlZcJtOebPA8Q,2,10.66666805167091,2400000
a4cd48ef-1e9e-11ef-a734-040e3c016083,dyABpC7CFuHsWxf5DAyN,4,10.784570119979682,500000
a4cd48ef-1e9e-11ef-a734-040e3c016083,e0PgpVCcAWreswsEv0Jq,2,11.240305792676367,0
a4cd48ef-1e9e-11ef-a734-040e3c016083,eJDPRHHinhFgyBZrjGGq,1,13.702643736816261,9600000
a4cd48ef-1e9e-11ef-a734-040e3c016083,eUMXmCuLlMMmdMQpXFQJ,1,7.673638958258906,2000000
a4cd48ef-1e9e-11ef-a734-040e3c016083,ea1FDgQB4zoUegWl32ya,2,9.747229796881989,2000000
a4cd48ef-1e9e-11ef-a734-040e3c016083,epOSoWYY55L4QeLeBxyV,4,4.722481598940878,1000000
a4cd48ef-1e9e-11ef-a734-040e3c016083,f4FupO5Vb3JYf936r0Nw,1,11.442552436817406,2500000
a4cd48ef-1e9e-11ef-a734-040e3c016083,fMBPtUSiBqAcQOk32RR8,3,11.464737026435513,4000000
a4cd48ef-1e9e-11ef-a734-040e3c016083,fYOnAKdKtZkgQrFfVuXW,3,14.490185815459274,1500000
a4cd48ef-1e9e-11ef-a734-040e3c016083,fwZ4pXRydP9iaCD9N1G7,3,9.235058016067125,1000000
a4cd48ef-1e9e-11ef-a734-040e3c016083,gvbZ45x7DWLtPmvK8oVz,1,17.495288352845822,1000000
a4cd48ef-1e9e-11ef-a734-040e3c016083,hBAOBVv4CR9d6bkGZCzc,1,30,1000000
a4cd48ef-1e9e-11ef-a734-040e3c016083,hECdNPaBAfZ89HNs3l9h,3,16.888461793631294,1500000
a4cd48ef-1e9e-11ef-a734-040e3c016083,hEFwZXthqMfupnAcmJ2t,4,6.113916090742836,700000
a4cd48ef-1e9e-11ef-a734-040e3c016083,hXpH041I8oRihgAHxmj5,1,10.637830625210809,2200000
a4cd48ef-1e9e-11ef-a734-040e3c016083,hYW58tBxFoZ9zsaJubqY,4,22.249048540263498,0
a4cd48ef-1e9e-11ef-a734-040e3c016083,hjFiktzdojENxE0zgyds,1,10.710014549082368,1800000
a4cd48ef-1e9e-11ef-a734-040e3c016083,hu9hrvL8MsVnBlTQMPzw,3,9.347442542023702,2500000
a4cd48ef-1e9e-11ef-a734-040e3c016083,i5XIQyawjhlTTUxeyITS,2,8.052844715937528,500000
a4cd48ef-1e9e-11ef-a734-040e3c016083,imGVWUTfam1MgYO5c282,2,10.93405328386417,500000
a4cd48ef-1e9e-11ef-a734-040e3c016083,j74I7sAno4NwrQpS752a,1,11.111483842448294,2000000
a4cd48ef-1e9e-11ef-a734-040e3c016083,jX5SZGw0ODmmWUOwHchZ,1,16.275448449227838,2200000
a4cd48ef-1e9e-11ef-a734-040e3c016083,k2PZ5odV85GDWTpXUIkc,3,14.785668888032728,3900000
a4cd48ef-1e9e-11ef-a734-040e3c016083,kHOd3ZfUXgcQ1cvhlNi4,1,12.093239985524535,3000000
a4cd48ef-1e9e-11ef-a734-040e3c016083,kdvwjgxBrGzeMZFK4HxI,2,13.032318297434163,500000
a4cd48ef-1e9e-11ef-a734-040e3c016083,klXFM7EzvnkEUJk1NzPo,2,14.785668888032728,3900000
a4cd48ef-1e9e-11ef-a734-040e3c016083,lCRJoJsp2BkBn4VAxSG6,2,22.398677980933588,2400000
a4cd48ef-1e9e-11ef-a734-040e3c016083,lHtIzGxgadpcI2SH2MXD,1,10.72649817863361,500000
a4cd48ef-1e9e-11ef-a734-040e3c016083,mNdE6mQ3mVdYt23lgTmX,3,12.486801238367931,1000000
a4cd48ef-1e9e-11ef-a734-040e3c016083,mONPfAYVYW7kEuk920qW,1,6.81903129710876,700000
a4cd48ef-1e9e-11ef-a734-040e3c016083,mq0X1B9uobOVM4CWZf4q,3,30,1500000
a4cd48ef-1e9e-11ef-a734-040e3c016083,n1OjfWW29Zj73gH14gY8,3,12.494114546539885,2300000
a4cd48ef-1e9e-11ef-a734-040e3c016083,nMJnm3BvKnte1bdx6NTF,2,10.038255367429839,2100000
a4cd48ef-1e9e-11ef-a734-040e3c016083,nRI0z3n3ZL6SG9nmTh2V,3,15.86048287474122,800000
a4cd48ef-1e9e-11ef-a734-040e3c016083,naug2BVkWVGo928BNdsQ,4,12.772650851590702,500000
a4cd48ef-1e9e-11ef-a734-040e3c016083,o2uRjiWu7x9y66w54ZKI,5,12.325186150983965,300000
a4cd48ef-1e9e-11ef-a734-040e3c016083,oNOYrpRfzrG5y1lVllsF,2,11.442552436817406,2500000
a4cd48ef-1e9e-11ef-a734-040e3c016083,oZhFXIopaf9e2g0Ho4W2,3,10.140709974881654,400000
a4cd48ef-1e9e-11ef-a734-040e3c016083,ohl0N2ZNHgIFHRyRm5JF,3,14.52007135565088,2200000
a4cd48ef-1e9e-11ef-a734-040e3c016083,olWZl8WOq8rAQ5XopzjV,2,14.52007135565088,2200000
a4cd48ef-1e9e-11ef-a734-040e3c016083,ozd4DNbt4QbNcC64quxB,3,11.442552436817406,1500000
a4cd48ef-1e9e-11ef-a734-040e3c016083,q3rhJlWyZN10raxxtvHV,3,30,1000000
a4cd48ef-1e9e-11ef-a734-040e3c016083,qcY2zCPIXeGeBNZMxAgs,3,8.398241880638015,2200000
a4cd48ef-1e9e-11ef-a734-040e3c016083,rCVVZfC4uvfut3YgpCBH,3,8.889679949716397,500000
a4cd48ef-1e9e-11ef-a734-040e3c016083,rQPZSWKNWgFGb5t7WxTm,4,14.315207847481492,900000
a4cd48ef-1e9e-11ef-a734-040e3c016083,s8JgUAuPWgNG4zQUNeGU,3,13.032318297434163,500000
a4cd48ef-1e9e-11ef-a734-040e3c016083,sa6P3ZiFd5t1Wu7RNXOH,3,4.722481598940878,1000000
a4cd48ef-1e9e-11ef-a734-040e3c016083,sqPzwUiSvMMX3lLmd2B2,3,11.442552436817406,2500000
a4cd48ef-1e9e-11ef-a734-040e3c016083,t1pycrNs36UteM5AUtLG,3,11.363935208489844,3000000
a4cd48ef-1e9e-11ef-a734-040e3c016083,t8wI7QAD1RSmc54UPRq1,1,14.809372096426154,1000000
a4cd48ef-1e9e-11ef-a734-040e3c016083,tF53XYMNMd4QJxtMsF2h,2,11.442552436817406,1300000
a4cd48ef-1e9e-11ef-a734-040e3c016083,txDz7IbKccW2ZXYMsg5k,1,11.442552436817406,500000
a4cd48ef-1e9e-11ef-a734-040e3c016083,uF7XsTghoGs3mEpsckOR,1,14.490185815459274,1500000
a4cd48ef-1e9e-11ef-a734-040e3c016083,uI3USCYdTBVnRHfbolgt,3,13.917731119824005,3000000
a4cd48ef-1e9e-11ef-a734-040e3c016083,ubOhCaldtZ2NGNZSzl8S,3,11.103628324998526,600000
a4cd48ef-1e9e-11ef-a734-040e3c016083,udsIIuHdOHojPr3mOjc2,3,8.444213372485812,200000
a4cd48ef-1e9e-11ef-a734-040e3c016083,unwKz0xY03RmO5OxTjtC,2,11.411407290925869,1200000
a4cd48ef-1e9e-11ef-a734-040e3c016083,urT2a8ldifgBYedGmUmd,2,12.627497936539939,1600000
a4cd48ef-1e9e-11ef-a734-040e3c016083,vRY5BQ2hWJbFgYHPGK74,2,11.442552436817406,2500000
a4cd48ef-1e9e-11ef-a734-040e3c016083,vkrJ5cP2ZtqwNjfTi7aG,3,11.363935208489844,3000000
a4cd48ef-1e9e-11ef-a734-040e3c016083,vvMl58AkIxJqFjrtMczu,5,15.86048287474122,0
a4cd48ef-1e9e-11ef-a734-040e3c016083,vvq3pFbrLrQKJ5c0NVa0,1,13.144235767574528,4500000
a4cd48ef-1e9e-11ef-a734-040e3c016083,wkcpTkzsdCUB0WddZHtL,4,2.414398908506634,3500000
a4cd48ef-1e9e-11ef-a734-040e3c016083,ww8LMVceitSrTSvdEVz4,5,13.032318297434163,0
a4cd48ef-1e9e-11ef-a734-040e3c016083,xMvYNHdXNLjVYEpMwDkj,1,9.747229796881989,500000
a4cd48ef-1e9e-11ef-a734-040e3c016083,xPHcHlh7noyKSUN3GOLN,3,11.442552436817406,1000000
a4cd48ef-1e9e-11ef-a734-040e3c016083,xr2zLfe7460vEJHfL1R6,3,14.578692330030293,500000
a4cd48ef-1e9e-11ef-a734-040e3c016083,xxu0VIwsrPiKsfmv3Cjt,1,21.93913595575265,500000
a4cd48ef-1e9e-11ef-a734-040e3c016083,y7JrAjqTeLN3yELPKIlC,3,8.86574127724572,1500000
a4cd48ef-1e9e-11ef-a734-040e3c016083,yGOblFsjdzUPur7dzOMP,4,14.578692330030293,500000
a4cd48ef-1e9e-11ef-a734-040e3c016083,yINcUBiwI7ibtlOK1pbm,4,10.993900935709231,300000
a4cd48ef-1e9e-11ef-a734-040e3c016083,yKVlk54uje47thOdLLBg,4,9.803453147248163,500000
a4cd48ef-1e9e-11ef-a734-040e3c016083,yPyyB4MYfMYx6MsvHBLl,2,14.615655605341841,200000
a4cd48ef-1e9e-11ef-a734-040e3c016083,yzYp9L1VvPieCHrHV78y,4,7.483849940832864,300000
a4cd48ef-1e9e-11ef-a734-040e3c016083,zR6WxlgEf2RKQFDyoJwl,2,12.494114546539885,2300000
a4cd48ef-1e9e-11ef-a734-040e3c016083,zwhKkfA7skECX5ZDgWvj,2,14.578692330030293,5000000
a88a4338-1e9e-11ef-b135-040e3c016083,0RsXIpTxYxbkD1ef7nCF,3,3.08192722174902,3000000
a88a4338-1e9e-11ef-b135-040e3c016083,0ibitfDjJNvgIx7vCd6Y,2,4.940953492215526,5000000
a88a4338-1e9e-11ef-b135-040e3c016083,0swBNCJBfiIRxmzRREi2,7,4.494244551627995,200000
a88a4338-1e9e-11ef-b135-040e3c016083,0u8Rj5YaaYUN05pOqOAe,2,2.1194205865039306,1800000
a88a4338-1e9e-11ef-b135-040e3c016083,1StM5HswzLz3VwD3nnyT,2,8.745254441379698,1200000
a88a4338-1e9e-11ef-b135-040e3c016083,1SyOX5nLpPbHxF0tRBQe,1,6.675962010337829,200000
a88a4338-1e9e-11ef-b135-040e3c016083,1aoYNhwtodvT662nxon8,1,9.76191088414881,300000
a88a4338-1e9e-11ef-b135-040e3c016083,1yHlowt1q6F9m5e1837E,3,4.110957947296191,2600000
a88a4338-1e9e-11ef-b135-040e3c016083,29f1A0i5GzNpGMvUsdae,1,5.419879092442411,2500000
a88a4338-1e9e-11ef-b135-040e3c016083,29xDwPaXIY0vwCVDSpFG,5,9.693265321670307,300000
a88a4338-1e9e-11ef-b135-040e3c016083,2yyZFyn41qMQCMFGFqPj,3,4.488609664476685,4400000
a88a4338-1e9e-11ef-b135-040e3c016083,39GFiLtd7VrHOoUsPrWz,1,6.528776118605227,1500000
a88a4338-1e9e-11ef-b135-040e3c016083,3UXclQQjPqZn3o67SOso,1,7.488891658248297,1700000
a88a4338-1e9e-11ef-b135-040e3c016083,3dpZxuBBaJpStfsVfJNY,2,3.8770088245595855,2600000
a88a4338-1e9e-11ef-b135-040e3c016083,3gz1rLyC62cNtSbledms,2,3.4432663298352275,5600000
a88a4338-1e9e-11ef-b135-040e3c016083,3uSI9UGP8KkdYWscHC51,2,10.52808536476126,5000000
a88a4338-1e9e-11ef-b135-040e3c016083,4FIYxwtacJ4rbVYkcG9k,5,3.08192722174902,5000000
a88a4338-1e9e-11ef-b135-040e3c016083,4tgeNGivKygg6R8R1JCZ,1,6.6317434634560435,500000
a88a4338-1e9e-11ef-b135-040e3c016083,4wI60GtouIZvd2HIFhIh,1,12.824395266451772,5500000
a88a4338-1e9e-11ef-b135-040e3c016083,4yvz9glBBrXWmDuMQaEB,2,7.32265397876961,900000
a88a4338-1e9e-11ef-b135-040e3c016083,5FdOq5z7Ehjvtfnp7I24,4,0.656162404152568,3200000
a88a4338-1e9e-11ef-b135-040e3c016083,5PzoM1qR3LW9T4RnwYxs,2,9.693265321670307,0
a88a4338-1e9e-11ef-b135-040e3c016083,5ZbvLzrN6CtpKjGuaOJf,4,3.7846922066130055,2000000
a88a4338-1e9e-11ef-b135-040e3c016083,6iUK9Lno6nd0ky8WHhvQ,3,5.408867100064667,2099999
a88a4338-1e9e-11ef-b135-040e3c016083,78ooDgz5bkVfTAVLHQ4b,5,0.9093041502893374,1500000
a88a4338-1e9e-11ef-b135-040e3c016083,7GLCseg2wkvweqXP2FZq,4,4.494244551627995,1000000
a88a4338-1e9e-11ef-b135-040e3c016083,7Hhgg4USykrF2WYAMq4h,1,9.474674580015744,1500000
a88a4338-1e9e-11ef-b135-040e3c016083,7rqFEphDcFf17Y9Mxr0b,2,5.617285147068315,700000
a88a4338-1e9e-11ef-b135-040e3c016083,8A2GXme5EJMUCi2K6oOl,1,9.693265321670307,0
a88a4338-1e9e-11ef-b135-040e3c016083,8Bc7Usq9diqSmj9mOrJE,3,30,3000000
a88a4338-1e9e-11ef-b135-040e3c016083,8L04W3da0mdrL2eVBvmP,2,3.08192722174902,3000000
a88a4338-1e9e-11ef-b135-040e3c016083,98hNZmMHWBjj7uPZeK2B,4,5.408867100064667,0
a88a4338-1e9e-11ef-b135-040e3c016083,AL5cL8tJ5WDcRQqjiWfq,2,5.408867100064667,1800000
a88a4338-1e9e-11ef-b135-040e3c016083,AcKonDcKbBd9srJ8kJrT,4,4.852781109419679,2000000
a88a4338-1e9e-11ef-b135-040e3c016083,B4ItVZxVAylYJmxfBLM4,5,4.582559114335193,5000000
a88a4338-1e9e-11ef-b135-040e3c016083,BGLRJW546SxNnhOCma2F,5,7.52139834377014,400000
a88a4338-1e9e-11ef-b135-040e3c016083,CsAuzfyhqdeRmO5EwHMo,2,2.653140535219128,3000000
a88a4338-1e9e-11ef-b135-040e3c016083,CzeJRpKSJJPd0u93Jl5X,2,4.309777853971974,4000000
a88a4338-1e9e-11ef-b135-040e3c016083,D2yQi0OGpEg9lXe4paHN,2,5.617285147068315,700000
a88a4338-1e9e-11ef-b135-040e3c016083,DfYJgwxYNnaqctVFX6Fx,3,4.494244551627995,500000
a88a4338-1e9e-11ef-b135-040e3c016083,Dzxsk6CNw2s06qhm42qO,2,3.5433345425317535,4300000
a88a4338-1e9e-11ef-b135-040e3c016083,E66qoWthZdknSpsDyuyC,3,3.4432663298352275,5600000
a88a4338-1e9e-11ef-b135-040e3c016083,ED7u2sENb7U8qM3P3Zev,2,3.5433345425317535,4300000
a88a4338-1e9e-11ef-b135-040e3c016083,EPXHkQqzRGCapf2a4ki8,3,6.153202889365809,1700000
a88a4338-1e9e-11ef-b135-040e3c016083,EZTxqwMDBfEDxNqhtEbR,1,8.514630456957182,2700000
a88a4338-1e9e-11ef-b135-040e3c016083,EwBTbTCGOWoBb1EbEEEW,3,2.264097430207683,6000000
a88a4338-1e9e-11ef-b135-040e3c016083,F0cscj5XTHKgU57T8bhy,2,10.416515610073056,2700000
a88a4338-1e9e-11ef-b135-040e3c016083,FCAEPJQWscGwnzRM4jUi,5,3.7983478480162955,4500000
a88a4338-1e9e-11ef-b135-040e3c016083,FnjUu83KXaLi2vhAcoeQ,2,9.603435652518423,1300000
a88a4338-1e9e-11ef-b135-040e3c016083,GAuaI0SSPTNV0vN3he09,4,4.494244551627995,1500000
a88a4338-1e9e-11ef-b135-040e3c016083,GV265joouF79qk7lErIx,2,20.211213598224138,1800000
a88a4338-1e9e-11ef-b135-040e3c016083,GbJK7QiT6cppBPTDVOsf,6,4.494244551627995,900000
a88a4338-1e9e-11ef-b135-040e3c016083,HJOHvRsAWlzWEbzHM8Px,3,5.356015873545423,2300000
a88a4338-1e9e-11ef-b135-040e3c016083,HpJd2w8HYj0xl3v7JlKQ,6,0.656162404152568,3200000
a88a4338-1e9e-11ef-b135-040e3c016083,I6IQ4iHVuTTPucUoHPln,5,5.185442694580171,300000
a88a4338-1e9e-11ef-b135-040e3c016083,IYC5QeWKNbr5XlyWhaJt,4,2.038255302256671,3700000
a88a4338-1e9e-11ef-b135-040e3c016083,JFG5PCdrQLeNRCRr0zZu,5,6.834829186510363,100000
a88a4338-1e9e-11ef-b135-040e3c016083,JaCMElOyhlt8jDstvajY,1,6.675962010337829,200000
a88a4338-1e9e-11ef-b135-040e3c016083,KRSxQrWPsnzn9E9AZd8K,6,2.112327593012542,200000
a88a4338-1e9e-11ef-b135-040e3c016083,KVctgJrJINLUizdlOU0Z,2,2.264097430207683,6000000
a88a4338-1e9e-11ef-b135-040e3c016083,KkE7H2hNrFq8hODowTnY,2,9.110067776281687,2000000
a88a4338-1e9e-11ef-b135-040e3c016083,L3w3AFkJn0qxyROAD77a,2,4.388179369833397,3800000
a88a4338-1e9e-11ef-b135-040e3c016083,LIB3o9pkiZiNMiZ3NiMB,3,4.494244551627995,1900000
a88a4338-1e9e-11ef-b135-040e3c016083,LM4qnEwdhXUKncNI35L6,5,4.494244551627995,2000000
a88a4338-1e9e-11ef-b135-040e3c016083,LukiqvE5zaxZeobZVY6O,3,3.08192722174902,3000000
a88a4338-1e9e-11ef-b135-040e3c016083,M6NxlWupOJfZ0jPp7Lk6,1,5.408867100064667,2500000
a88a4338-1e9e-11ef-b135-040e3c016083,MqNmUpgJfx7sPUtFiash,1,9.305599526032264,3000000
a88a4338-1e9e-11ef-b135-040e3c016083,N6vVpQ9M5APipqlVL7aL,4,2.7388604086832666,3600000
a88a4338-1e9e-11ef-b135-040e3c016083,No0cbw2NKa76fILSeXUD,9,1.147388718323971,200000
a88a4338-1e9e-11ef-b135-040e3c016083,O1kmuvjKTk2eAW2xpw7e,1,9.474674580015744,1500000
a88a4338-1e9e-11ef-b135-040e3c016083,O6s95SMQC0aJyZqBeZm7,2,7.330066630750757,600000
a88a4338-1e9e-11ef-b135-040e3c016083,OBPIg9ZLeN4Coifrye0W,2,10.380902988678676,2500000
a88a4338-1e9e-11ef-b135-040e3c016083,OkWvDHMqAs83XCAPcdO2,2,22.185730050564075,1400000
a88a4338-1e9e-11ef-b135-040e3c016083,PCOUS8KZR0Ph13BLzrPR,1,9.110067776281687,2500000
a88a4338-1e9e-11ef-b135-040e3c016083,PJmi4oBrIyQw8hxN45jY,4,3.2204116413746746,500000
a88a4338-1e9e-11ef-b135-040e3c016083,Pae60dySd6ixwSyE6NUv,2,9.110067776281687,2000000
a88a4338-1e9e-11ef-b135-040e3c016083,PdMUfYqBBfdZQvl3ZmDF,3,8.566323861848272,1300000
a88a4338-1e9e-11ef-b135-040e3c016083,PdUlTnzmgcRd3I0O0Kje,5,4.494244551627995,2000000
a88a4338-1e9e-11ef-b135-040e3c016083,Q2pUi1iaYkUXp2V0PhTA,2,9.693265321670307,0
a88a4338-1e9e-11ef-b135-040e3c016083,Qux3ZMgibJarc4CfCo4L,5,4.930853377365104,500000
a88a4338-1e9e-11ef-b135-040e3c016083,Quyw1yoMf6oeAsf4ei82,2,9.76191088414881,300000
a88a4338-1e9e-11ef-b135-040e3c016083,Qx8Dx7hkNehsP8Ec5yA5,9,1.147388718323971,200000
a88a4338-1e9e-11ef-b135-040e3c016083,QypCz2qv29dQlcX4LTcc,5,3.79391914112016,300000
a88a4338-1e9e-11ef-b135-040e3c016083,R59acpMZGr8IcIHo8yCh,3,2.038255302256671,3700000
a88a4338-1e9e-11ef-b135-040e3c016083,R6eT9AxLMT7KF2Sv9QaG,1,6.917977346664864,4500000
a88a4338-1e9e-11ef-b135-040e3c016083,RfsuLJPMPj0snX0ihLjn,2,9.76191088414881,300000
a88a4338-1e9e-11ef-b135-040e3c016083,RgEunQB3QDn719ailYkj,2,2.1194205865039306,1800000
a88a4338-1e9e-11ef-b135-040e3c016083,Rwgf8cjLEEGUA7EEVKtf,5,4.494244551627995,500000
a88a4338-1e9e-11ef-b135-040e3c016083,S8D4ROZ1LivtKSbdYpSv,2,6.834829186510363,100000
a88a4338-1e9e-11ef-b135-040e3c016083,TCmSxtvfpzAI9Kyhydzr,1,30,3000000
a88a4338-1e9e-11ef-b135-040e3c016083,TNWiPAcmdfDmmLebrmIu,2,4.494244551627995,2000000
a88a4338-1e9e-11ef-b135-040e3c016083,TY1HhU1covRwD7TN2VTh,3,22.185730050564075,1400000
a88a4338-1e9e-11ef-b135-040e3c016083,TeqpLgdC4vf6Q9gmKXsP,3,5.356015873545423,2300000
a88a4338-1e9e-11ef-b135-040e3c016083,TfYJzXYE1bvRUKUcugAb,1,6.739460507752346,4000000
a88a4338-1e9e-11ef-b135-040e3c016083,URdWYFi04GTO7rIodoAc,2,10.52808536476126,3700000
a88a4338-1e9e-11ef-b135-040e3c016083,Uj3qeGrJBrEwAEu0W2iu,5,2.4767151506047282,800000
a88a4338-1e9e-11ef-b135-040e3c016083,V47fq1hBC1HWjH7NROGy,3,4.494244551627995,1900000
a88a4338-1e9e-11ef-b135-040e3c016083,VBu1kQ3PymLBAOsgCg4Q,5,4.494244551627995,1000000
a88a4338-1e9e-11ef-b135-040e3c016083,VIYbdeLQYy78mkbzvt3S,5,4.494244551627995,1000000
a88a4338-1e9e-11ef-b135-040e3c016083,VVqpULhyUfjXpEAU8uBf,4,4.309777853971974,1500000
a88a4338-1e9e-11ef-b135-040e3c016083,WD9xJz2lRxRfhUGf7Yy6,1,9.110067776281687,2800000
a88a4338-1e9e-11ef-b135-040e3c016083,X3qNwAFynzgskrzR0qUZ,1,5.408867100064667,2000000
a88a4338-1e9e-11ef-b135-040e3c016083,X9UpWqtaybMjsu2Lm8Xk,4,4.309777853971974,1500000
a88a4338-1e9e-11ef-b135-040e3c016083,XMabSiGhdNfstta0Yium,3,2.26727225865091,3500000
a88a4338-1e9e-11ef-b135-040e3c016083,XbipMOI4lDgqW6kCV1kk,3,30,3500000
a88a4338-1e9e-11ef-b135-040e3c016083,XzLiRrgyVHW4JsJ8c0Hc,2,3.0928846477458065,3000000
a88a4338-1e9e-11ef-b135-040e3c016083,YLspABuzKu9k1xgc6Cfj,3,3.8770088245595855,2600000
a88a4338-1e9e-11ef-b135-040e3c016083,YcqP9jtrc1uvhxsEP2N9,3,4.494244551627995,900000
a88a4338-1e9e-11ef-b135-040e3c016083,YdjFGRRUjacJCU9lp7QL,2,2.26727225865091,3500000
a88a4338-1e9e-11ef-b135-040e3c016083,YnPRgwM3K736kEyjGqPZ,5,4.494244551627995,500000
a88a4338-1e9e-11ef-b135-040e3c016083,YoqUAe9srafQLwUMGXTM,3,3.1600255587803523,2300000
a88a4338-1e9e-11ef-b135-040e3c016083,Zu7VT3CEOweTOwLKpQMK,2,5.584281355538304,4800000
a88a4338-1e9e-11ef-b135-040e3c016083,a1XaaEcggSPSjH7x3M1N,3,5.419879092442411,4000000
a88a4338-1e9e-11ef-b135-040e3c016083,afc5kIbTL7X9Ip4cz7fF,5,4.494244551627995,1000000
a88a4338-1e9e-11ef-b135-040e3c016083,avUBZXqNogvbbayyGUh6,2,12.03633730941692,1200000
a88a4338-1e9e-11ef-b135-040e3c016083,avyOiCvR4sU3DDjWH8ge,2,11.303746309621761,1300000
a88a4338-1e9e-11ef-b135-040e3c016083,bCX7vkW5T3eSDEGTQbg1,2,8.472439674102203,3000000
a88a4338-1e9e-11ef-b135-040e3c016083,bHUoj2xkuI4gY30OdjdM,4,1.6585158800782096,4000000
a88a4338-1e9e-11ef-b135-040e3c016083,bUIQWkMPdyZ1uzVrKCnc,5,4.930853377365104,500000
a88a4338-1e9e-11ef-b135-040e3c016083,bXNDqZT3fXRRBk661akG,3,30,1000000
a88a4338-1e9e-11ef-b135-040e3c016083,c292g4ic0e6lJgIWX1QH,2,6.528776118605227,1500000
a88a4338-1e9e-11ef-b135-040e3c016083,d0DxGTKfPQA04Gakw6OF,3,4.110957947296191,2600000
a88a4338-1e9e-11ef-b135-040e3c016083,dBgp9eBweTw75LV2tSR6,5,4.310199186620433,5200000
a88a4338-1e9e-11ef-b135-040e3c016083,dv4XdgHVlZcJtOebPA8Q,5,4.488609664476685,4400000
a88a4338-1e9e-11ef-b135-040e3c016083,dyABpC7CFuHsWxf5DAyN,5,4.309777853971974,1500000
a88a4338-1e9e-11ef-b135-040e3c016083,e0PgpVCcAWreswsEv0Jq,3,4.852781109419679,2000000
a88a4338-1e9e-11ef-b135-040e3c016083,eJDPRHHinhFgyBZrjGGq,5,1.7169884075469384,11600000
a88a4338-1e9e-11ef-b135-040e3c016083,eUMXmCuLlMMmdMQpXFQJ,1,12.394704685882216,0
a88a4338-1e9e-11ef-b135-040e3c016083,ea1FDgQB4zoUegWl32ya,3,5.419879092442411,4000000
a88a4338-1e9e-11ef-b135-040e3c016083,epOSoWYY55L4QeLeBxyV,1,11.303746309621761,1000000
a88a4338-1e9e-11ef-b135-040e3c016083,f4FupO5Vb3JYf936r0Nw,3,4.494244551627995,4500000
a88a4338-1e9e-11ef-b135-040e3c016083,fMBPtUSiBqAcQOk32RR8,3,10.04338208718662,6000000
a88a4338-1e9e-11ef-b135-040e3c016083,fYOnAKdKtZkgQrFfVuXW,4,2.26727225865091,3500000
a88a4338-1e9e-11ef-b135-040e3c016083,fwZ4pXRydP9iaCD9N1G7,1,5.733799026677479,3000000
a88a4338-1e9e-11ef-b135-040e3c016083,gvbZ45x7DWLtPmvK8oVz,3,8.566323861848272,3000000
a88a4338-1e9e-11ef-b135-040e3c016083,hBAOBVv4CR9d6bkGZCzc,2,30,3000000
a88a4338-1e9e-11ef-b135-040e3c016083,hECdNPaBAfZ89HNs3l9h,5,4.082099472172364,500000
a88a4338-1e9e-11ef-b135-040e3c016083,hEFwZXthqMfupnAcmJ2t,3,9.603435652518423,1300000
a88a4338-1e9e-11ef-b135-040e3c016083,hXpH041I8oRihgAHxmj5,5,4.940953492215526,4200000
a88a4338-1e9e-11ef-b135-040e3c016083,hYW58tBxFoZ9zsaJubqY,1,8.360747395344331,2000000
a88a4338-1e9e-11ef-b135-040e3c016083,hjFiktzdojENxE0zgyds,3,4.388179369833397,3800000
a88a4338-1e9e-11ef-b135-040e3c016083,hu9hrvL8MsVnBlTQMPzw,1,6.23153537502965,4500000
a88a4338-1e9e-11ef-b135-040e3c016083,i5XIQyawjhlTTUxeyITS,1,6.917977346664864,2500000
a88a4338-1e9e-11ef-b135-040e3c016083,imGVWUTfam1MgYO5c282,3,8.157003082105753,1500000
a88a4338-1e9e-11ef-b135-040e3c016083,j74I7sAno4NwrQpS752a,3,6.739460507752346,4000000
a88a4338-1e9e-11ef-b135-040e3c016083,jX5SZGw0ODmmWUOwHchZ,6,2.112327593012542,200000
a88a4338-1e9e-11ef-b135-040e3c016083,k2PZ5odV85GDWTpXUIkc,2,2.7334513487606995,5900000
a88a4338-1e9e-11ef-b135-040e3c016083,kHOd3ZfUXgcQ1cvhlNi4,2,3.08192722174902,5000000
a88a4338-1e9e-11ef-b135-040e3c016083,kdvwjgxBrGzeMZFK4HxI,1,5.408867100064667,2500000
a88a4338-1e9e-11ef-b135-040e3c016083,klXFM7EzvnkEUJk1NzPo,2,2.7334513487606995,5900000
a88a4338-1e9e-11ef-b135-040e3c016083,lCRJoJsp2BkBn4VAxSG6,4,7.52139834377014,400000
a88a4338-1e9e-11ef-b135-040e3c016083,lHtIzGxgadpcI2SH2MXD,1,6.750294464156066,2500000
a88a4338-1e9e-11ef-b135-040e3c016083,mNdE6mQ3mVdYt23lgTmX,4,3.0928846477458065,3000000
a88a4338-1e9e-11ef-b135-040e3c016083,mONPfAYVYW7kEuk920qW,1,8.514630456957182,2700000
a88a4338-1e9e-11ef-b135-040e3c016083,mq0X1B9uobOVM4CWZf4q,2,30,3500000
a88a4338-1e9e-11ef-b135-040e3c016083,n1OjfWW29Zj73gH14gY8,2,2.479520708181854,4300000
a88a4338-1e9e-11ef-b135-040e3c016083,nMJnm3BvKnte1bdx6NTF,5,4.931205991236341,100000
a88a4338-1e9e-11ef-b135-040e3c016083,nRI0z3n3ZL6SG9nmTh2V,1,9.110067776281687,2800000
a88a4338-1e9e-11ef-b135-040e3c016083,naug2BVkWVGo928BNdsQ,1,9.474674580015744,1500000
a88a4338-1e9e-11ef-b135-040e3c016083,o2uRjiWu7x9y66w54ZKI,3,2.6673709787904527,1700000
a88a4338-1e9e-11ef-b135-040e3c016083,oNOYrpRfzrG5y1lVllsF,4,4.494244551627995,500000
a88a4338-1e9e-11ef-b135-040e3c016083,oZhFXIopaf9e2g0Ho4W2,1,8.554628216899363,1600000
a88a4338-1e9e-11ef-b135-040e3c016083,ohl0N2ZNHgIFHRyRm5JF,5,4.460074939589845,4200000
a88a4338-1e9e-11ef-b135-040e3c016083,olWZl8WOq8rAQ5XopzjV,4,4.460074939589845,4200000
a88a4338-1e9e-11ef-b135-040e3c016083,ozd4DNbt4QbNcC64quxB,5,4.494244551627995,3500000
a88a4338-1e9e-11ef-b135-040e3c016083,q3rhJlWyZN10raxxtvHV,1,30,3000000
a88a4338-1e9e-11ef-b135-040e3c016083,qcY2zCPIXeGeBNZMxAgs,2,7.98961145927242,4200000
a88a4338-1e9e-11ef-b135-040e3c016083,rCVVZfC4uvfut3YgpCBH,2,9.702087175766383,2500000
a88a4338-1e9e-11ef-b135-040e3c016083,rQPZSWKNWgFGb5t7WxTm,4,0.7459322486668202,2900000
a88a4338-1e9e-11ef-b135-040e3c016083,s8JgUAuPWgNG4zQUNeGU,3,5.408867100064667,2500000
a88a4338-1e9e-11ef-b135-040e3c016083,sa6P3ZiFd5t1Wu7RNXOH,1,11.303746309621761,1000000
a88a4338-1e9e-11ef-b135-040e3c016083,sqPzwUiSvMMX3lLmd2B2,4,4.494244551627995,500000
a88a4338-1e9e-11ef-b135-040e3c016083,t1pycrNs36UteM5AUtLG,2,10.52808536476126,5000000
a88a4338-1e9e-11ef-b135-040e3c016083,t8wI7QAD1RSmc54UPRq1,4,2.8530069294569516,1000000
a88a4338-1e9e-11ef-b135-040e3c016083,tF53XYMNMd4QJxtMsF2h,3,4.494244551627995,700000
a88a4338-1e9e-11ef-b135-040e3c016083,txDz7IbKccW2ZXYMsg5k,5,4.494244551627995,1500000
a88a4338-1e9e-11ef-b135-040e3c016083,uF7XsTghoGs3mEpsckOR,3,2.26727225865091,3500000
a88a4338-1e9e-11ef-b135-040e3c016083,uI3USCYdTBVnRHfbolgt,2,4.582559114335193,5000000
a88a4338-1e9e-11ef-b135-040e3c016083,ubOhCaldtZ2NGNZSzl8S,2,3.8770088245595855,2600000
a88a4338-1e9e-11ef-b135-040e3c016083,udsIIuHdOHojPr3mOjc2,2,6.52178239520863,2200000
a88a4338-1e9e-11ef-b135-040e3c016083,unwKz0xY03RmO5OxTjtC,4,6.182600223636754,800000
a88a4338-1e9e-11ef-b135-040e3c016083,urT2a8ldifgBYedGmUmd,5,2.7388604086832666,3600000
a88a4338-1e9e-11ef-b135-040e3c016083,vRY5BQ2hWJbFgYHPGK74,5,4.494244551627995,500000
a88a4338-1e9e-11ef-b135-040e3c016083,vkrJ5cP2ZtqwNjfTi7aG,3,10.52808536476126,5000000
a88a4338-1e9e-11ef-b135-040e3c016083,vvMl58AkIxJqFjrtMczu,1,9.110067776281687,2000000
a88a4338-1e9e-11ef-b135-040e3c016083,vvq3pFbrLrQKJ5c0NVa0,1,5.879633211229995,6500000
a88a4338-1e9e-11ef-b135-040e3c016083,wkcpTkzsdCUB0WddZHtL,3,12.824395266451772,5500000
a88a4338-1e9e-11ef-b135-040e3c016083,ww8LMVceitSrTSvdEVz4,1,5.408867100064667,2000000
a88a4338-1e9e-11ef-b135-040e3c016083,xMvYNHdXNLjVYEpMwDkj,1,5.419879092442411,2500000
a88a4338-1e9e-11ef-b135-040e3c016083,xPHcHlh7noyKSUN3GOLN,5,4.494244551627995,1000000
a88a4338-1e9e-11ef-b135-040e3c016083,xr2zLfe7460vEJHfL1R6,4,0.9093041502893374,1500000
a88a4338-1e9e-11ef-b135-040e3c016083,xxu0VIwsrPiKsfmv3Cjt,2,7.308438951252096,1500000
a88a4338-1e9e-11ef-b135-040e3c016083,y7JrAjqTeLN3yELPKIlC,3,7.393402567134422,500000
a88a4338-1e9e-11ef-b135-040e3c016083,yGOblFsjdzUPur7dzOMP,7,0.9093041502893374,1500000
a88a4338-1e9e-11ef-b135-040e3c016083,yINcUBiwI7ibtlOK1pbm,2,4.176512426790838,1700000
a88a4338-1e9e-11ef-b135-040e3c016083,yKVlk54uje47thOdLLBg,1,6.528776118605227,1500000
a88a4338-1e9e-11ef-b135-040e3c016083,yPyyB4MYfMYx6MsvHBLl,2,2.5343215169570223,1800000
a88a4338-1e9e-11ef-b135-040e3c016083,yzYp9L1VvPieCHrHV78y,3,7.488891658248297,1700000
a88a4338-1e9e-11ef-b135-040e3c016083,zR6WxlgEf2RKQFDyoJwl,2,2.479520708181854,4300000
a88a4338-1e9e-11ef-b135-040e3c016083,zwhKkfA7skECX5ZDgWvj,4,0.9093041502893374,7000000
ab7590cb-1e9e-11ef-ae64-040e3c016083,0RsXIpTxYxbkD1ef7nCF,2,2.984582579533176,15000000
ab7590cb-1e9e-11ef-ae64-040e3c016083,0ibitfDjJNvgIx7vCd6Y,3,3.9414270128584286,13000000
ab7590cb-1e9e-11ef-ae64-040e3c016083,0swBNCJBfiIRxmzRREi2,6,0.5635681473267461,17800000
ab7590cb-1e9e-11ef-ae64-040e3c016083,0u8Rj5YaaYUN05pOqOAe,4,4.93621358825662,16200000
ab7590cb-1e9e-11ef-ae64-040e3c016083,1StM5HswzLz3VwD3nnyT,2,11.22574354727234,16800000
ab7590cb-1e9e-11ef-ae64-040e3c016083,1SyOX5nLpPbHxF0tRBQe,3,8.206481165712525,18200000
ab7590cb-1e9e-11ef-ae64-040e3c016083,1aoYNhwtodvT662nxon8,2,5.626725179698545,17700000
ab7590cb-1e9e-11ef-ae64-040e3c016083,1yHlowt1q6F9m5e1837E,2,3.9072674783600836,15400000
ab7590cb-1e9e-11ef-ae64-040e3c016083,29f1A0i5GzNpGMvUsdae,5,3.413442599135235,15500000
ab7590cb-1e9e-11ef-ae64-040e3c016083,29xDwPaXIY0vwCVDSpFG,2,11.583581780586059,17700000
ab7590cb-1e9e-11ef-ae64-040e3c016083,2yyZFyn41qMQCMFGFqPj,3,3.0147468555225245,13600000
ab7590cb-1e9e-11ef-ae64-040e3c016083,39GFiLtd7VrHOoUsPrWz,2,5.4184705053999105,16500000
ab7590cb-1e9e-11ef-ae64-040e3c016083,3UXclQQjPqZn3o67SOso,3,4.082689130045034,16300000
ab7590cb-1e9e-11ef-ae64-040e3c016083,3dpZxuBBaJpStfsVfJNY,5,1.5752688349101862,15400000
ab7590cb-1e9e-11ef-ae64-040e3c016083,3gz1rLyC62cNtSbledms,3,3.0750261643630576,12400000
ab7590cb-1e9e-11ef-ae64-040e3c016083,3uSI9UGP8KkdYWscHC51,2,6.86638434772369,13000000
ab7590cb-1e9e-11ef-ae64-040e3c016083,4FIYxwtacJ4rbVYkcG9k,2,2.984582579533176,13000000
ab7590cb-1e9e-11ef-ae64-040e3c016083,4tgeNGivKygg6R8R1JCZ,3,3.0940699888589287,17500000
ab7590cb-1e9e-11ef-ae64-040e3c016083,4wI60GtouIZvd2HIFhIh,3,9.491600591401273,12500000
ab7590cb-1e9e-11ef-ae64-040e3c016083,4yvz9glBBrXWmDuMQaEB,3,5.785658328146182,17100000
ab7590cb-1e9e-11ef-ae64-040e3c016083,5FdOq5z7Ehjvtfnp7I24,3,4.206584532451,14800000
ab7590cb-1e9e-11ef-ae64-040e3c016083,5PzoM1qR3LW9T4RnwYxs,3,11.583581780586059,18000000
ab7590cb-1e9e-11ef-ae64-040e3c016083,5ZbvLzrN6CtpKjGuaOJf,5,3.516169488250615,16000000
ab7590cb-1e9e-11ef-ae64-040e3c016083,6iUK9Lno6nd0ky8WHhvQ,1,6.570228220041686,15900001
ab7590cb-1e9e-11ef-ae64-040e3c016083,78ooDgz5bkVfTAVLHQ4b,5,3.4961201346618105,16500000
ab7590cb-1e9e-11ef-ae64-040e3c016083,7GLCseg2wkvweqXP2FZq,5,0.5635681473267461,17000000
ab7590cb-1e9e-11ef-ae64-040e3c016083,7Hhgg4USykrF2WYAMq4h,1,6.297564564306392,16500000
ab7590cb-1e9e-11ef-ae64-040e3c016083,7rqFEphDcFf17Y9Mxr0b,2,6.682875503364639,18700000
ab7590cb-1e9e-11ef-ae64-040e3c016083,8A2GXme5EJMUCi2K6oOl,1,11.583581780586059,18000000
ab7590cb-1e9e-11ef-ae64-040e3c016083,8Bc7Usq9diqSmj9mOrJE,1,30,15000000
ab7590cb-1e9e-11ef-ae64-040e3c016083,8L04W3da0mdrL2eVBvmP,5,2.984582579533176,15000000
ab7590cb-1e9e-11ef-ae64-040e3c016083,98hNZmMHWBjj7uPZeK2B,3,6.570228220041686,18000000
ab7590cb-1e9e-11ef-ae64-040e3c016083,AL5cL8tJ5WDcRQqjiWfq,1,6.570228220041686,16200000
ab7590cb-1e9e-11ef-ae64-040e3c016083,AcKonDcKbBd9srJ8kJrT,4,4.549737770450858,16000000
ab7590cb-1e9e-11ef-ae64-040e3c016083,B4ItVZxVAylYJmxfBLM4,4,3.133727378367732,13000000
ab7590cb-1e9e-11ef-ae64-040e3c016083,BGLRJW546SxNnhOCma2F,2,11.14197241372359,18400000
ab7590cb-1e9e-11ef-ae64-040e3c016083,CsAuzfyhqdeRmO5EwHMo,4,1.5804625066641154,15000000
ab7590cb-1e9e-11ef-ae64-040e3c016083,CzeJRpKSJJPd0u93Jl5X,5,1.0860347868399152,14000000
ab7590cb-1e9e-11ef-ae64-040e3c016083,D2yQi0OGpEg9lXe4paHN,2,6.682875503364639,18700000
ab7590cb-1e9e-11ef-ae64-040e3c016083,DfYJgwxYNnaqctVFX6Fx,5,0.5635681473267461,18500000
ab7590cb-1e9e-11ef-ae64-040e3c016083,Dzxsk6CNw2s06qhm42qO,7,1.969110113965335,13700000
ab7590cb-1e9e-11ef-ae64-040e3c016083,E66qoWthZdknSpsDyuyC,4,3.0750261643630576,12400000
ab7590cb-1e9e-11ef-ae64-040e3c016083,ED7u2sENb7U8qM3P3Zev,5,1.969110113965335,13700000
ab7590cb-1e9e-11ef-ae64-040e3c016083,EPXHkQqzRGCapf2a4ki8,5,1.9933918757000133,16300000
ab7590cb-1e9e-11ef-ae64-040e3c016083,EZTxqwMDBfEDxNqhtEbR,3,4.612348027753021,15300000
ab7590cb-1e9e-11ef-ae64-040e3c016083,EwBTbTCGOWoBb1EbEEEW,5,2.9950238165950296,12000000
ab7590cb-1e9e-11ef-ae64-040e3c016083,F0cscj5XTHKgU57T8bhy,2,7.397649820991001,15300000
ab7590cb-1e9e-11ef-ae64-040e3c016083,FCAEPJQWscGwnzRM4jUi,5,3.3536275475457966,13500000
ab7590cb-1e9e-11ef-ae64-040e3c016083,FnjUu83KXaLi2vhAcoeQ,1,5.591437169774717,16700000
ab7590cb-1e9e-11ef-ae64-040e3c016083,GAuaI0SSPTNV0vN3he09,6,0.5635681473267461,16500000
ab7590cb-1e9e-11ef-ae64-040e3c016083,GV265joouF79qk7lErIx,3,19.864712590514706,16200000
ab7590cb-1e9e-11ef-ae64-040e3c016083,GbJK7QiT6cppBPTDVOsf,4,0.5635681473267461,17100000
ab7590cb-1e9e-11ef-ae64-040e3c016083,HJOHvRsAWlzWEbzHM8Px,2,6.796085925876998,15700000
ab7590cb-1e9e-11ef-ae64-040e3c016083,HpJd2w8HYj0xl3v7JlKQ,2,4.206584532451,14800000
ab7590cb-1e9e-11ef-ae64-040e3c016083,I6IQ4iHVuTTPucUoHPln,2,6.968402439414962,17700000
ab7590cb-1e9e-11ef-ae64-040e3c016083,IYC5QeWKNbr5XlyWhaJt,2,2.9808236740390357,14300000
ab7590cb-1e9e-11ef-ae64-040e3c016083,JFG5PCdrQLeNRCRr0zZu,2,2.6602506661947314,18100000
ab7590cb-1e9e-11ef-ae64-040e3c016083,JaCMElOyhlt8jDstvajY,2,8.206481165712525,18200000
ab7590cb-1e9e-11ef-ae64-040e3c016083,KRSxQrWPsnzn9E9AZd8K,2,6.124033550074039,18200000
ab7590cb-1e9e-11ef-ae64-040e3c016083,KVctgJrJINLUizdlOU0Z,5,2.9950238165950296,12000000
ab7590cb-1e9e-11ef-ae64-040e3c016083,KkE7H2hNrFq8hODowTnY,2,7.305565224724074,16000000
ab7590cb-1e9e-11ef-ae64-040e3c016083,L3w3AFkJn0qxyROAD77a,6,1.105767180977099,14200000
ab7590cb-1e9e-11ef-ae64-040e3c016083,LIB3o9pkiZiNMiZ3NiMB,7,0.5635681473267461,16100000
ab7590cb-1e9e-11ef-ae64-040e3c016083,LM4qnEwdhXUKncNI35L6,5,0.5635681473267461,16000000
ab7590cb-1e9e-11ef-ae64-040e3c016083,LukiqvE5zaxZeobZVY6O,2,2.984582579533176,15000000
ab7590cb-1e9e-11ef-ae64-040e3c016083,M6NxlWupOJfZ0jPp7Lk6,1,6.570228220041686,15500000
ab7590cb-1e9e-11ef-ae64-040e3c016083,MqNmUpgJfx7sPUtFiash,2,5.2790047089788805,15000000
ab7590cb-1e9e-11ef-ae64-040e3c016083,N6vVpQ9M5APipqlVL7aL,4,1.4482854960443827,14400000
ab7590cb-1e9e-11ef-ae64-040e3c016083,No0cbw2NKa76fILSeXUD,5,3.0573344392541575,18200000
ab7590cb-1e9e-11ef-ae64-040e3c016083,O1kmuvjKTk2eAW2xpw7e,3,6.297564564306392,16500000
ab7590cb-1e9e-11ef-ae64-040e3c016083,O6s95SMQC0aJyZqBeZm7,4,4.750550318327578,18600000
ab7590cb-1e9e-11ef-ae64-040e3c016083,OBPIg9ZLeN4Coifrye0W,1,6.292750684002224,15500000
ab7590cb-1e9e-11ef-ae64-040e3c016083,OkWvDHMqAs83XCAPcdO2,1,18.987918000184802,16600000
ab7590cb-1e9e-11ef-ae64-040e3c016083,PCOUS8KZR0Ph13BLzrPR,2,7.305565224724074,15500000
ab7590cb-1e9e-11ef-ae64-040e3c016083,PJmi4oBrIyQw8hxN45jY,5,4.368647580705375,18500000
ab7590cb-1e9e-11ef-ae64-040e3c016083,Pae60dySd6ixwSyE6NUv,3,7.305565224724074,16000000
ab7590cb-1e9e-11ef-ae64-040e3c016083,PdMUfYqBBfdZQvl3ZmDF,1,7.81932615996451,16700000
ab7590cb-1e9e-11ef-ae64-040e3c016083,PdUlTnzmgcRd3I0O0Kje,4,0.5635681473267461,16000000
ab7590cb-1e9e-11ef-ae64-040e3c016083,Q2pUi1iaYkUXp2V0PhTA,2,11.583581780586059,18000000
ab7590cb-1e9e-11ef-ae64-040e3c016083,Qux3ZMgibJarc4CfCo4L,3,3.928843527508779,17500000
ab7590cb-1e9e-11ef-ae64-040e3c016083,Quyw1yoMf6oeAsf4ei82,2,5.626725179698545,17700000
ab7590cb-1e9e-11ef-ae64-040e3c016083,Qx8Dx7hkNehsP8Ec5yA5,2,3.0573344392541575,18200000
ab7590cb-1e9e-11ef-ae64-040e3c016083,QypCz2qv29dQlcX4LTcc,2,3.673989434798809,18300000
ab7590cb-1e9e-11ef-ae64-040e3c016083,R59acpMZGr8IcIHo8yCh,3,2.9808236740390357,14300000
ab7590cb-1e9e-11ef-ae64-040e3c016083,R6eT9AxLMT7KF2Sv9QaG,4,3.7817635679096697,13500000
ab7590cb-1e9e-11ef-ae64-040e3c016083,RfsuLJPMPj0snX0ihLjn,2,5.626725179698545,17700000
ab7590cb-1e9e-11ef-ae64-040e3c016083,RgEunQB3QDn719ailYkj,5,4.93621358825662,16200000
ab7590cb-1e9e-11ef-ae64-040e3c016083,Rwgf8cjLEEGUA7EEVKtf,7,0.5635681473267461,18500000
ab7590cb-1e9e-11ef-ae64-040e3c016083,S8D4ROZ1LivtKSbdYpSv,5,2.6602506661947314,18100000
ab7590cb-1e9e-11ef-ae64-040e3c016083,TCmSxtvfpzAI9Kyhydzr,3,30,15000000
ab7590cb-1e9e-11ef-ae64-040e3c016083,TNWiPAcmdfDmmLebrmIu,7,0.5635681473267461,16000000
ab7590cb-1e9e-11ef-ae64-040e3c016083,TY1HhU1covRwD7TN2VTh,1,18.987918000184802,16600000
ab7590cb-1e9e-11ef-ae64-040e3c016083,TeqpLgdC4vf6Q9gmKXsP,3,6.796085925876998,15700000
ab7590cb-1e9e-11ef-ae64-040e3c016083,TfYJzXYE1bvRUKUcugAb,5,3.010108093862464,14000000
ab7590cb-1e9e-11ef-ae64-040e3c016083,URdWYFi04GTO7rIodoAc,1,6.86638434772369,14300000
ab7590cb-1e9e-11ef-ae64-040e3c016083,Uj3qeGrJBrEwAEu0W2iu,3,6.431061536172624,17200000
ab7590cb-1e9e-11ef-ae64-040e3c016083,V47fq1hBC1HWjH7NROGy,5,0.5635681473267461,16100000
ab7590cb-1e9e-11ef-ae64-040e3c016083,VBu1kQ3PymLBAOsgCg4Q,4,0.5635681473267461,17000000
ab7590cb-1e9e-11ef-ae64-040e3c016083,VIYbdeLQYy78mkbzvt3S,5,0.5635681473267461,17000000
ab7590cb-1e9e-11ef-ae64-040e3c016083,VVqpULhyUfjXpEAU8uBf,4,1.0860347868399152,16500000
ab7590cb-1e9e-11ef-ae64-040e3c016083,WD9xJz2lRxRfhUGf7Yy6,3,7.305565224724074,15200000
ab7590cb-1e9e-11ef-ae64-040e3c016083,X3qNwAFynzgskrzR0qUZ,2,6.570228220041686,16000000
ab7590cb-1e9e-11ef-ae64-040e3c016083,X9UpWqtaybMjsu2Lm8Xk,5,1.0860347868399152,16500000
ab7590cb-1e9e-11ef-ae64-040e3c016083,XMabSiGhdNfstta0Yium,2,3.119599572270648,14500000
ab7590cb-1e9e-11ef-ae64-040e3c016083,XbipMOI4lDgqW6kCV1kk,2,30,14500000
ab7590cb-1e9e-11ef-ae64-040e3c016083,XzLiRrgyVHW4JsJ8c0Hc,7,1.1642352255001984,15000000
ab7590cb-1e9e-11ef-ae64-040e3c016083,YLspABuzKu9k1xgc6Cfj,4,1.5752688349101862,15400000
ab7590cb-1e9e-11ef-ae64-040e3c016083,YcqP9jtrc1uvhxsEP2N9,5,0.5635681473267461,17100000
ab7590cb-1e9e-11ef-ae64-040e3c016083,YdjFGRRUjacJCU9lp7QL,4,3.119599572270648,14500000
ab7590cb-1e9e-11ef-ae64-040e3c016083,YnPRgwM3K736kEyjGqPZ,4,0.5635681473267461,18500000
ab7590cb-1e9e-11ef-ae64-040e3c016083,YoqUAe9srafQLwUMGXTM,2,7.304878668214762,15700000
ab7590cb-1e9e-11ef-ae64-040e3c016083,Zu7VT3CEOweTOwLKpQMK,5,1.6983521780477167,13200000
ab7590cb-1e9e-11ef-ae64-040e3c016083,a1XaaEcggSPSjH7x3M1N,4,3.413442599135235,14000000
ab7590cb-1e9e-11ef-ae64-040e3c016083,afc5kIbTL7X9Ip4cz7fF,7,0.5635681473267461,17000000
ab7590cb-1e9e-11ef-ae64-040e3c016083,avUBZXqNogvbbayyGUh6,3,9.15878844929356,16800000
ab7590cb-1e9e-11ef-ae64-040e3c016083,avyOiCvR4sU3DDjWH8ge,2,8.511733398341287,16700000
ab7590cb-1e9e-11ef-ae64-040e3c016083,bCX7vkW5T3eSDEGTQbg1,2,4.320137543994952,15000000
ab7590cb-1e9e-11ef-ae64-040e3c016083,bHUoj2xkuI4gY30OdjdM,2,5.803445199530675,14000000
ab7590cb-1e9e-11ef-ae64-040e3c016083,bUIQWkMPdyZ1uzVrKCnc,3,3.928843527508779,17500000
ab7590cb-1e9e-11ef-ae64-040e3c016083,bXNDqZT3fXRRBk661akG,3,30,17000000
ab7590cb-1e9e-11ef-ae64-040e3c016083,c292g4ic0e6lJgIWX1QH,3,5.4184705053999105,16500000
ab7590cb-1e9e-11ef-ae64-040e3c016083,d0DxGTKfPQA04Gakw6OF,3,3.9072674783600836,15400000
ab7590cb-1e9e-11ef-ae64-040e3c016083,dBgp9eBweTw75LV2tSR6,2,2.7561353006335736,12800000
ab7590cb-1e9e-11ef-ae64-040e3c016083,dv4XdgHVlZcJtOebPA8Q,5,3.0147468555225245,13600000
ab7590cb-1e9e-11ef-ae64-040e3c016083,dyABpC7CFuHsWxf5DAyN,7,1.0860347868399152,16500000
ab7590cb-1e9e-11ef-ae64-040e3c016083,e0PgpVCcAWreswsEv0Jq,5,4.549737770450858,16000000
ab7590cb-1e9e-11ef-ae64-040e3c016083,eJDPRHHinhFgyBZrjGGq,5,3.8454137017605325,6400000
ab7590cb-1e9e-11ef-ae64-040e3c016083,eUMXmCuLlMMmdMQpXFQJ,2,10.725580002436903,18000000
ab7590cb-1e9e-11ef-ae64-040e3c016083,ea1FDgQB4zoUegWl32ya,2,3.413442599135235,14000000
ab7590cb-1e9e-11ef-ae64-040e3c016083,epOSoWYY55L4QeLeBxyV,1,8.511733398341287,17000000
ab7590cb-1e9e-11ef-ae64-040e3c016083,f4FupO5Vb3JYf936r0Nw,4,0.5635681473267461,13500000
ab7590cb-1e9e-11ef-ae64-040e3c016083,fMBPtUSiBqAcQOk32RR8,1,6.427901976233406,12000000
ab7590cb-1e9e-11ef-ae64-040e3c016083,fYOnAKdKtZkgQrFfVuXW,5,3.119599572270648,14500000
ab7590cb-1e9e-11ef-ae64-040e3c016083,fwZ4pXRydP9iaCD9N1G7,4,2.830237710819292,15000000
ab7590cb-1e9e-11ef-ae64-040e3c016083,gvbZ45x7DWLtPmvK8oVz,3,7.81932615996451,15000000
ab7590cb-1e9e-11ef-ae64-040e3c016083,hBAOBVv4CR9d6bkGZCzc,2,30,15000000
ab7590cb-1e9e-11ef-ae64-040e3c016083,hECdNPaBAfZ89HNs3l9h,2,7.711865551898497,17500000
ab7590cb-1e9e-11ef-ae64-040e3c016083,hEFwZXthqMfupnAcmJ2t,1,5.591437169774717,16700000
ab7590cb-1e9e-11ef-ae64-040e3c016083,hXpH041I8oRihgAHxmj5,5,3.9414270128584286,13800000
ab7590cb-1e9e-11ef-ae64-040e3c016083,hYW58tBxFoZ9zsaJubqY,1,10.916388788405648,16000000
ab7590cb-1e9e-11ef-ae64-040e3c016083,hjFiktzdojENxE0zgyds,7,1.105767180977099,14200000
ab7590cb-1e9e-11ef-ae64-040e3c016083,hu9hrvL8MsVnBlTQMPzw,5,2.1323926618750413,13500000
ab7590cb-1e9e-11ef-ae64-040e3c016083,i5XIQyawjhlTTUxeyITS,2,3.7817635679096697,15500000
ab7590cb-1e9e-11ef-ae64-040e3c016083,imGVWUTfam1MgYO5c282,2,4.421865321591409,16500000
ab7590cb-1e9e-11ef-ae64-040e3c016083,j74I7sAno4NwrQpS752a,5,3.010108093862464,14000000
ab7590cb-1e9e-11ef-ae64-040e3c016083,jX5SZGw0ODmmWUOwHchZ,2,6.124033550074039,18200000
ab7590cb-1e9e-11ef-ae64-040e3c016083,k2PZ5odV85GDWTpXUIkc,5,3.4188956572970683,12100000
ab7590cb-1e9e-11ef-ae64-040e3c016083,kHOd3ZfUXgcQ1cvhlNi4,4,2.984582579533176,13000000
ab7590cb-1e9e-11ef-ae64-040e3c016083,kdvwjgxBrGzeMZFK4HxI,3,6.570228220041686,15500000
ab7590cb-1e9e-11ef-ae64-040e3c016083,klXFM7EzvnkEUJk1NzPo,2,3.4188956572970683,12100000
ab7590cb-1e9e-11ef-ae64-040e3c016083,lCRJoJsp2BkBn4VAxSG6,3,11.14197241372359,18400000
ab7590cb-1e9e-11ef-ae64-040e3c016083,lHtIzGxgadpcI2SH2MXD,2,2.8625412635679743,15500000
ab7590cb-1e9e-11ef-ae64-040e3c016083,mNdE6mQ3mVdYt23lgTmX,6,1.1642352255001984,15000000
ab7590cb-1e9e-11ef-ae64-040e3c016083,mONPfAYVYW7kEuk920qW,3,4.612348027753021,15300000
ab7590cb-1e9e-11ef-ae64-040e3c016083,mq0X1B9uobOVM4CWZf4q,1,30,14500000
ab7590cb-1e9e-11ef-ae64-040e3c016083,n1OjfWW29Zj73gH14gY8,5,2.4080662572421234,13700000
ab7590cb-1e9e-11ef-ae64-040e3c016083,nMJnm3BvKnte1bdx6NTF,2,2.3440471521665396,18100000
ab7590cb-1e9e-11ef-ae64-040e3c016083,nRI0z3n3ZL6SG9nmTh2V,1,7.305565224724074,15200000
ab7590cb-1e9e-11ef-ae64-040e3c016083,naug2BVkWVGo928BNdsQ,2,6.297564564306392,16500000
ab7590cb-1e9e-11ef-ae64-040e3c016083,o2uRjiWu7x9y66w54ZKI,7,1.876095610495492,16300000
ab7590cb-1e9e-11ef-ae64-040e3c016083,oNOYrpRfzrG5y1lVllsF,7,0.5635681473267461,18500000
ab7590cb-1e9e-11ef-ae64-040e3c016083,oZhFXIopaf9e2g0Ho4W2,2,4.614735589668777,16400000
ab7590cb-1e9e-11ef-ae64-040e3c016083,ohl0N2ZNHgIFHRyRm5JF,2,3.6069455386037594,13800000
ab7590cb-1e9e-11ef-ae64-040e3c016083,olWZl8WOq8rAQ5XopzjV,5,3.6069455386037594,13800000
ab7590cb-1e9e-11ef-ae64-040e3c016083,ozd4DNbt4QbNcC64quxB,5,0.5635681473267461,14500000
ab7590cb-1e9e-11ef-ae64-040e3c016083,q3rhJlWyZN10raxxtvHV,1,30,15000000
ab7590cb-1e9e-11ef-ae64-040e3c016083,qcY2zCPIXeGeBNZMxAgs,4,3.811841510434837,13800000
ab7590cb-1e9e-11ef-ae64-040e3c016083,rCVVZfC4uvfut3YgpCBH,3,5.593311433494779,15500000
ab7590cb-1e9e-11ef-ae64-040e3c016083,rQPZSWKNWgFGb5t7WxTm,2,3.436674785808756,15100000
ab7590cb-1e9e-11ef-ae64-040e3c016083,s8JgUAuPWgNG4zQUNeGU,3,6.570228220041686,15500000
ab7590cb-1e9e-11ef-ae64-040e3c016083,sa6P3ZiFd5t1Wu7RNXOH,3,8.511733398341287,17000000
ab7590cb-1e9e-11ef-ae64-040e3c016083,sqPzwUiSvMMX3lLmd2B2,4,0.5635681473267461,18500000
ab7590cb-1e9e-11ef-ae64-040e3c016083,t1pycrNs36UteM5AUtLG,1,6.86638434772369,13000000
ab7590cb-1e9e-11ef-ae64-040e3c016083,t8wI7QAD1RSmc54UPRq1,2,3.4515956645132975,17000000
ab7590cb-1e9e-11ef-ae64-040e3c016083,tF53XYMNMd4QJxtMsF2h,7,0.5635681473267461,17300000
ab7590cb-1e9e-11ef-ae64-040e3c016083,txDz7IbKccW2ZXYMsg5k,4,0.5635681473267461,16500000
ab7590cb-1e9e-11ef-ae64-040e3c016083,uF7XsTghoGs3mEpsckOR,4,3.119599572270648,14500000
ab7590cb-1e9e-11ef-ae64-040e3c016083,uI3USCYdTBVnRHfbolgt,4,3.133727378367732,13000000
ab7590cb-1e9e-11ef-ae64-040e3c016083,ubOhCaldtZ2NGNZSzl8S,6,1.5752688349101862,15400000
ab7590cb-1e9e-11ef-ae64-040e3c016083,udsIIuHdOHojPr3mOjc2,3,3.3175469977537,15800000
ab7590cb-1e9e-11ef-ae64-040e3c016083,unwKz0xY03RmO5OxTjtC,1,6.233369690331798,17200000
ab7590cb-1e9e-11ef-ae64-040e3c016083,urT2a8ldifgBYedGmUmd,5,1.4482854960443827,14400000
ab7590cb-1e9e-11ef-ae64-040e3c016083,vRY5BQ2hWJbFgYHPGK74,4,0.5635681473267461,18500000
ab7590cb-1e9e-11ef-ae64-040e3c016083,vkrJ5cP2ZtqwNjfTi7aG,1,6.86638434772369,13000000
ab7590cb-1e9e-11ef-ae64-040e3c016083,vvMl58AkIxJqFjrtMczu,2,7.305565224724074,16000000
ab7590cb-1e9e-11ef-ae64-040e3c016083,vvq3pFbrLrQKJ5c0NVa0,3,7.052755456799509,11500000
ab7590cb-1e9e-11ef-ae64-040e3c016083,wkcpTkzsdCUB0WddZHtL,2,9.491600591401273,12500000
ab7590cb-1e9e-11ef-ae64-040e3c016083,ww8LMVceitSrTSvdEVz4,2,6.570228220041686,16000000
ab7590cb-1e9e-11ef-ae64-040e3c016083,xMvYNHdXNLjVYEpMwDkj,5,3.413442599135235,15500000
ab7590cb-1e9e-11ef-ae64-040e3c016083,xPHcHlh7noyKSUN3GOLN,4,0.5635681473267461,17000000
ab7590cb-1e9e-11ef-ae64-040e3c016083,xr2zLfe7460vEJHfL1R6,5,3.4961201346618105,16500000
ab7590cb-1e9e-11ef-ae64-040e3c016083,xxu0VIwsrPiKsfmv3Cjt,2,10.586079023264865,16500000
ab7590cb-1e9e-11ef-ae64-040e3c016083,y7JrAjqTeLN3yELPKIlC,2,5.822415433436832,17500000
ab7590cb-1e9e-11ef-ae64-040e3c016083,yGOblFsjdzUPur7dzOMP,2,3.4961201346618105,16500000
ab7590cb-1e9e-11ef-ae64-040e3c016083,yINcUBiwI7ibtlOK1pbm,3,2.983023789920648,16300000
ab7590cb-1e9e-11ef-ae64-040e3c016083,yKVlk54uje47thOdLLBg,2,5.4184705053999105,16500000
ab7590cb-1e9e-11ef-ae64-040e3c016083,yPyyB4MYfMYx6MsvHBLl,4,3.2406914294677223,16200000
ab7590cb-1e9e-11ef-ae64-040e3c016083,yzYp9L1VvPieCHrHV78y,4,4.082689130045034,16300000
ab7590cb-1e9e-11ef-ae64-040e3c016083,zR6WxlgEf2RKQFDyoJwl,5,2.4080662572421234,13700000
ab7590cb-1e9e-11ef-ae64-040e3c016083,zwhKkfA7skECX5ZDgWvj,3,3.4961201346618105,11000000
e57d5b72-1e9e-11ef-9b7e-040e3c016083,0RsXIpTxYxbkD1ef7nCF,5,3.765773055103656,3000000
e57d5b72-1e9e-11ef-9b7e-040e3c016083,0ibitfDjJNvgIx7vCd6Y,5,4.725723183346338,5000000
e57d5b72-1e9e-11ef-9b7e-040e3c016083,0swBNCJBfiIRxmzRREi2,9,0.23938744029299655,200000
e57d5b72-1e9e-11ef-9b7e-040e3c016083,0u8Rj5YaaYUN05pOqOAe,3,5.041208498930562,1800000
e57d5b72-1e9e-11ef-9b7e-040e3c016083,1StM5HswzLz3VwD3nnyT,2,11.027256736787985,1200000
e57d5b72-1e9e-11ef-9b7e-040e3c016083,1SyOX5nLpPbHxF0tRBQe,2,9.001052009594067,200000
e57d5b72-1e9e-11ef-9b7e-040e3c016083,1aoYNhwtodvT662nxon8,5,5.154963502889516,300000
e57d5b72-1e9e-11ef-9b7e-040e3c016083,1yHlowt1q6F9m5e1837E,3,3.537130403098911,2600000
e57d5b72-1e9e-11ef-9b7e-040e3c016083,29f1A0i5GzNpGMvUsdae,3,4.1348957746177435,2500000
e57d5b72-1e9e-11ef-9b7e-040e3c016083,29xDwPaXIY0vwCVDSpFG,5,11.264135331513797,300000
e57d5b72-1e9e-11ef-9b7e-040e3c016083,2yyZFyn41qMQCMFGFqPj,5,3.798950346477,4400000
e57d5b72-1e9e-11ef-9b7e-040e3c016083,39GFiLtd7VrHOoUsPrWz,3,6.1651593590248135,1500000
e57d5b72-1e9e-11ef-9b7e-040e3c016083,3UXclQQjPqZn3o67SOso,5,4.4446130596305915,1700000
e57d5b72-1e9e-11ef-9b7e-040e3c016083,3dpZxuBBaJpStfsVfJNY,4,2.373590924041801,2600000
e57d5b72-1e9e-11ef-9b7e-040e3c016083,3gz1rLyC62cNtSbledms,4,2.817881324157509,5600000
e57d5b72-1e9e-11ef-9b7e-040e3c016083,3uSI9UGP8KkdYWscHC51,3,6.152443258289747,5000000
e57d5b72-1e9e-11ef-9b7e-040e3c016083,4FIYxwtacJ4rbVYkcG9k,4,3.765773055103656,5000000
e57d5b72-1e9e-11ef-9b7e-040e3c016083,4tgeNGivKygg6R8R1JCZ,4,3.463698703489338,500000
e57d5b72-1e9e-11ef-9b7e-040e3c016083,4wI60GtouIZvd2HIFhIh,1,9.744435983010668,5500000
e57d5b72-1e9e-11ef-9b7e-040e3c016083,4yvz9glBBrXWmDuMQaEB,1,6.483958844336073,900000
e57d5b72-1e9e-11ef-9b7e-040e3c016083,5FdOq5z7Ehjvtfnp7I24,5,4.533118824843819,3200000
e57d5b72-1e9e-11ef-9b7e-040e3c016083,5PzoM1qR3LW9T4RnwYxs,5,11.264135331513797,0
e57d5b72-1e9e-11ef-9b7e-040e3c016083,5ZbvLzrN6CtpKjGuaOJf,5,3.191709623592267,2000000
e57d5b72-1e9e-11ef-9b7e-040e3c016083,6iUK9Lno6nd0ky8WHhvQ,1,7.366634636320372,2099999
e57d5b72-1e9e-11ef-9b7e-040e3c016083,78ooDgz5bkVfTAVLHQ4b,3,3.8346015729379657,1500000
e57d5b72-1e9e-11ef-9b7e-040e3c016083,7GLCseg2wkvweqXP2FZq,7,0.23938744029299655,1000000
e57d5b72-1e9e-11ef-9b7e-040e3c016083,7Hhgg4USykrF2WYAMq4h,1,5.510581466785184,1500000
e57d5b72-1e9e-11ef-9b7e-040e3c016083,7rqFEphDcFf17Y9Mxr0b,2,6.337217899085951,700000
e57d5b72-1e9e-11ef-9b7e-040e3c016083,8A2GXme5EJMUCi2K6oOl,1,11.264135331513797,0
e57d5b72-1e9e-11ef-9b7e-040e3c016083,8Bc7Usq9diqSmj9mOrJE,1,30,3000000
e57d5b72-1e9e-11ef-9b7e-040e3c016083,8L04W3da0mdrL2eVBvmP,4,3.765773055103656,3000000
e57d5b72-1e9e-11ef-9b7e-040e3c016083,98hNZmMHWBjj7uPZeK2B,2,7.366634636320372,0
e57d5b72-1e9e-11ef-9b7e-040e3c016083,AL5cL8tJ5WDcRQqjiWfq,1,7.366634636320372,1800000
e57d5b72-1e9e-11ef-9b7e-040e3c016083,AcKonDcKbBd9srJ8kJrT,1,5.347941376773309,2000000
e57d5b72-1e9e-11ef-9b7e-040e3c016083,B4ItVZxVAylYJmxfBLM4,4,2.59476203524968,5000000
e57d5b72-1e9e-11ef-9b7e-040e3c016083,BGLRJW546SxNnhOCma2F,2,11.226463866401602,400000
e57d5b72-1e9e-11ef-9b7e-040e3c016083,CsAuzfyhqdeRmO5EwHMo,4,2.1816258804155675,3000000
e57d5b72-1e9e-11ef-9b7e-040e3c016083,CzeJRpKSJJPd0u93Jl5X,6,1.8344390569977722,4000000
e57d5b72-1e9e-11ef-9b7e-040e3c016083,D2yQi0OGpEg9lXe4paHN,1,6.337217899085951,700000
e57d5b72-1e9e-11ef-9b7e-040e3c016083,DfYJgwxYNnaqctVFX6Fx,9,0.23938744029299655,500000
e57d5b72-1e9e-11ef-9b7e-040e3c016083,Dzxsk6CNw2s06qhm42qO,6,1.7215244004984078,4300000
e57d5b72-1e9e-11ef-9b7e-040e3c016083,E66qoWthZdknSpsDyuyC,2,2.817881324157509,5600000
e57d5b72-1e9e-11ef-9b7e-040e3c016083,ED7u2sENb7U8qM3P3Zev,4,1.7215244004984078,4300000
e57d5b72-1e9e-11ef-9b7e-040e3c016083,EPXHkQqzRGCapf2a4ki8,4,1.6207252961211662,1700000
e57d5b72-1e9e-11ef-9b7e-040e3c016083,EZTxqwMDBfEDxNqhtEbR,5,4.693771082323015,2700000
e57d5b72-1e9e-11ef-9b7e-040e3c016083,EwBTbTCGOWoBb1EbEEEW,3,3.052804488285362,6000000
e57d5b72-1e9e-11ef-9b7e-040e3c016083,F0cscj5XTHKgU57T8bhy,1,7.782004629335035,2700000
e57d5b72-1e9e-11ef-9b7e-040e3c016083,FCAEPJQWscGwnzRM4jUi,4,4.154317017570815,4500000
e57d5b72-1e9e-11ef-9b7e-040e3c016083,FnjUu83KXaLi2vhAcoeQ,2,5.558246412111013,1300000
e57d5b72-1e9e-11ef-9b7e-040e3c016083,GAuaI0SSPTNV0vN3he09,5,0.23938744029299655,1500000
e57d5b72-1e9e-11ef-9b7e-040e3c016083,GV265joouF79qk7lErIx,3,20.582685069327287,1800000
e57d5b72-1e9e-11ef-9b7e-040e3c016083,GbJK7QiT6cppBPTDVOsf,7,0.23938744029299655,900000
e57d5b72-1e9e-11ef-9b7e-040e3c016083,HJOHvRsAWlzWEbzHM8Px,3,7.586792112586913,2300000
e57d5b72-1e9e-11ef-9b7e-040e3c016083,HpJd2w8HYj0xl3v7JlKQ,2,4.533118824843819,3200000
e57d5b72-1e9e-11ef-9b7e-040e3c016083,I6IQ4iHVuTTPucUoHPln,1,7.748069499904235,300000
e57d5b72-1e9e-11ef-9b7e-040e3c016083,IYC5QeWKNbr5XlyWhaJt,5,3.1020929041120557,3700000
e57d5b72-1e9e-11ef-9b7e-040e3c016083,JFG5PCdrQLeNRCRr0zZu,5,2.3153211991188556,100000
e57d5b72-1e9e-11ef-9b7e-040e3c016083,JaCMElOyhlt8jDstvajY,4,9.001052009594067,200000
e57d5b72-1e9e-11ef-9b7e-040e3c016083,KRSxQrWPsnzn9E9AZd8K,5,6.642702245769936,200000
e57d5b72-1e9e-11ef-9b7e-040e3c016083,KVctgJrJINLUizdlOU0Z,2,3.052804488285362,6000000
e57d5b72-1e9e-11ef-9b7e-040e3c016083,KkE7H2hNrFq8hODowTnY,3,6.541924471625587,2000000
e57d5b72-1e9e-11ef-9b7e-040e3c016083,L3w3AFkJn0qxyROAD77a,6,1.8373906081324745,3800000
e57d5b72-1e9e-11ef-9b7e-040e3c016083,LIB3o9pkiZiNMiZ3NiMB,4,0.23938744029299655,1900000
e57d5b72-1e9e-11ef-9b7e-040e3c016083,LM4qnEwdhXUKncNI35L6,4,0.23938744029299655,2000000
e57d5b72-1e9e-11ef-9b7e-040e3c016083,LukiqvE5zaxZeobZVY6O,5,3.765773055103656,3000000
e57d5b72-1e9e-11ef-9b7e-040e3c016083,M6NxlWupOJfZ0jPp7Lk6,2,7.366634636320372,2500000
e57d5b72-1e9e-11ef-9b7e-040e3c016083,MqNmUpgJfx7sPUtFiash,4,4.703118247189517,3000000
e57d5b72-1e9e-11ef-9b7e-040e3c016083,N6vVpQ9M5APipqlVL7aL,6,1.921241140058816,3600000
e57d5b72-1e9e-11ef-9b7e-040e3c016083,No0cbw2NKa76fILSeXUD,7,3.5452199324971017,200000
e57d5b72-1e9e-11ef-9b7e-040e3c016083,O1kmuvjKTk2eAW2xpw7e,1,5.510581466785184,1500000
e57d5b72-1e9e-11ef-9b7e-040e3c016083,O6s95SMQC0aJyZqBeZm7,3,5.3178948673709545,600000
e57d5b72-1e9e-11ef-9b7e-040e3c016083,OBPIg9ZLeN4Coifrye0W,1,5.7673025521335886,2500000
e57d5b72-1e9e-11ef-9b7e-040e3c016083,OkWvDHMqAs83XCAPcdO2,2,19.223120897083948,1400000
e57d5b72-1e9e-11ef-9b7e-040e3c016083,PCOUS8KZR0Ph13BLzrPR,1,6.541924471625587,2500000
e57d5b72-1e9e-11ef-9b7e-040e3c016083,PJmi4oBrIyQw8hxN45jY,6,4.217778095484764,500000
e57d5b72-1e9e-11ef-9b7e-040e3c016083,Pae60dySd6ixwSyE6NUv,2,6.541924471625587,2000000
e57d5b72-1e9e-11ef-9b7e-040e3c016083,PdMUfYqBBfdZQvl3ZmDF,1,7.1582702204330975,1300000
e57d5b72-1e9e-11ef-9b7e-040e3c016083,PdUlTnzmgcRd3I0O0Kje,4,0.23938744029299655,2000000
e57d5b72-1e9e-11ef-9b7e-040e3c016083,Q2pUi1iaYkUXp2V0PhTA,4,11.264135331513797,0
e57d5b72-1e9e-11ef-9b7e-040e3c016083,Qux3ZMgibJarc4CfCo4L,6,4.713281769903075,500000
e57d5b72-1e9e-11ef-9b7e-040e3c016083,Quyw1yoMf6oeAsf4ei82,3,5.154963502889516,300000
e57d5b72-1e9e-11ef-9b7e-040e3c016083,Qx8Dx7hkNehsP8Ec5yA5,8,3.5452199324971017,200000
e57d5b72-1e9e-11ef-9b7e-040e3c016083,QypCz2qv29dQlcX4LTcc,8,3.356744653787185,300000
e57d5b72-1e9e-11ef-9b7e-040e3c016083,R59acpMZGr8IcIHo8yCh,2,3.1020929041120557,3700000
e57d5b72-1e9e-11ef-9b7e-040e3c016083,R6eT9AxLMT7KF2Sv9QaG,2,4.254106413382066,4500000
e57d5b72-1e9e-11ef-9b7e-040e3c016083,RfsuLJPMPj0snX0ihLjn,1,5.154963502889516,300000
e57d5b72-1e9e-11ef-9b7e-040e3c016083,RgEunQB3QDn719ailYkj,3,5.041208498930562,1800000
e57d5b72-1e9e-11ef-9b7e-040e3c016083,Rwgf8cjLEEGUA7EEVKtf,8,0.23938744029299655,500000
e57d5b72-1e9e-11ef-9b7e-040e3c016083,S8D4ROZ1LivtKSbdYpSv,6,2.3153211991188556,100000
e57d5b72-1e9e-11ef-9b7e-040e3c016083,TCmSxtvfpzAI9Kyhydzr,2,30,3000000
e57d5b72-1e9e-11ef-9b7e-040e3c016083,TNWiPAcmdfDmmLebrmIu,6,0.23938744029299655,2000000
e57d5b72-1e9e-11ef-9b7e-040e3c016083,TY1HhU1covRwD7TN2VTh,3,19.223120897083948,1400000
e57d5b72-1e9e-11ef-9b7e-040e3c016083,TeqpLgdC4vf6Q9gmKXsP,2,7.586792112586913,2300000
e57d5b72-1e9e-11ef-9b7e-040e3c016083,TfYJzXYE1bvRUKUcugAb,4,2.2764503208909264,4000000
e57d5b72-1e9e-11ef-9b7e-040e3c016083,URdWYFi04GTO7rIodoAc,2,6.152443258289747,3700000
e57d5b72-1e9e-11ef-9b7e-040e3c016083,Uj3qeGrJBrEwAEu0W2iu,1,6.969208264066926,800000
e57d5b72-1e9e-11ef-9b7e-040e3c016083,V47fq1hBC1HWjH7NROGy,7,0.23938744029299655,1900000
e57d5b72-1e9e-11ef-9b7e-040e3c016083,VBu1kQ3PymLBAOsgCg4Q,4,0.23938744029299655,1000000
e57d5b72-1e9e-11ef-9b7e-040e3c016083,VIYbdeLQYy78mkbzvt3S,4,0.23938744029299655,1000000
e57d5b72-1e9e-11ef-9b7e-040e3c016083,VVqpULhyUfjXpEAU8uBf,5,1.8344390569977722,1500000
e57d5b72-1e9e-11ef-9b7e-040e3c016083,WD9xJz2lRxRfhUGf7Yy6,2,6.541924471625587,2800000
e57d5b72-1e9e-11ef-9b7e-040e3c016083,X3qNwAFynzgskrzR0qUZ,2,7.366634636320372,2000000
e57d5b72-1e9e-11ef-9b7e-040e3c016083,X9UpWqtaybMjsu2Lm8Xk,6,1.8344390569977722,1500000
e57d5b72-1e9e-11ef-9b7e-040e3c016083,XMabSiGhdNfstta0Yium,3,3.165206690783732,3500000
e57d5b72-1e9e-11ef-9b7e-040e3c016083,XbipMOI4lDgqW6kCV1kk,3,30,3500000
e57d5b72-1e9e-11ef-9b7e-040e3c016083,XzLiRrgyVHW4JsJ8c0Hc,4,1.5284199222119994,3000000
e57d5b72-1e9e-11ef-9b7e-040e3c016083,YLspABuzKu9k1xgc6Cfj,4,2.373590924041801,2600000
e57d5b72-1e9e-11ef-9b7e-040e3c016083,YcqP9jtrc1uvhxsEP2N9,9,0.23938744029299655,900000
e57d5b72-1e9e-11ef-9b7e-040e3c016083,YdjFGRRUjacJCU9lp7QL,4,3.165206690783732,3500000
e57d5b72-1e9e-11ef-9b7e-040e3c016083,YnPRgwM3K736kEyjGqPZ,8,0.23938744029299655,500000
e57d5b72-1e9e-11ef-9b7e-040e3c016083,YoqUAe9srafQLwUMGXTM,3,7.771813157514432,2300000
e57d5b72-1e9e-11ef-9b7e-040e3c016083,Zu7VT3CEOweTOwLKpQMK,2,2.026701475677024,4800000
e57d5b72-1e9e-11ef-9b7e-040e3c016083,a1XaaEcggSPSjH7x3M1N,4,4.1348957746177435,4000000
e57d5b72-1e9e-11ef-9b7e-040e3c016083,afc5kIbTL7X9Ip4cz7fF,4,0.23938744029299655,1000000
e57d5b72-1e9e-11ef-9b7e-040e3c016083,avUBZXqNogvbbayyGUh6,2,9.552665606034271,1200000
e57d5b72-1e9e-11ef-9b7e-040e3c016083,avyOiCvR4sU3DDjWH8ge,3,8.936813386777022,1300000
e57d5b72-1e9e-11ef-9b7e-040e3c016083,bCX7vkW5T3eSDEGTQbg1,2,4.135734060818842,3000000
e57d5b72-1e9e-11ef-9b7e-040e3c016083,bHUoj2xkuI4gY30OdjdM,1,6.266942671594268,4000000
e57d5b72-1e9e-11ef-9b7e-040e3c016083,bUIQWkMPdyZ1uzVrKCnc,6,4.713281769903075,500000
e57d5b72-1e9e-11ef-9b7e-040e3c016083,bXNDqZT3fXRRBk661akG,3,30,1000000
e57d5b72-1e9e-11ef-9b7e-040e3c016083,c292g4ic0e6lJgIWX1QH,3,6.1651593590248135,1500000
e57d5b72-1e9e-11ef-9b7e-040e3c016083,d0DxGTKfPQA04Gakw6OF,4,3.537130403098911,2600000
e57d5b72-1e9e-11ef-9b7e-040e3c016083,dBgp9eBweTw75LV2tSR6,3,3.544499575209154,5200000
e57d5b72-1e9e-11ef-9b7e-040e3c016083,dv4XdgHVlZcJtOebPA8Q,4,3.798950346477,4400000
e57d5b72-1e9e-11ef-9b7e-040e3c016083,dyABpC7CFuHsWxf5DAyN,7,1.8344390569977722,1500000
e57d5b72-1e9e-11ef-9b7e-040e3c016083,e0PgpVCcAWreswsEv0Jq,2,5.347941376773309,2000000
e57d5b72-1e9e-11ef-9b7e-040e3c016083,eJDPRHHinhFgyBZrjGGq,3,4.506559947096105,11600000
e57d5b72-1e9e-11ef-9b7e-040e3c016083,eUMXmCuLlMMmdMQpXFQJ,5,11.336229246818128,0
e57d5b72-1e9e-11ef-9b7e-040e3c016083,ea1FDgQB4zoUegWl32ya,4,4.1348957746177435,4000000
e57d5b72-1e9e-11ef-9b7e-040e3c016083,epOSoWYY55L4QeLeBxyV,1,8.936813386777022,1000000
e57d5b72-1e9e-11ef-9b7e-040e3c016083,f4FupO5Vb3JYf936r0Nw,7,0.23938744029299655,4500000
e57d5b72-1e9e-11ef-9b7e-040e3c016083,fMBPtUSiBqAcQOk32RR8,2,5.701123815363445,6000000
e57d5b72-1e9e-11ef-9b7e-040e3c016083,fYOnAKdKtZkgQrFfVuXW,3,3.165206690783732,3500000
e57d5b72-1e9e-11ef-9b7e-040e3c016083,fwZ4pXRydP9iaCD9N1G7,4,3.4333005152824154,3000000
e57d5b72-1e9e-11ef-9b7e-040e3c016083,gvbZ45x7DWLtPmvK8oVz,2,7.1582702204330975,3000000
e57d5b72-1e9e-11ef-9b7e-040e3c016083,hBAOBVv4CR9d6bkGZCzc,3,30,3000000
e57d5b72-1e9e-11ef-9b7e-040e3c016083,hECdNPaBAfZ89HNs3l9h,2,8.332525864778098,500000
e57d5b72-1e9e-11ef-9b7e-040e3c016083,hEFwZXthqMfupnAcmJ2t,3,5.558246412111013,1300000
e57d5b72-1e9e-11ef-9b7e-040e3c016083,hXpH041I8oRihgAHxmj5,5,4.725723183346338,4200000
e57d5b72-1e9e-11ef-9b7e-040e3c016083,hYW58tBxFoZ9zsaJubqY,3,10.738267489463203,2000000
e57d5b72-1e9e-11ef-9b7e-040e3c016083,hjFiktzdojENxE0zgyds,7,1.8373906081324745,3800000
e57d5b72-1e9e-11ef-9b7e-040e3c016083,hu9hrvL8MsVnBlTQMPzw,2,2.1647970649282664,4500000
e57d5b72-1e9e-11ef-9b7e-040e3c016083,i5XIQyawjhlTTUxeyITS,2,4.254106413382066,2500000
e57d5b72-1e9e-11ef-9b7e-040e3c016083,imGVWUTfam1MgYO5c282,5,3.7095150251044187,1500000
e57d5b72-1e9e-11ef-9b7e-040e3c016083,j74I7sAno4NwrQpS752a,4,2.2764503208909264,4000000
e57d5b72-1e9e-11ef-9b7e-040e3c016083,jX5SZGw0ODmmWUOwHchZ,2,6.642702245769936,200000
e57d5b72-1e9e-11ef-9b7e-040e3c016083,k2PZ5odV85GDWTpXUIkc,4,3.3384137747337843,5900000
e57d5b72-1e9e-11ef-9b7e-040e3c016083,kHOd3ZfUXgcQ1cvhlNi4,5,3.765773055103656,5000000
e57d5b72-1e9e-11ef-9b7e-040e3c016083,kdvwjgxBrGzeMZFK4HxI,2,7.366634636320372,2500000
e57d5b72-1e9e-11ef-9b7e-040e3c016083,klXFM7EzvnkEUJk1NzPo,3,3.3384137747337843,5900000
e57d5b72-1e9e-11ef-9b7e-040e3c016083,lCRJoJsp2BkBn4VAxSG6,4,11.226463866401602,400000
e57d5b72-1e9e-11ef-9b7e-040e3c016083,lHtIzGxgadpcI2SH2MXD,5,2.1878596423354826,2500000
e57d5b72-1e9e-11ef-9b7e-040e3c016083,mNdE6mQ3mVdYt23lgTmX,6,1.5284199222119994,3000000
e57d5b72-1e9e-11ef-9b7e-040e3c016083,mONPfAYVYW7kEuk920qW,2,4.693771082323015,2700000
e57d5b72-1e9e-11ef-9b7e-040e3c016083,mq0X1B9uobOVM4CWZf4q,1,30,3500000
e57d5b72-1e9e-11ef-9b7e-040e3c016083,n1OjfWW29Zj73gH14gY8,2,3.126717977330106,4300000
e57d5b72-1e9e-11ef-9b7e-040e3c016083,nMJnm3BvKnte1bdx6NTF,8,3.0531924580074223,100000
e57d5b72-1e9e-11ef-9b7e-040e3c016083,nRI0z3n3ZL6SG9nmTh2V,3,6.541924471625587,2800000
e57d5b72-1e9e-11ef-9b7e-040e3c016083,naug2BVkWVGo928BNdsQ,1,5.510581466785184,1500000
e57d5b72-1e9e-11ef-9b7e-040e3c016083,o2uRjiWu7x9y66w54ZKI,4,2.578578949935214,1700000
e57d5b72-1e9e-11ef-9b7e-040e3c016083,oNOYrpRfzrG5y1lVllsF,7,0.23938744029299655,500000
e57d5b72-1e9e-11ef-9b7e-040e3c016083,oZhFXIopaf9e2g0Ho4W2,3,3.9840241382234627,1600000
e57d5b72-1e9e-11ef-9b7e-040e3c016083,ohl0N2ZNHgIFHRyRm5JF,5,3.136402518791715,4200000
e57d5b72-1e9e-11ef-9b7e-040e3c016083,olWZl8WOq8rAQ5XopzjV,4,3.136402518791715,4200000
e57d5b72-1e9e-11ef-9b7e-040e3c016083,ozd4DNbt4QbNcC64quxB,4,0.23938744029299655,3500000
e57d5b72-1e9e-11ef-9b7e-040e3c016083,q3rhJlWyZN10raxxtvHV,1,30,3000000
e57d5b72-1e9e-11ef-9b7e-040e3c016083,qcY2zCPIXeGeBNZMxAgs,4,3.5565424188900776,4200000
e57d5b72-1e9e-11ef-9b7e-040e3c016083,rCVVZfC4uvfut3YgpCBH,1,5.0886503312755895,2500000
e57d5b72-1e9e-11ef-9b7e-040e3c016083,rQPZSWKNWgFGb5t7WxTm,4,3.874171807167878,2900000
e57d5b72-1e9e-11ef-9b7e-040e3c016083,s8JgUAuPWgNG4zQUNeGU,3,7.366634636320372,2500000
e57d5b72-1e9e-11ef-9b7e-040e3c016083,sa6P3ZiFd5t1Wu7RNXOH,1,8.936813386777022,1000000
e57d5b72-1e9e-11ef-9b7e-040e3c016083,sqPzwUiSvMMX3lLmd2B2,6,0.23938744029299655,500000
e57d5b72-1e9e-11ef-9b7e-040e3c016083,t1pycrNs36UteM5AUtLG,1,6.152443258289747,5000000
e57d5b72-1e9e-11ef-9b7e-040e3c016083,t8wI7QAD1RSmc54UPRq1,2,3.3429967092027137,1000000
e57d5b72-1e9e-11ef-9b7e-040e3c016083,tF53XYMNMd4QJxtMsF2h,6,0.23938744029299655,700000
e57d5b72-1e9e-11ef-9b7e-040e3c016083,txDz7IbKccW2ZXYMsg5k,6,0.23938744029299655,1500000
e57d5b72-1e9e-11ef-9b7e-040e3c016083,uF7XsTghoGs3mEpsckOR,5,3.165206690783732,3500000
e57d5b72-1e9e-11ef-9b7e-040e3c016083,uI3USCYdTBVnRHfbolgt,4,2.59476203524968,5000000
e57d5b72-1e9e-11ef-9b7e-040e3c016083,ubOhCaldtZ2NGNZSzl8S,2,2.373590924041801,2600000
e57d5b72-1e9e-11ef-9b7e-040e3c016083,udsIIuHdOHojPr3mOjc2,2,3.7980887021583576,2200000
e57d5b72-1e9e-11ef-9b7e-040e3c016083,unwKz0xY03RmO5OxTjtC,3,7.0281620890353,800000
e57d5b72-1e9e-11ef-9b7e-040e3c016083,urT2a8ldifgBYedGmUmd,5,1.921241140058816,3600000
e57d5b72-1e9e-11ef-9b7e-040e3c016083,vRY5BQ2hWJbFgYHPGK74,8,0.23938744029299655,500000
e57d5b72-1e9e-11ef-9b7e-040e3c016083,vkrJ5cP2ZtqwNjfTi7aG,1,6.152443258289747,5000000
e57d5b72-1e9e-11ef-9b7e-040e3c016083,vvMl58AkIxJqFjrtMczu,2,6.541924471625587,2000000
e57d5b72-1e9e-11ef-9b7e-040e3c016083,vvq3pFbrLrQKJ5c0NVa0,2,7.850771845693828,6500000
e57d5b72-1e9e-11ef-9b7e-040e3c016083,wkcpTkzsdCUB0WddZHtL,2,9.744435983010668,5500000
e57d5b72-1e9e-11ef-9b7e-040e3c016083,ww8LMVceitSrTSvdEVz4,2,7.366634636320372,2000000
e57d5b72-1e9e-11ef-9b7e-040e3c016083,xMvYNHdXNLjVYEpMwDkj,3,4.1348957746177435,2500000
e57d5b72-1e9e-11ef-9b7e-040e3c016083,xPHcHlh7noyKSUN3GOLN,7,0.23938744029299655,1000000
e57d5b72-1e9e-11ef-9b7e-040e3c016083,xr2zLfe7460vEJHfL1R6,5,3.8346015729379657,1500000
e57d5b72-1e9e-11ef-9b7e-040e3c016083,xxu0VIwsrPiKsfmv3Cjt,1,10.580441376613761,1500000
e57d5b72-1e9e-11ef-9b7e-040e3c016083,y7JrAjqTeLN3yELPKIlC,3,6.516027330998356,500000
e57d5b72-1e9e-11ef-9b7e-040e3c016083,yGOblFsjdzUPur7dzOMP,3,3.8346015729379657,1500000
e57d5b72-1e9e-11ef-9b7e-040e3c016083,yINcUBiwI7ibtlOK1pbm,3,3.7794950052286582,1700000
e57d5b72-1e9e-11ef-9b7e-040e3c016083,yKVlk54uje47thOdLLBg,2,6.1651593590248135,1500000
e57d5b72-1e9e-11ef-9b7e-040e3c016083,yPyyB4MYfMYx6MsvHBLl,2,3.212092863069523,1800000
e57d5b72-1e9e-11ef-9b7e-040e3c016083,yzYp9L1VvPieCHrHV78y,5,4.4446130596305915,1700000
e57d5b72-1e9e-11ef-9b7e-040e3c016083,zR6WxlgEf2RKQFDyoJwl,4,3.126717977330106,4300000
e57d5b72-1e9e-11ef-9b7e-040e3c016083,zwhKkfA7skECX5ZDgWvj,4,3.8346015729379657,7000000
eb0ef895-1e9e-11ef-9605-040e3c016083,0RsXIpTxYxbkD1ef7nCF,2,4.612559546875025,5000000
eb0ef895-1e9e-11ef-9605-040e3c016083,0ibitfDjJNvgIx7vCd6Y,2,5.5136436042350825,3000000
eb0ef895-1e9e-11ef-9605-040e3c016083,0swBNCJBfiIRxmzRREi2,4,1.0770014632068283,7800000
eb0ef895-1e9e-11ef-9605-040e3c016083,0u8Rj5YaaYUN05pOqOAe,2,5.44844881271462,6200000
eb0ef895-1e9e-11ef-9605-040e3c016083,1StM5HswzLz3VwD3nnyT,1,11.062603437373031,6800000
eb0ef895-1e9e-11ef-9605-040e3c016083,1SyOX5nLpPbHxF0tRBQe,3,9.844505077240994,8200000
eb0ef895-1e9e-11ef-9605-040e3c016083,1aoYNhwtodvT662nxon8,3,4.594461701288421,7700000
eb0ef895-1e9e-11ef-9605-040e3c016083,1yHlowt1q6F9m5e1837E,2,3.500587749810271,5400000
eb0ef895-1e9e-11ef-9605-040e3c016083,29f1A0i5GzNpGMvUsdae,4,4.847215643783665,5500000
eb0ef895-1e9e-11ef-9605-040e3c016083,29xDwPaXIY0vwCVDSpFG,3,11.161423273833568,7700000
eb0ef895-1e9e-11ef-9605-040e3c016083,2yyZFyn41qMQCMFGFqPj,5,4.590092551485079,3600000
eb0ef895-1e9e-11ef-9605-040e3c016083,39GFiLtd7VrHOoUsPrWz,2,6.895081670944763,6500000
eb0ef895-1e9e-11ef-9605-040e3c016083,3UXclQQjPqZn3o67SOso,4,4.788215581963904,6300000
eb0ef895-1e9e-11ef-9605-040e3c016083,3dpZxuBBaJpStfsVfJNY,3,3.194469269383333,5400000
eb0ef895-1e9e-11ef-9605-040e3c016083,3gz1rLyC62cNtSbledms,2,2.961859556133145,2400000
eb0ef895-1e9e-11ef-9605-040e3c016083,3uSI9UGP8KkdYWscHC51,1,5.344045171332043,3000000
eb0ef895-1e9e-11ef-9605-040e3c016083,4FIYxwtacJ4rbVYkcG9k,5,4.612559546875025,3000000
eb0ef895-1e9e-11ef-9605-040e3c016083,4tgeNGivKygg6R8R1JCZ,2,3.849273858687263,7500000
eb0ef895-1e9e-11ef-9605-040e3c016083,4wI60GtouIZvd2HIFhIh,3,9.899557031922255,2500000
eb0ef895-1e9e-11ef-9605-040e3c016083,4yvz9glBBrXWmDuMQaEB,2,7.152468950931739,7100000
eb0ef895-1e9e-11ef-9605-040e3c016083,5FdOq5z7Ehjvtfnp7I24,2,5.131595627780778,4800000
eb0ef895-1e9e-11ef-9605-040e3c016083,5PzoM1qR3LW9T4RnwYxs,2,11.161423273833568,8000000
eb0ef895-1e9e-11ef-9605-040e3c016083,5ZbvLzrN6CtpKjGuaOJf,2,3.23109631870752,6000000
eb0ef895-1e9e-11ef-9605-040e3c016083,6iUK9Lno6nd0ky8WHhvQ,2,8.208622154057897,5900001
eb0ef895-1e9e-11ef-9605-040e3c016083,78ooDgz5bkVfTAVLHQ4b,5,4.456152133133975,6500000
eb0ef895-1e9e-11ef-9605-040e3c016083,7GLCseg2wkvweqXP2FZq,6,1.0770014632068283,7000000
eb0ef895-1e9e-11ef-9605-040e3c016083,7Hhgg4USykrF2WYAMq4h,3,4.663795729721394,6500000
eb0ef895-1e9e-11ef-9605-040e3c016083,7rqFEphDcFf17Y9Mxr0b,3,6.249053822912082,8700000
eb0ef895-1e9e-11ef-9605-040e3c016083,8A2GXme5EJMUCi2K6oOl,1,11.161423273833568,8000000
eb0ef895-1e9e-11ef-9605-040e3c016083,8Bc7Usq9diqSmj9mOrJE,2,30,5000000
eb0ef895-1e9e-11ef-9605-040e3c016083,8L04W3da0mdrL2eVBvmP,5,4.612559546875025,5000000
eb0ef895-1e9e-11ef-9605-040e3c016083,98hNZmMHWBjj7uPZeK2B,3,8.208622154057897,8000000
eb0ef895-1e9e-11ef-9605-040e3c016083,AL5cL8tJ5WDcRQqjiWfq,1,8.208622154057897,6200000
eb0ef895-1e9e-11ef-9605-040e3c016083,AcKonDcKbBd9srJ8kJrT,1,6.162077252479887,6000000
eb0ef895-1e9e-11ef-9605-040e3c016083,B4ItVZxVAylYJmxfBLM4,4,2.3871063458036996,3000000
eb0ef895-1e9e-11ef-9605-040e3c016083,BGLRJW546SxNnhOCma2F,2,11.551919195963556,8400000
eb0ef895-1e9e-11ef-9605-040e3c016083,CsAuzfyhqdeRmO5EwHMo,3,2.986485981573519,5000000
eb0ef895-1e9e-11ef-9605-040e3c016083,CzeJRpKSJJPd0u93Jl5X,3,2.6106615820556844,4000000
eb0ef895-1e9e-11ef-9605-040e3c016083,D2yQi0OGpEg9lXe4paHN,3,6.249053822912082,8700000
eb0ef895-1e9e-11ef-9605-040e3c016083,DfYJgwxYNnaqctVFX6Fx,7,1.0770014632068283,8500000
eb0ef895-1e9e-11ef-9605-040e3c016083,Dzxsk6CNw2s06qhm42qO,5,2.0075144644608027,3700000
eb0ef895-1e9e-11ef-9605-040e3c016083,E66qoWthZdknSpsDyuyC,3,2.961859556133145,2400000
eb0ef895-1e9e-11ef-9605-040e3c016083,ED7u2sENb7U8qM3P3Zev,4,2.0075144644608027,3700000
eb0ef895-1e9e-11ef-9605-040e3c016083,EPXHkQqzRGCapf2a4ki8,4,1.429611774529988,6300000
eb0ef895-1e9e-11ef-9605-040e3c016083,EZTxqwMDBfEDxNqhtEbR,5,4.743266833371996,5300000
eb0ef895-1e9e-11ef-9605-040e3c016083,EwBTbTCGOWoBb1EbEEEW,3,3.4868710532240765,2000000
eb0ef895-1e9e-11ef-9605-040e3c016083,F0cscj5XTHKgU57T8bhy,2,8.09415175166085,5300000
eb0ef895-1e9e-11ef-9605-040e3c016083,FCAEPJQWscGwnzRM4jUi,3,4.989509909818885,3500000
eb0ef895-1e9e-11ef-9605-040e3c016083,FnjUu83KXaLi2vhAcoeQ,2,5.463591905639058,6700000
eb0ef895-1e9e-11ef-9605-040e3c016083,GAuaI0SSPTNV0vN3he09,5,1.0770014632068283,6500000
eb0ef895-1e9e-11ef-9605-040e3c016083,GV265joouF79qk7lErIx,3,21.252966848428702,6200000
eb0ef895-1e9e-11ef-9605-040e3c016083,GbJK7QiT6cppBPTDVOsf,7,1.0770014632068283,7100000
eb0ef895-1e9e-11ef-9605-040e3c016083,HJOHvRsAWlzWEbzHM8Px,3,8.43212321484835,5700000
eb0ef895-1e9e-11ef-9605-040e3c016083,HpJd2w8HYj0xl3v7JlKQ,3,5.131595627780778,4800000
eb0ef895-1e9e-11ef-9605-040e3c016083,I6IQ4iHVuTTPucUoHPln,2,8.59497973907174,7700000
eb0ef895-1e9e-11ef-9605-040e3c016083,IYC5QeWKNbr5XlyWhaJt,2,3.58591445158091,4300000
eb0ef895-1e9e-11ef-9605-040e3c016083,JFG5PCdrQLeNRCRr0zZu,2,2.038517514532563,8100000
eb0ef895-1e9e-11ef-9605-040e3c016083,JaCMElOyhlt8jDstvajY,3,9.844505077240994,8200000
eb0ef895-1e9e-11ef-9605-040e3c016083,KRSxQrWPsnzn9E9AZd8K,2,7.356713562344472,8200000
eb0ef895-1e9e-11ef-9605-040e3c016083,KVctgJrJINLUizdlOU0Z,5,3.4868710532240765,2000000
eb0ef895-1e9e-11ef-9605-040e3c016083,KkE7H2hNrFq8hODowTnY,1,5.834067772565684,6000000
eb0ef895-1e9e-11ef-9605-040e3c016083,L3w3AFkJn0qxyROAD77a,3,2.600982821199622,4200000
eb0ef895-1e9e-11ef-9605-040e3c016083,LIB3o9pkiZiNMiZ3NiMB,6,1.0770014632068283,6100000
eb0ef895-1e9e-11ef-9605-040e3c016083,LM4qnEwdhXUKncNI35L6,7,1.0770014632068283,6000000
eb0ef895-1e9e-11ef-9605-040e3c016083,LukiqvE5zaxZeobZVY6O,5,4.612559546875025,5000000
eb0ef895-1e9e-11ef-9605-040e3c016083,M6NxlWupOJfZ0jPp7Lk6,1,8.208622154057897,5500000
eb0ef895-1e9e-11ef-9605-040e3c016083,MqNmUpgJfx7sPUtFiash,5,4.036974039460016,5000000
eb0ef895-1e9e-11ef-9605-040e3c016083,N6vVpQ9M5APipqlVL7aL,5,2.683367863165969,4400000
eb0ef895-1e9e-11ef-9605-040e3c016083,No0cbw2NKa76fILSeXUD,5,4.269297321989186,8200000
eb0ef895-1e9e-11ef-9605-040e3c016083,O1kmuvjKTk2eAW2xpw7e,2,4.663795729721394,6500000
eb0ef895-1e9e-11ef-9605-040e3c016083,O6s95SMQC0aJyZqBeZm7,3,5.852446222707975,8600000
eb0ef895-1e9e-11ef-9605-040e3c016083,OBPIg9ZLeN4Coifrye0W,2,5.141457863316254,5500000
eb0ef895-1e9e-11ef-9605-040e3c016083,OkWvDHMqAs83XCAPcdO2,2,19.325412432990966,6600000
eb0ef895-1e9e-11ef-9605-040e3c016083,PCOUS8KZR0Ph13BLzrPR,2,5.834067772565684,5500000
eb0ef895-1e9e-11ef-9605-040e3c016083,PJmi4oBrIyQw8hxN45jY,5,4.401739229656415,8500000
eb0ef895-1e9e-11ef-9605-040e3c016083,Pae60dySd6ixwSyE6NUv,2,5.834067772565684,6000000
eb0ef895-1e9e-11ef-9605-040e3c016083,PdMUfYqBBfdZQvl3ZmDF,1,6.630118587224006,6700000
eb0ef895-1e9e-11ef-9605-040e3c016083,PdUlTnzmgcRd3I0O0Kje,7,1.0770014632068283,6000000
eb0ef895-1e9e-11ef-9605-040e3c016083,Q2pUi1iaYkUXp2V0PhTA,2,11.161423273833568,8000000
eb0ef895-1e9e-11ef-9605-040e3c016083,Qux3ZMgibJarc4CfCo4L,1,5.501466696266778,7500000
eb0ef895-1e9e-11ef-9605-040e3c016083,Quyw1yoMf6oeAsf4ei82,3,4.594461701288421,7700000
eb0ef895-1e9e-11ef-9605-040e3c016083,Qx8Dx7hkNehsP8Ec5yA5,4,4.269297321989186,8200000
eb0ef895-1e9e-11ef-9605-040e3c016083,QypCz2qv29dQlcX4LTcc,5,3.394793192237901,8300000
eb0ef895-1e9e-11ef-9605-040e3c016083,R59acpMZGr8IcIHo8yCh,2,3.58591445158091,4300000
eb0ef895-1e9e-11ef-9605-040e3c016083,R6eT9AxLMT7KF2Sv9QaG,3,4.71239626919455,3500000
eb0ef895-1e9e-11ef-9605-040e3c016083,RfsuLJPMPj0snX0ihLjn,4,4.594461701288421,7700000
eb0ef895-1e9e-11ef-9605-040e3c016083,RgEunQB3QDn719ailYkj,1,5.44844881271462,6200000
eb0ef895-1e9e-11ef-9605-040e3c016083,Rwgf8cjLEEGUA7EEVKtf,4,1.0770014632068283,8500000
eb0ef895-1e9e-11ef-9605-040e3c016083,S8D4ROZ1LivtKSbdYpSv,2,2.038517514532563,8100000
eb0ef895-1e9e-11ef-9605-040e3c016083,TCmSxtvfpzAI9Kyhydzr,3,30,5000000
eb0ef895-1e9e-11ef-9605-040e3c016083,TNWiPAcmdfDmmLebrmIu,7,1.0770014632068283,6000000
eb0ef895-1e9e-11ef-9605-040e3c016083,TY1HhU1covRwD7TN2VTh,3,19.325412432990966,6600000
eb0ef895-1e9e-11ef-9605-040e3c016083,TeqpLgdC4vf6Q9gmKXsP,3,8.43212321484835,5700000
eb0ef895-1e9e-11ef-9605-040e3c016083,TfYJzXYE1bvRUKUcugAb,4,1.474565435155976,4000000
eb0ef895-1e9e-11ef-9605-040e3c016083,URdWYFi04GTO7rIodoAc,3,5.344045171332043,4300000
eb0ef895-1e9e-11ef-9605-040e3c016083,Uj3qeGrJBrEwAEu0W2iu,1,7.69482884364899,7200000
eb0ef895-1e9e-11ef-9605-040e3c016083,V47fq1hBC1HWjH7NROGy,4,1.0770014632068283,6100000
eb0ef895-1e9e-11ef-9605-040e3c016083,VBu1kQ3PymLBAOsgCg4Q,6,1.0770014632068283,7000000
eb0ef895-1e9e-11ef-9605-040e3c016083,VIYbdeLQYy78mkbzvt3S,4,1.0770014632068283,7000000
eb0ef895-1e9e-11ef-9605-040e3c016083,VVqpULhyUfjXpEAU8uBf,3,2.6106615820556844,6500000
eb0ef895-1e9e-11ef-9605-040e3c016083,WD9xJz2lRxRfhUGf7Yy6,1,5.834067772565684,5200000
eb0ef895-1e9e-11ef-9605-040e3c016083,X3qNwAFynzgskrzR0qUZ,3,8.208622154057897,6000000
eb0ef895-1e9e-11ef-9605-040e3c016083,X9UpWqtaybMjsu2Lm8Xk,5,2.6106615820556844,6500000
eb0ef895-1e9e-11ef-9605-040e3c016083,XMabSiGhdNfstta0Yium,4,3.582917403602579,4500000
eb0ef895-1e9e-11ef-9605-040e3c016083,XbipMOI4lDgqW6kCV1kk,2,30,4500000
eb0ef895-1e9e-11ef-9605-040e3c016083,XzLiRrgyVHW4JsJ8c0Hc,4,2.268966941937289,5000000
eb0ef895-1e9e-11ef-9605-040e3c016083,YLspABuzKu9k1xgc6Cfj,4,3.194469269383333,5400000
eb0ef895-1e9e-11ef-9605-040e3c016083,YcqP9jtrc1uvhxsEP2N9,7,1.0770014632068283,7100000
eb0ef895-1e9e-11ef-9605-040e3c016083,YdjFGRRUjacJCU9lp7QL,4,3.582917403602579,4500000
eb0ef895-1e9e-11ef-9605-040e3c016083,YnPRgwM3K736kEyjGqPZ,7,1.0770014632068283,8500000
eb0ef895-1e9e-11ef-9605-040e3c016083,YoqUAe9srafQLwUMGXTM,3,8.443439018372406,5700000
eb0ef895-1e9e-11ef-9605-040e3c016083,Zu7VT3CEOweTOwLKpQMK,4,2.4778163204039796,3200000
eb0ef895-1e9e-11ef-9605-040e3c016083,a1XaaEcggSPSjH7x3M1N,4,4.847215643783665,4000000
eb0ef895-1e9e-11ef-9605-040e3c016083,afc5kIbTL7X9Ip4cz7fF,6,1.0770014632068283,7000000
eb0ef895-1e9e-11ef-9605-040e3c016083,avUBZXqNogvbbayyGUh6,1,9.861347633132995,6800000
eb0ef895-1e9e-11ef-9605-040e3c016083,avyOiCvR4sU3DDjWH8ge,1,9.283549142003523,6700000
eb0ef895-1e9e-11ef-9605-040e3c016083,bCX7vkW5T3eSDEGTQbg1,2,3.920510189708125,5000000
eb0ef895-1e9e-11ef-9605-040e3c016083,bHUoj2xkuI4gY30OdjdM,1,6.944870316897131,4000000
eb0ef895-1e9e-11ef-9605-040e3c016083,bUIQWkMPdyZ1uzVrKCnc,3,5.501466696266778,7500000
eb0ef895-1e9e-11ef-9605-040e3c016083,bXNDqZT3fXRRBk661akG,2,30,7000000
eb0ef895-1e9e-11ef-9605-040e3c016083,c292g4ic0e6lJgIWX1QH,3,6.895081670944763,6500000
eb0ef895-1e9e-11ef-9605-040e3c016083,d0DxGTKfPQA04Gakw6OF,3,3.500587749810271,5400000
eb0ef895-1e9e-11ef-9605-040e3c016083,dBgp9eBweTw75LV2tSR6,4,4.343071838038118,2800000
eb0ef895-1e9e-11ef-9605-040e3c016083,dv4XdgHVlZcJtOebPA8Q,4,4.590092551485079,3600000
eb0ef895-1e9e-11ef-9605-040e3c016083,dyABpC7CFuHsWxf5DAyN,3,2.6106615820556844,6500000
eb0ef895-1e9e-11ef-9605-040e3c016083,e0PgpVCcAWreswsEv0Jq,1,6.162077252479887,6000000
eb0ef895-1e9e-11ef-9605-040e3c016083,eJDPRHHinhFgyBZrjGGq,2,5.3149613211343425,3600000
eb0ef895-1e9e-11ef-9605-040e3c016083,eUMXmCuLlMMmdMQpXFQJ,2,11.881352693972802,8000000
eb0ef895-1e9e-11ef-9605-040e3c016083,ea1FDgQB4zoUegWl32ya,4,4.847215643783665,4000000
eb0ef895-1e9e-11ef-9605-040e3c016083,epOSoWYY55L4QeLeBxyV,3,9.283549142003523,7000000
eb0ef895-1e9e-11ef-9605-040e3c016083,f4FupO5Vb3JYf936r0Nw,4,1.0770014632068283,3500000
eb0ef895-1e9e-11ef-9605-040e3c016083,fMBPtUSiBqAcQOk32RR8,3,4.883788214221721,2000000
eb0ef895-1e9e-11ef-9605-040e3c016083,fYOnAKdKtZkgQrFfVuXW,5,3.582917403602579,4500000
eb0ef895-1e9e-11ef-9605-040e3c016083,fwZ4pXRydP9iaCD9N1G7,3,4.0389277878251395,5000000
eb0ef895-1e9e-11ef-9605-040e3c016083,gvbZ45x7DWLtPmvK8oVz,2,6.630118587224006,5000000
eb0ef895-1e9e-11ef-9605-040e3c016083,hBAOBVv4CR9d6bkGZCzc,2,30,5000000
eb0ef895-1e9e-11ef-9605-040e3c016083,hECdNPaBAfZ89HNs3l9h,1,9.107509906905745,7500000
eb0ef895-1e9e-11ef-9605-040e3c016083,hEFwZXthqMfupnAcmJ2t,3,5.463591905639058,6700000
eb0ef895-1e9e-11ef-9605-040e3c016083,hXpH041I8oRihgAHxmj5,1,5.5136436042350825,3800000
eb0ef895-1e9e-11ef-9605-040e3c016083,hYW58tBxFoZ9zsaJubqY,1,10.797526591230012,6000000
eb0ef895-1e9e-11ef-9605-040e3c016083,hjFiktzdojENxE0zgyds,2,2.600982821199622,4200000
eb0ef895-1e9e-11ef-9605-040e3c016083,hu9hrvL8MsVnBlTQMPzw,2,2.3312719360703302,3500000
eb0ef895-1e9e-11ef-9605-040e3c016083,i5XIQyawjhlTTUxeyITS,5,4.71239626919455,5500000
eb0ef895-1e9e-11ef-9605-040e3c016083,imGVWUTfam1MgYO5c282,3,2.9126179948064945,6500000
eb0ef895-1e9e-11ef-9605-040e3c016083,j74I7sAno4NwrQpS752a,4,1.474565435155976,4000000
eb0ef895-1e9e-11ef-9605-040e3c016083,jX5SZGw0ODmmWUOwHchZ,2,7.356713562344472,8200000
eb0ef895-1e9e-11ef-9605-040e3c016083,k2PZ5odV85GDWTpXUIkc,5,3.6318103807932416,2100000
eb0ef895-1e9e-11ef-9605-040e3c016083,kHOd3ZfUXgcQ1cvhlNi4,4,4.612559546875025,3000000
eb0ef895-1e9e-11ef-9605-040e3c016083,kdvwjgxBrGzeMZFK4HxI,3,8.208622154057897,5500000
eb0ef895-1e9e-11ef-9605-040e3c016083,klXFM7EzvnkEUJk1NzPo,5,3.6318103807932416,2100000
eb0ef895-1e9e-11ef-9605-040e3c016083,lCRJoJsp2BkBn4VAxSG6,3,11.551919195963556,8400000
eb0ef895-1e9e-11ef-9605-040e3c016083,lHtIzGxgadpcI2SH2MXD,7,1.4685876263063076,5500000
eb0ef895-1e9e-11ef-9605-040e3c016083,mNdE6mQ3mVdYt23lgTmX,2,2.268966941937289,5000000
eb0ef895-1e9e-11ef-9605-040e3c016083,mONPfAYVYW7kEuk920qW,2,4.743266833371996,5300000
eb0ef895-1e9e-11ef-9605-040e3c016083,mq0X1B9uobOVM4CWZf4q,1,30,4500000
eb0ef895-1e9e-11ef-9605-040e3c016083,n1OjfWW29Zj73gH14gY8,3,3.9629457294833994,3700000
eb0ef895-1e9e-11ef-9605-040e3c016083,nMJnm3BvKnte1bdx6NTF,5,3.7674880528986394,8100000
eb0ef895-1e9e-11ef-9605-040e3c016083,nRI0z3n3ZL6SG9nmTh2V,2,5.834067772565684,5200000
eb0ef895-1e9e-11ef-9605-040e3c016083,naug2BVkWVGo928BNdsQ,5,4.663795729721394,6500000
eb0ef895-1e9e-11ef-9605-040e3c016083,o2uRjiWu7x9y66w54ZKI,5,3.412438253860617,6300000
eb0ef895-1e9e-11ef-9605-040e3c016083,oNOYrpRfzrG5y1lVllsF,5,1.0770014632068283,8500000
eb0ef895-1e9e-11ef-9605-040e3c016083,oZhFXIopaf9e2g0Ho4W2,3,3.269050161008088,6400000
eb0ef895-1e9e-11ef-9605-040e3c016083,ohl0N2ZNHgIFHRyRm5JF,5,2.9897716032947876,3800000
eb0ef895-1e9e-11ef-9605-040e3c016083,olWZl8WOq8rAQ5XopzjV,5,2.9897716032947876,3800000
eb0ef895-1e9e-11ef-9605-040e3c016083,ozd4DNbt4QbNcC64quxB,6,1.0770014632068283,4500000
eb0ef895-1e9e-11ef-9605-040e3c016083,q3rhJlWyZN10raxxtvHV,3,30,5000000
eb0ef895-1e9e-11ef-9605-040e3c016083,qcY2zCPIXeGeBNZMxAgs,4,3.288232191060346,3800000
eb0ef895-1e9e-11ef-9605-040e3c016083,rCVVZfC4uvfut3YgpCBH,5,4.4935913339635585,5500000
eb0ef895-1e9e-11ef-9605-040e3c016083,rQPZSWKNWgFGb5t7WxTm,2,4.561505021458958,5100000
eb0ef895-1e9e-11ef-9605-040e3c016083,s8JgUAuPWgNG4zQUNeGU,3,8.208622154057897,5500000
eb0ef895-1e9e-11ef-9605-040e3c016083,sa6P3ZiFd5t1Wu7RNXOH,2,9.283549142003523,7000000
eb0ef895-1e9e-11ef-9605-040e3c016083,sqPzwUiSvMMX3lLmd2B2,5,1.0770014632068283,8500000
eb0ef895-1e9e-11ef-9605-040e3c016083,t1pycrNs36UteM5AUtLG,3,5.344045171332043,3000000
eb0ef895-1e9e-11ef-9605-040e3c016083,t8wI7QAD1RSmc54UPRq1,4,3.6086233651273507,7000000
eb0ef895-1e9e-11ef-9605-040e3c016083,tF53XYMNMd4QJxtMsF2h,6,1.0770014632068283,7300000
eb0ef895-1e9e-11ef-9605-040e3c016083,txDz7IbKccW2ZXYMsg5k,5,1.0770014632068283,6500000
eb0ef895-1e9e-11ef-9605-040e3c016083,uF7XsTghoGs3mEpsckOR,5,3.582917403602579,4500000
eb0ef895-1e9e-11ef-9605-040e3c016083,uI3USCYdTBVnRHfbolgt,3,2.3871063458036996,3000000
eb0ef895-1e9e-11ef-9605-040e3c016083,ubOhCaldtZ2NGNZSzl8S,3,3.194469269383333,5400000
eb0ef895-1e9e-11ef-9605-040e3c016083,udsIIuHdOHojPr3mOjc2,4,4.277106051255401,5800000
eb0ef895-1e9e-11ef-9605-040e3c016083,unwKz0xY03RmO5OxTjtC,2,7.831937856976485,7200000
eb0ef895-1e9e-11ef-9605-040e3c016083,urT2a8ldifgBYedGmUmd,2,2.683367863165969,4400000
eb0ef895-1e9e-11ef-9605-040e3c016083,vRY5BQ2hWJbFgYHPGK74,5,1.0770014632068283,8500000
eb0ef895-1e9e-11ef-9605-040e3c016083,vkrJ5cP2ZtqwNjfTi7aG,3,5.344045171332043,3000000
eb0ef895-1e9e-11ef-9605-040e3c016083,vvMl58AkIxJqFjrtMczu,3,5.834067772565684,6000000
eb0ef895-1e9e-11ef-9605-040e3c016083,vvq3pFbrLrQKJ5c0NVa0,3,8.690989152969983,1500000
eb0ef895-1e9e-11ef-9605-040e3c016083,wkcpTkzsdCUB0WddZHtL,1,9.899557031922255,2500000
eb0ef895-1e9e-11ef-9605-040e3c016083,ww8LMVceitSrTSvdEVz4,1,8.208622154057897,6000000
eb0ef895-1e9e-11ef-9605-040e3c016083,xMvYNHdXNLjVYEpMwDkj,3,4.847215643783665,5500000
eb0ef895-1e9e-11ef-9605-040e3c016083,xPHcHlh7noyKSUN3GOLN,5,1.0770014632068283,7000000
eb0ef895-1e9e-11ef-9605-040e3c016083,xr2zLfe7460vEJHfL1R6,4,4.456152133133975,6500000
eb0ef895-1e9e-11ef-9605-040e3c016083,xxu0VIwsrPiKsfmv3Cjt,1,10.8207177082775,6500000
eb0ef895-1e9e-11ef-9605-040e3c016083,y7JrAjqTeLN3yELPKIlC,3,7.178801950494332,7500000
eb0ef895-1e9e-11ef-9605-040e3c016083,yGOblFsjdzUPur7dzOMP,5,4.456152133133975,6500000
eb0ef895-1e9e-11ef-9605-040e3c016083,yINcUBiwI7ibtlOK1pbm,5,4.591912906717685,6300000
eb0ef895-1e9e-11ef-9605-040e3c016083,yKVlk54uje47thOdLLBg,3,6.895081670944763,6500000
eb0ef895-1e9e-11ef-9605-040e3c016083,yPyyB4MYfMYx6MsvHBLl,4,3.561235824243417,6200000
eb0ef895-1e9e-11ef-9605-040e3c016083,yzYp9L1VvPieCHrHV78y,5,4.788215581963904,6300000
eb0ef895-1e9e-11ef-9605-040e3c016083,zR6WxlgEf2RKQFDyoJwl,4,3.9629457294833994,3700000
eb0ef895-1e9e-11ef-9605-040e3c016083,zwhKkfA7skECX5ZDgWvj,4,4.456152133133975,1000000
