secondaryImgUrls/0,secondaryImgUrls/1,ownerPhone,ownerAddress,kind,ownerEmail,description,ownerFacebook,primaryImgUrl,price/electric,price/room,price/water,price/others,isAvailable,roomId,area,ownerName,ownerId,roomName,coordinate,location,secondaryImgUrls/2,secondaryImgUrls/3
https://storage.googleapis.com/rental-room-c34cb.appspot.com/Rooms/0RsXIpTxYxbkD1ef7nCF/1.png,https://storage.googleapis.com/rental-room-c34cb.appspot.com/Rooms/0RsXIpTxYxbkD1ef7nCF/2.png,(465)886-4384x024,"61598 Shepard Mountains Suite 109
Murphychester, UT 53691",Loft Room,williamsjoanne@example.com,"STUDIO CỬA SỔ THOÁNG NGAY NGUYỄN ĐÌNH CHIỂU_PHÚ NHUẬNĐịa Chỉ : Nguyễn Đình Chiểu, Phú Nhuận 5tr Tiện ích:  Toà nhà thang máy 5 lầu, hầm xe, giặt ở lầu 5.  Tất cả cửa vân tay, thẻ từ, Camera hành lang, bãi xe rộng, vệ sinh hành lang, có máy giặt, phơi ở lầu 5, không gian mảng cây xanh, hẻm ô tô tận nhà. Khu vực trí thức, an ninh, yên tĩnh.- Chính sách dịch vụ và quy định của tòa nhà+ Điện : 4000/kwh+ Wifi, Quản lý : 150k/ phòng + Nước: 100k/ người+ Nuôi thú cưng thoải máiCall/zalo: 0394 973 ***Duy)",phillipcox,https://storage.googleapis.com/rental-room-c34cb.appspot.com/Rooms/0RsXIpTxYxbkD1ef7nCF/0.png,3000,5000000,6000,20000,true,0RsXIpTxYxbkD1ef7nCF,20,Andrew Shaffer,GabwKVYIQJFJKiULXkrJ,A147,"https://www.google.com/maps/embed/v1/place?q=10.8038786,106.6811704&key=AIzaSyAMd45cCGHSmsM2a5APxYRdOwV8kX-4m40","Đường Nguyễn Đình Chiểu, Phường 3, Phú Nhuận, Hồ Chí Minh",,
https://storage.googleapis.com/rental-room-c34cb.appspot.com/Rooms/0ibitfDjJNvgIx7vCd6Y/1.png,https://storage.googleapis.com/rental-room-c34cb.appspot.com/Rooms/0ibitfDjJNvgIx7vCd6Y/2.png,436-988-9999x87721,"4816 Walter Orchard Suite 290
East Ashleyview, FM 76611",Loft Room,courtney75@example.org,"Điểm mạnh:- Nội thất như hình: Tivi, máy lạnh, tủ lạnh, bếp, máy hút mùi, tủ quần áo...- Hỗ trợ tháng đầu.Chuỗi CHDV các quận Trung Tâm.- Đầy đủ các dạng phòng.- Full nội thất cao cấp.- Có Kĩ thuật hỗ trợ 24/7 (không tốn phí).- Vệ sinh máy lạnh và bơm gas Free.- Hỗ trợ chuyển tr. O.- Hỗ trợ Cọc.- Hỗ trợ tìm phòng theo nhu cầu Miễn Phí.- Thang máy xịn xò Panorama (vận tốc 5m/s).+ Wifi 6 thế hệ mới cực khủng.- PCCC đạt chuẩn (vì toà mới xây).- Sảng đón khách khách được phép sử dụng khi tiếp khách.- Sân thượng rooftop bbq view landmark 81 xem pháo bông hơi chill (free).",samanthajenkins,https://storage.googleapis.com/rental-room-c34cb.appspot.com/Rooms/0ibitfDjJNvgIx7vCd6Y/0.png,3000,7000000,10000,20000,true,0ibitfDjJNvgIx7vCd6Y,40,Andrew Thompson,1B5wIVXN9XSKJxMLcuC6,A051,"https://www.google.com/maps/embed/v1/place?q=10.7733784,106.6898528&key=AIzaSyAMd45cCGHSmsM2a5APxYRdOwV8kX-4m40","Đường Cách Mạng Tháng Tám, Phường Bến Thành, Quận 1, Hồ Chí Minh",https://storage.googleapis.com/rental-room-c34cb.appspot.com/Rooms/0ibitfDjJNvgIx7vCd6Y/3.png,https://storage.googleapis.com/rental-room-c34cb.appspot.com/Rooms/0ibitfDjJNvgIx7vCd6Y/4.png
https://storage.googleapis.com/rental-room-c34cb.appspot.com/Rooms/0swBNCJBfiIRxmzRREi2/1.png,https://storage.googleapis.com/rental-room-c34cb.appspot.com/Rooms/0swBNCJBfiIRxmzRREi2/2.png,001-315-917-3796,"07199 William Ferry Apt. 385
North Edwardland, DE 01910",Standard Room,dbarnes@example.net,"Cho thuê phòng trọ số 4 Dương Văn Dương, P. Sơn Kỳ, Q. Tân Phú.(đối diện siêu thị Aeon Mall, gần chợ Sơn Kỳ).* Wifi - thang máy miễn phí, giờ giấc tự do.Tiện ích ưu điểm:- Có Bảo Vệ trông coi toà nhà 24/24.- Có thang máy (24/24h).- Có hệ thống camera đảm bảo an ninh tuyệt đối.- Trang bị hệ thống PCCC cả tòa nhà - hệ thống báo cháy từng phòng hiện đại.- Có hầm để xe - điện hành lang.- Có khu vực phơi đồ riêng biệt rất thông thoáng.- DT phòng: 15m² (có cửa sổ - gác lửng - WC riêng biệt).- Giá thuê: 2.200.000 triệu/tháng.Chi phí điện nước và dịch vụ:- Điện: 3.500/ KWH.- Nước: 7.000/m3.- Giữ xe máy: 100.000.- Rác: 15.000/phòng/tháng (khu để rác sạch sẽ - thông thoáng).Liên hệ: * (Chú Sơn) 0908 296 ***",glenntyler,https://storage.googleapis.com/rental-room-c34cb.appspot.com/Rooms/0swBNCJBfiIRxmzRREi2/0.png,2000,2200000,4000,20000,true,0swBNCJBfiIRxmzRREi2,15,Hailey West,SNdsTPFdapWZedL02QhF,A052,"https://www.google.com/maps/embed/v1/place?q=10.7982263,106.6166622&key=AIzaSyAMd45cCGHSmsM2a5APxYRdOwV8kX-4m40","Số 4, Đường Dương Văn Dương, Phường Sơn Kỳ, Tân Phú, Hồ Chí Minh",https://storage.googleapis.com/rental-room-c34cb.appspot.com/Rooms/0swBNCJBfiIRxmzRREi2/3.png,https://storage.googleapis.com/rental-room-c34cb.appspot.com/Rooms/0swBNCJBfiIRxmzRREi2/4.png
https://storage.googleapis.com/rental-room-c34cb.appspot.com/Rooms/0u8Rj5YaaYUN05pOqOAe/1.png,https://storage.googleapis.com/rental-room-c34cb.appspot.com/Rooms/0u8Rj5YaaYUN05pOqOAe/2.png,(806)223-2565,"0818 Joel Curve
Wendybury, SC 44029",Standard Room,tserrano@example.org,"Tổng 30 phòng vừa mới hoàn thành mới đưa vào cho thuê có nhiều sự lựa chọn.Phòng có gác như hình, cửa sổ thoáng, giờ giấc tự do không chung chủ.Máy lạnh mới 100%.Nhà xe rộng. Ô tô tới trước nhà.Điện 3,8k. Nước 100k/người.Vị trí: Gần ngã tư Nguyễn Xí - Nơ Trang Long tiện ích gần chợ Nguyễn Xí thông Đường Trục 3 phút đến ĐH Văn Lang.Giá: 3Tr8/Tháng.Lh: 0903 691 *** Nam.",cross,https://storage.googleapis.com/rental-room-c34cb.appspot.com/Rooms/0u8Rj5YaaYUN05pOqOAe/0.png,3000,3800000,14000,20000,true,0u8Rj5YaaYUN05pOqOAe,20,Brent Moran,Da8gSDzeDKVmMDTYKoQq,A131,"https://www.google.com/maps/embed/v1/place?q=10.8195166,106.7026565&key=AIzaSyAMd45cCGHSmsM2a5APxYRdOwV8kX-4m40","Đường Nơ Trang Long, Phường 13, Bình Thạnh, Hồ Chí Minh",https://storage.googleapis.com/rental-room-c34cb.appspot.com/Rooms/0u8Rj5YaaYUN05pOqOAe/3.png,https://storage.googleapis.com/rental-room-c34cb.appspot.com/Rooms/0u8Rj5YaaYUN05pOqOAe/4.png
https://storage.googleapis.com/rental-room-c34cb.appspot.com/Rooms/1StM5HswzLz3VwD3nnyT/1.png,https://storage.googleapis.com/rental-room-c34cb.appspot.com/Rooms/1StM5HswzLz3VwD3nnyT/2.png,850.454.8793x99981,"USNV Williams
FPO AE 51527",Standard Room,alan30@example.org,"Cho thuê phòng trọ cao cấp tại 763/48 Kha Vạn Cân, P. Linh Tây, Thủ Đức.Yên tĩnh - văn minh - an toàn - lịch sự.+ Địa chỉ: 763/48 Kha Vạn Cân, P. Linh Tây, Q. Thủ Đức.+ Bán kính 200m có: Đại học Cảnh Sát, đại học Ngân Hàng. Cao đẳng CNTĐ, chợ Thủ Đức, nhà thờ Thủ Đức, trung tâm mua sắm Vincom, Nguyễn Kim...+ DT: 18m² - 24m².+ Nhà đẹp, ốp gạch sạch sẽ, cao ráo, thoáng mát. Tiết kiệm điện,...+ Nội thất: Phòng tắm riêng với thiết bị vệ sinh cao cấp, tủ bếp & bồn rửa chén đầy đủ.+ Tủ áo, kệ TV, bàn làm việc, giường ngủ, máy giặt, máy lạnh 1.5 HP inverter...+ Điện nước theo giá nhà nước...+ Camera an ninh 24/24. Cửa thẻ từ, khóa an toàn.+ Nhà để xe riêng. Giờ giấc tự do.* Miễn phí: Wifi, truyền hình cáp, nước nóng, phí đổ rác, phí quét dọn hàng ngày.+ Giá thuê từ 3.000.000đ/tháng.- Số lượng phòng: Còn ít phòng.- Ưu tiên: Sinh viên, nhân viên văn phòng, gia đình trẻ, ít người.Liên hệ: 0903 722 *** / 0989 952 ***zalo, điện thoại).",hancockanthony,https://storage.googleapis.com/rental-room-c34cb.appspot.com/Rooms/1StM5HswzLz3VwD3nnyT/0.png,3000,3200000,5000,20000,true,1StM5HswzLz3VwD3nnyT,18,Chris Fuentes,LLqmGDUOHv2WNLjurelp,A024,"https://www.google.com/maps/embed/v1/place?q=10.855485583209,106.754722937733&key=AIzaSyAMd45cCGHSmsM2a5APxYRdOwV8kX-4m40","763/48, Đường Kha Vạn Cân, Phường Linh Tây, Thủ Đức, Hồ Chí Minh",https://storage.googleapis.com/rental-room-c34cb.appspot.com/Rooms/1StM5HswzLz3VwD3nnyT/3.png,https://storage.googleapis.com/rental-room-c34cb.appspot.com/Rooms/1StM5HswzLz3VwD3nnyT/4.png
https://storage.googleapis.com/rental-room-c34cb.appspot.com/Rooms/1SyOX5nLpPbHxF0tRBQe/1.png,https://storage.googleapis.com/rental-room-c34cb.appspot.com/Rooms/1SyOX5nLpPbHxF0tRBQe/2.png,+1-677-763-4156,"1877 James Locks Suite 438
New Jonathan, PR 52460",Standard Room,marcroberts@example.net,"Cho thuê phòng trọ 546/12 Nguyễn Văn Quá, P. Đông Hưng Thuận, Q12. Phòng rộng, có ban công, gác lửng, gần siêu thị, trường học, ngân hàng, chợ.Liên hệ: 0899 782 *** - Mr. Thịnh.Zalo 0899 782 ***.",markfrye,https://storage.googleapis.com/rental-room-c34cb.appspot.com/Rooms/1SyOX5nLpPbHxF0tRBQe/0.png,3000,1800000,11000,20000,true,1SyOX5nLpPbHxF0tRBQe,14,Thomas Hughes,vvtX0SuU0EqwB7VNgk2B,A127,"https://www.google.com/maps/embed/v1/place?q=10.8420845,106.6305882&key=AIzaSyAMd45cCGHSmsM2a5APxYRdOwV8kX-4m40","546/12 Đường Nguyễn Văn Quá, Phường Đông Hưng Thuận, Quận 12, Hồ Chí Minh",https://storage.googleapis.com/rental-room-c34cb.appspot.com/Rooms/1SyOX5nLpPbHxF0tRBQe/3.png,https://storage.googleapis.com/rental-room-c34cb.appspot.com/Rooms/1SyOX5nLpPbHxF0tRBQe/4.png
https://storage.googleapis.com/rental-room-c34cb.appspot.com/Rooms/1aoYNhwtodvT662nxon8/1.png,https://storage.googleapis.com/rental-room-c34cb.appspot.com/Rooms/1aoYNhwtodvT662nxon8/2.png,506.511.4463x661,"20653 Kenneth Views Apt. 327
Tracyside, ME 77644",Standard Room,jill35@example.org,"Mình là chủ nhà đang còn phòng cho thuê trong khu chung cư cao cấp. Phòng full nội thất, đặc biệt có ban công thoáng mát cả ngày.An toàn có ban quản lý.Nằm ở trung tâm của thành phố, cách Q1 chỉ 10p chạy xe:- Nằm ở mặt tiền đường Nguyễn Hữu Thọ, khu chung cư cao cấp có camera, bảo vệ an ninh 24/24, khóa cửa bằng mật khẩu, khu dân trí cao.- Không chung chủ, giờ giấc tự do nhé!- Ngay dưới nhà là đầy đủ các tiện ích nội khu: Công viên 2 hecta, hồ bơi 1000m², khu vui chơi, Quán ăn, cà phê, gym, Vinmark, Citimart.- Bên cạnh là các điểm check in siêu đẹp: Hồ Bán Nguyệt, cầu Ánh Sao, Crescent Mall, VivoCity...- Mất 5 phút đi xe sẽ đến được Phú Mỹ Hưng, ĐH Tôn Đức Thắng, Nguyễn Tất Thành, TC - MKT, RMIT, CSNN...- 10 phút di chuyển về trung tâm Q1, Q2, Q4, đường thông thoáng không kẹt xe, lại không ngập nước.Chính sách hot: Tặng tiền khi ở 1 năm, 2 năm... Lì xì tết, tặng tiền các ngày lễ lớn.- Các bạn là nhân viên văn phòng, sinh viên thích sự an ninh, an toàn chống dịch, yên tĩnh, lại đầy đủ tiện nghi cao cấp giá cả hợp lý liên hệ cho mình nhé.",daniel01,https://storage.googleapis.com/rental-room-c34cb.appspot.com/Rooms/1aoYNhwtodvT662nxon8/0.png,2000,2300000,8000,20000,true,1aoYNhwtodvT662nxon8,13,Cheryl Baker,7jk3iGBNFWXcxlcgLQ7m,A116,"https://www.google.com/maps/embed/v1/place?q=10.7290198,106.700494&key=AIzaSyAMd45cCGHSmsM2a5APxYRdOwV8kX-4m40","Đường Nguyễn Hữu Thọ, Phường Tân Phong, Quận 7, Hồ Chí Minh",https://storage.googleapis.com/rental-room-c34cb.appspot.com/Rooms/1aoYNhwtodvT662nxon8/3.png,https://storage.googleapis.com/rental-room-c34cb.appspot.com/Rooms/1aoYNhwtodvT662nxon8/4.png
https://storage.googleapis.com/rental-room-c34cb.appspot.com/Rooms/1yHlowt1q6F9m5e1837E/1.png,https://storage.googleapis.com/rental-room-c34cb.appspot.com/Rooms/1yHlowt1q6F9m5e1837E/2.png,9658310931,"Unit 9148 Box 5081
DPO AE 81713",Standard Room,stephaniewalter@example.com,"- Chính chủ cho thuê Nguyễn Văn Thương (D1 cũ), P. 25, Q. Bình Thạnh.- Sau Pearl Plaza, ngay chợ, giáp Q1, hẻm xe hơi, không ngập.- Giờ giấc tự do, để xe free, có camera an ninh.- Phòng đầy đủ nội thất..., lầu 1 & 3.- Còn 3 phòng: 4.6 triệu & 5 triệu (có ban công).LH: 0948 100 *** Khánh chính chủ (zalo).",hugheswilliam,https://storage.googleapis.com/rental-room-c34cb.appspot.com/Rooms/1yHlowt1q6F9m5e1837E/0.png,2000,4600000,14000,20000,true,1yHlowt1q6F9m5e1837E,18,Spencer Lopez,NJcTKCDIjfoQIdEDLpVJ,A133,"https://www.google.com/maps/embed/v1/place?q=10.8020983,106.7192368&key=AIzaSyAMd45cCGHSmsM2a5APxYRdOwV8kX-4m40","Đường Nguyễn Văn Thương, Phường 25, Bình Thạnh, Hồ Chí Minh",https://storage.googleapis.com/rental-room-c34cb.appspot.com/Rooms/1yHlowt1q6F9m5e1837E/3.png,https://storage.googleapis.com/rental-room-c34cb.appspot.com/Rooms/1yHlowt1q6F9m5e1837E/4.png
https://storage.googleapis.com/rental-room-c34cb.appspot.com/Rooms/29f1A0i5GzNpGMvUsdae/1.png,https://storage.googleapis.com/rental-room-c34cb.appspot.com/Rooms/29f1A0i5GzNpGMvUsdae/2.png,+1-409-995-3313x190,"Unit 9766 Box 8097
DPO AP 67520",Standard Room,mhughes@example.org,"* Địa chỉ: 76 Đất Thánh, P. 6, Tân Bình.* Tiện ích:- Có máy giặt, thang máy, hầm gửi xe.- Giờ giấc tự do, ra vào vân tay.- Được nuôi pet.- Gần nhiều trường đại học (Huflit, Bách Khoa, Kinh Tế, y khoa Phạm Ngọc Thạch... ).- Nhiều tiện ích xung quanh.Điện: 4.300đ/Kwh.Nước: 100.000đ/người.Wifi: 100.000đ/phòng.Xe: 100.000đ/chiếc.Rác: 20.000đ/phòng.---------Inbox hoặc liên hệ zalo 0855 746 ***Quyên) để xem phòng.",ubrown,https://storage.googleapis.com/rental-room-c34cb.appspot.com/Rooms/29f1A0i5GzNpGMvUsdae/0.png,3000,4500000,10000,20000,true,29f1A0i5GzNpGMvUsdae,20,Andrew Villanueva,XDmyMOSY89rEZ2MJPr6z,A062,"https://www.google.com/maps/embed/v1/place?q=10.7830308,106.6584266&key=AIzaSyAMd45cCGHSmsM2a5APxYRdOwV8kX-4m40","76, Đường Đất Thánh, Phường 6, Tân Bình, Hồ Chí Minh",https://storage.googleapis.com/rental-room-c34cb.appspot.com/Rooms/29f1A0i5GzNpGMvUsdae/3.png,https://storage.googleapis.com/rental-room-c34cb.appspot.com/Rooms/29f1A0i5GzNpGMvUsdae/4.png
https://storage.googleapis.com/rental-room-c34cb.appspot.com/Rooms/29xDwPaXIY0vwCVDSpFG/1.png,https://storage.googleapis.com/rental-room-c34cb.appspot.com/Rooms/29xDwPaXIY0vwCVDSpFG/2.png,(207)361-3028x355,"1755 Jennifer Mission Suite 908
North Heather, MS 62985",Standard Room,jonathan94@example.com,"- Phòng trọ ngay phía sau lưng đại học luật TP. HCM.- Địa chỉ: 27 đường Số 9, KP1. P. Hiệp Bình Chánh, Q. Thủ Đức.- Không chung chủ.- Ở bao nhiêu người cũng được.- Diện tích: 20m² (chưa tính gác).- Có bếp, toilet.- Xe tự để trong phòng.- Rất gần với đại học Luật, chợ Bình Triệu, GigaMall, tạp hoá, ngân hàng, quán ăn, siêu thị,... Tất cả đều trong vòng 5 phút đi xe đổ lại.- Vị trí thuận tiện và phí thuê rất rẻ. Các phòng xung quanh khu vực đã hơn 2.5tr rồi. Giá của bên mình rất ưu đãi cho các bạn sinh viên và các anh chị em đi làm.- Giá thuê: 2 triệu 300/tháng.- Đặt cọc: 1.5tr.- Điện 4k/ký.- Nước 18k/khối.",wdavidson,https://storage.googleapis.com/rental-room-c34cb.appspot.com/Rooms/29xDwPaXIY0vwCVDSpFG/0.png,3000,2300000,10000,20000,true,29xDwPaXIY0vwCVDSpFG,20,Christopher Carter,ZwqqB7FtcBPEQTWWXo3R,A026,"https://www.google.com/maps/embed/v1/place?q=10.8306265,106.7109713&key=AIzaSyAMd45cCGHSmsM2a5APxYRdOwV8kX-4m40","27, Đường Số 9, Phường Hiệp Bình Chánh, Thủ Đức, Hồ Chí Minh",https://storage.googleapis.com/rental-room-c34cb.appspot.com/Rooms/29xDwPaXIY0vwCVDSpFG/3.png,
https://storage.googleapis.com/rental-room-c34cb.appspot.com/Rooms/2yyZFyn41qMQCMFGFqPj/1.png,https://storage.googleapis.com/rental-room-c34cb.appspot.com/Rooms/2yyZFyn41qMQCMFGFqPj/2.png,339-787-9709,"5066 Stephen Lodge
Port John, TN 72115",Loft Room,cherylhayes@example.com,"- Vị trí: Phạm Văn Hai, phường 5, Tân Bình.- Nằm gần CMT8, chợ Phạm Văn Hai, TTTM Blue Square, Trung tâm hội nghị tiệc cưới Unique 5. Cạnh đường Lê Văn Sỹ, Hoàng Sa, Trường Sa, thuận tiện cho việc di chuyển sang các quận trung tâm như: Quận Phú Nhuận, quận Gò Vấp, quận 3, quận 1, sân bay Tân Sơn Nhất,...- Nội thất: Giường, nệm, bàn, ghế sofa, tủ lạnh, máy lạnh, tủ đồ, rèm cuộn chống nắng.- Chính sách điện, nước, dịch vụ vui lòng.LH/Zalo: Ms. Thục để được tư vấn & đặt lịch xem phòng.",lstewart,https://storage.googleapis.com/rental-room-c34cb.appspot.com/Rooms/2yyZFyn41qMQCMFGFqPj/0.png,3000,6400000,9000,20000,true,2yyZFyn41qMQCMFGFqPj,30,Wendy Zimmerman,b6G8XwhmRN3j7y8SM3OG,A234,"https://www.google.com/maps/embed/v1/place?q=10.791296,106.6619084&key=AIzaSyAMd45cCGHSmsM2a5APxYRdOwV8kX-4m40","Đường Phạm Văn Hai, Phường 5, Tân Bình, Hồ Chí Minh",https://storage.googleapis.com/rental-room-c34cb.appspot.com/Rooms/2yyZFyn41qMQCMFGFqPj/3.png,https://storage.googleapis.com/rental-room-c34cb.appspot.com/Rooms/2yyZFyn41qMQCMFGFqPj/4.png
https://storage.googleapis.com/rental-room-c34cb.appspot.com/Rooms/39GFiLtd7VrHOoUsPrWz/1.png,https://storage.googleapis.com/rental-room-c34cb.appspot.com/Rooms/39GFiLtd7VrHOoUsPrWz/2.png,001-230-338-1320x391,"857 Taylor Loop
Ingramland, RI 21359",Standard Room,hayden48@example.net,"Mặt tiền ngay Vườn Lài - Luỹ Bán Bích.Thuận tiện di chuyển, ô tô đưa đón tận cổng.Phòng mới chưa 1 đời chủ. Sạch sẽ, rộng rãi, thoáng mát. Cửa sổ full sáng.Nội thất full: Máy lạnh, tủ lạnh, bếp từ, giường tủ.. Chưa qua sử dụng.Nhiều phòng, nhiều mức giá, nhiều sự lựa chọn.Call trực tiếp (ib zalo/mess): Xem phòng.",thill,https://storage.googleapis.com/rental-room-c34cb.appspot.com/Rooms/39GFiLtd7VrHOoUsPrWz/0.png,3000,3500000,10000,20000,true,39GFiLtd7VrHOoUsPrWz,30,Jennifer Mendoza,rVBenwmYVOsKZBuN3Ga1,A165,"https://www.google.com/maps/embed/v1/place?q=10.7914545,106.6335513&key=AIzaSyAMd45cCGHSmsM2a5APxYRdOwV8kX-4m40","Đường Tân Thành, Phường Tân Thành, Tân Phú, Hồ Chí Minh",https://storage.googleapis.com/rental-room-c34cb.appspot.com/Rooms/39GFiLtd7VrHOoUsPrWz/3.png,https://storage.googleapis.com/rental-room-c34cb.appspot.com/Rooms/39GFiLtd7VrHOoUsPrWz/4.png
https://storage.googleapis.com/rental-room-c34cb.appspot.com/Rooms/3UXclQQjPqZn3o67SOso/1.png,https://storage.googleapis.com/rental-room-c34cb.appspot.com/Rooms/3UXclQQjPqZn3o67SOso/2.png,(733)674-9977x12879,"9506 Andrea Heights Apt. 531
South Angelaberg, MO 19947",Standard Room,lbender@example.net,"Phòng trọ sinh viên gần đại học KT TPHCM, ĐH Y dược TPHCM, bệnh viện chỡ rẫy, bệnh viện nhi đồng, bệnh viện Hùng Vương... Giá rẻ bình dân.Địa chỉ: 416/21 Hòa Hảo, P5, Q10.Đặc điểm: Có máy lạnh, vệ sinh riêng, cửa sổ trời, không chung chủ, tầng lửng.Giá chỉ: 3trxx chỉ còn 1 phòng duy nhất các bạn liên hệ sdt mình nhé.0374 545 ***",orobertson,https://storage.googleapis.com/rental-room-c34cb.appspot.com/Rooms/3UXclQQjPqZn3o67SOso/0.png,2000,3700000,11000,20000,true,3UXclQQjPqZn3o67SOso,30,Daniel Jordan,q22Yg3vdU6Aj0V0vsd14,A080,"https://www.google.com/maps/embed/v1/place?q=10.7615915,106.6672844&key=AIzaSyAMd45cCGHSmsM2a5APxYRdOwV8kX-4m40","416/21, Đường Hòa Hảo, Phường 5, Quận 10, Hồ Chí Minh",https://storage.googleapis.com/rental-room-c34cb.appspot.com/Rooms/3UXclQQjPqZn3o67SOso/3.png,
https://storage.googleapis.com/rental-room-c34cb.appspot.com/Rooms/3dpZxuBBaJpStfsVfJNY/1.png,https://storage.googleapis.com/rental-room-c34cb.appspot.com/Rooms/3dpZxuBBaJpStfsVfJNY/2.png,001-929-608-9126x69250,"680 Sanchez Burg Suite 937
North Ryan, WA 33486",Standard Room,stephenyoung@example.net,"Căn Hộ Duplex - Tách bếp, ngay Nhà Thờ Ba Chuông.Đường Lê Văn Sỹ, Quận Phú Nhuận.- Studio giá 4tr6 - 4tr8 - 5tr.- Duplex: 5tr - 5tr3 - 5tr5 - 6tr5.Phòng có sẵn Full nội thất:- Máy lạnh, tủ đồ, tủ lạnh, kệ tủ bếp, Sofa, nệm, bàn ghế,...Giờ giấc tự do - Không chung chủ.Cửa vân tay - Chỗ để xe.Có máy giặt chung.Call/zalo Tài.",dianawright,https://storage.googleapis.com/rental-room-c34cb.appspot.com/Rooms/3dpZxuBBaJpStfsVfJNY/0.png,2000,4600000,5000,20000,true,3dpZxuBBaJpStfsVfJNY,32,Dr. Angelica Castro,juItKIxdSH5xwNb0GgaC,A161,"https://www.google.com/maps/embed/v1/place?q=10.7908218,106.6729344&key=AIzaSyAMd45cCGHSmsM2a5APxYRdOwV8kX-4m40","Đường Lê Văn Sỹ, Phường 13, Phú Nhuận, Hồ Chí Minh",https://storage.googleapis.com/rental-room-c34cb.appspot.com/Rooms/3dpZxuBBaJpStfsVfJNY/3.png,https://storage.googleapis.com/rental-room-c34cb.appspot.com/Rooms/3dpZxuBBaJpStfsVfJNY/4.png
https://storage.googleapis.com/rental-room-c34cb.appspot.com/Rooms/3gz1rLyC62cNtSbledms/1.png,https://storage.googleapis.com/rental-room-c34cb.appspot.com/Rooms/3gz1rLyC62cNtSbledms/2.png,3273555304,"190 Jessica Villages
North Mariabury, AR 28834",Loft Room,gordon93@example.com,"Vị trí trung tâm tiện di chuyển sang các quận khác, gần chợ trung tâm thương mại lớn.Gần ngã tư Hàng Xanh, gần các trường đại học Hutech, Hồng Bàng, Đao Kao,...- Xung quanh có nhiều cửa hàng tiện lợi, chợ, siêu thị, khu ẩm thực,...Thuận tiện di chuyển quận 1,3,2, GV, 10.Tình trạng:- Full nội thất, phòng trống sẵn có thể dọn vào ở ngay.- Giờ giấc tự do, không chung chủ.- Khu vực an ninh, camera giám sát.- Hẻm oto.- Được nuôi pet và cam kết.- Máy giặt riêng từng phòng.Hệ thống mình còn rất nhiều căn hộ toạ lạc trên địa bàn TPHCM."" Nhận tìm phòng / căn hộ theo nhu cầu của khách hàng "".- Căn hộ 1 phòng ngủ.- Căn hộ 2 phòng ngủ.- Căn hộ studio.- Căn hộ duplex - Có Gác.- Căn hộ tách bếp.Và nhiều loại căn hộ khác nữa, Hỗ trợ tìm phòng theo yêu cầu của khách hàng về đặc điểm của căn hộ và vị trí đường mà khách hàng mong muốn với mức giá từ 5 triệu VNĐ.Hỗ trợ tìm phòng (Miễn Phí).",samantha51,https://storage.googleapis.com/rental-room-c34cb.appspot.com/Rooms/3gz1rLyC62cNtSbledms/0.png,2000,7600000,7000,20000,true,3gz1rLyC62cNtSbledms,35,Karen Carr,eLNzqhqkCS3EpaTnDxy2,A140,"https://www.google.com/maps/embed/v1/place?q=10.7978161,106.7049832&key=AIzaSyAMd45cCGHSmsM2a5APxYRdOwV8kX-4m40","Đường Điện Biên Phủ, Phường 15, Bình Thạnh, Hồ Chí Minh",https://storage.googleapis.com/rental-room-c34cb.appspot.com/Rooms/3gz1rLyC62cNtSbledms/3.png,https://storage.googleapis.com/rental-room-c34cb.appspot.com/Rooms/3gz1rLyC62cNtSbledms/4.png
https://storage.googleapis.com/rental-room-c34cb.appspot.com/Rooms/3uSI9UGP8KkdYWscHC51/1.png,https://storage.googleapis.com/rental-room-c34cb.appspot.com/Rooms/3uSI9UGP8KkdYWscHC51/2.png,(948)468-2355x09354,"927 Dawson Flat
Williamstad, NV 18606",Loft Room,johnnymatthews@example.com,"Duplex với thiết kế sang trọng full NT ngay Nguyễn Văn Linh, Quận 7.Địa chỉ: Nguyễn Văn Linh, Bình Thuận, Quận 7.Gần chợ, cửa hàng tiện lợi, ĐH RMIT, ĐH Tôn Đức Thắng.Thuận tiện qua các quận 1,4, Cresent Mall, LotteMart, BigC.Thiết kế hiện đại, sang trọng.Full nội thất cao cấp.Có hồ bơi sân thượng, nhà hàng quán ăn, cafe ngay sảnh toà nhà.Thang máy, hầm giữ xe.An ninh 24/7.Liên hệ: 0838 888 *** Zalo, Imess Để được tư vấn và xem phòng.",nsmith,https://storage.googleapis.com/rental-room-c34cb.appspot.com/Rooms/3uSI9UGP8KkdYWscHC51/0.png,3000,7000000,13000,20000,true,3uSI9UGP8KkdYWscHC51,45,Terri Jones,V05RHwLREPMRlous33cV,A158,"https://www.google.com/maps/embed/v1/place?q=10.7432337,106.7217742&key=AIzaSyAMd45cCGHSmsM2a5APxYRdOwV8kX-4m40","Đường Nguyễn Văn Linh, Phường Bình Thuận, Quận 7, Hồ Chí Minh",https://storage.googleapis.com/rental-room-c34cb.appspot.com/Rooms/3uSI9UGP8KkdYWscHC51/3.png,https://storage.googleapis.com/rental-room-c34cb.appspot.com/Rooms/3uSI9UGP8KkdYWscHC51/4.png
https://storage.googleapis.com/rental-room-c34cb.appspot.com/Rooms/4FIYxwtacJ4rbVYkcG9k/1.png,https://storage.googleapis.com/rental-room-c34cb.appspot.com/Rooms/4FIYxwtacJ4rbVYkcG9k/2.png,637-399-7218x55369,"PSC 1547, Box 8223
APO AP 19743",Loft Room,denise75@example.com,"Vị trí trung tâm tiện di chuyển sang các quận khác, gần chợ trung tâm thương mại lớn.Gần ngã tư Phú Nhuận, Công viên Phú Nhuận, phố ẩm thực Nguyễn Xí, Phan Xích Long, Nguyễn Văn Đậu,...- Xung quanh có nhiều cửa hàng tiện lợi, chợ, siêu thị, khu ẩm thực,...Thuận tiện di chuyển quận 1,3,TB, BT, GV, 10.Tình trạng:- Full nội thất, phòng trống sẵn có thể dọn vào ở ngay.- Giờ giấc tự do, không chung chủ.- Khu vực an ninh, camera giám sát.- Hẻm oto.- Được nuôi pet và cam kết.- Máy giặt riêng từng phòng.Hệ thống mình còn rất nhiều căn hộ toạ lạc trên địa bàn TPHCM."" Nhận tìm phòng / căn hộ theo nhu cầu của khách hàng "".- Căn hộ 1 phòng ngủ.- Căn hộ 2 phòng ngủ.- Căn hộ studio.- Căn hộ duplex - Có Gác.- Căn hộ tách bếp.Và nhiều loại căn hộ khác nữa, Hỗ trợ tìm phòng theo yêu cầu của khách hàng về đặc điểm của căn hộ và vị trí đường mà khách hàng mong muốn với mức giá từ 5 triệu VNĐ.Hỗ trợ tìm phòng (Miễn Phí).",leonardhenson,https://storage.googleapis.com/rental-room-c34cb.appspot.com/Rooms/4FIYxwtacJ4rbVYkcG9k/0.png,3000,7000000,4000,20000,true,4FIYxwtacJ4rbVYkcG9k,30,Darius Patterson,vD9g4na8qq8acFQs62zG,A078,"https://www.google.com/maps/embed/v1/place?q=10.8018067,106.6876501&key=AIzaSyAMd45cCGHSmsM2a5APxYRdOwV8kX-4m40","Đường Phan Tây Hồ, Phường 7, Phú Nhuận, Hồ Chí Minh",https://storage.googleapis.com/rental-room-c34cb.appspot.com/Rooms/4FIYxwtacJ4rbVYkcG9k/3.png,https://storage.googleapis.com/rental-room-c34cb.appspot.com/Rooms/4FIYxwtacJ4rbVYkcG9k/4.png
,,+1-872-722-9731x848,"635 Murray Gateway
North Michael, AS 91486",Standard Room,christophercuevas@example.com,"Còn 3 phòng mới keng như hình cho thuê tại địa chỉ 383/ Bà Hạt, Q10. (Ngay Đại học Kinh tế và Bách Khoa.. Vv). Khu vực tĩnh mát mẻ thoải mái, an ninh, gần chợ, giờ giấc tự do, không chung chủ thoải mái. Xe để trong nhà miễn phí.Giá 2tr5 2tr7 và 3tr2. (phòng mới keng tầng trệt và tầng 2, kệ bếp nấu ăn, có máy giặt chung, cửa sổ lớn và ban công... Vv). Tolet Riêng trong phòng hoặc 2 phòng sử dụng 1 tolet. Hỗ trợ nội thất theo yêu cầu tính phí.Điện 4k, nước 100/ng, xe + wifi + rác free, không phát sinh chi phí. Vui lòng IB hoặc liên hệ 0838 999 ***",eholden,https://storage.googleapis.com/rental-room-c34cb.appspot.com/Rooms/4tgeNGivKygg6R8R1JCZ/0.png,2000,2500000,4000,20000,true,4tgeNGivKygg6R8R1JCZ,19,Jacob Schultz,1AmX2Xy9LxD8roLuxWvi,A124,"https://www.google.com/maps/embed/v1/place?q=10.7660666,106.6692666&key=AIzaSyAMd45cCGHSmsM2a5APxYRdOwV8kX-4m40","383/, Đường Bà Hạt, Phường 4, Quận 10, Hồ Chí Minh",,
https://storage.googleapis.com/rental-room-c34cb.appspot.com/Rooms/4wI60GtouIZvd2HIFhIh/1.png,https://storage.googleapis.com/rental-room-c34cb.appspot.com/Rooms/4wI60GtouIZvd2HIFhIh/2.png,397-369-0345x483,"3619 Francis Wells
Rodriguezmouth, AS 38203",Loft Room,cynthia07@example.net,"Địa chỉ: 32 Trần Thị Nơi, Phường 4, Quận 8.- Thuận tiện di chuyển qua Quận 7, Quận 1, Quận 3, Quận 5,...- Xung quanh gần chợ, ngân hàng, gym, Bách Hoá Xanh, hàng quán, cửa hàng tiện lợi.- Gần các trường đại học T Dược, Trường Đại Học Sài Gòn, đại học Kinh Tế, Đại Học Sài Gòn, Đại Học Sự Phạm, đại học Ueh, STU, SGU.- Sát bệnh viện Chợ Rẫy, bệnh viện Hùng Vương, bệnh viện Y Dược, bệnh viện Hùng Vương.Call/zalo: (Trường Thọ) hỗ trợ giá tốt.",christianhunt,https://storage.googleapis.com/rental-room-c34cb.appspot.com/Rooms/4wI60GtouIZvd2HIFhIh/0.png,3000,7500000,10000,20000,true,4wI60GtouIZvd2HIFhIh,45,Ashley Dennis,Sgslb5KwsJu3QjNcvv5M,A094,"https://www.google.com/maps/embed/v1/place?q=10.7395612658499,106.677656804436&key=AIzaSyAMd45cCGHSmsM2a5APxYRdOwV8kX-4m40","32, Đường Trần Thị Nơi, Phường 4, Quận 8, Hồ Chí Minh",https://storage.googleapis.com/rental-room-c34cb.appspot.com/Rooms/4wI60GtouIZvd2HIFhIh/3.png,https://storage.googleapis.com/rental-room-c34cb.appspot.com/Rooms/4wI60GtouIZvd2HIFhIh/4.png
https://storage.googleapis.com/rental-room-c34cb.appspot.com/Rooms/4yvz9glBBrXWmDuMQaEB/1.png,https://storage.googleapis.com/rental-room-c34cb.appspot.com/Rooms/4yvz9glBBrXWmDuMQaEB/2.png,(893)758-5629x076,"748 Loretta Viaduct
Mitchellstad, NY 14615",Standard Room,ataylor@example.org,"CHDV mới xây 100% thoáng mát.Chỉ từ 2tr9 cho phòng gác cao sạch sẽ.Ngay Luỹ Bán Bích - Thạch Lam, 5p Đầm Sen - 5p Văn Hiến - 10p Quận 11 - 10.Đầy đủ nội thất mới chưa qua sử dụng - có hỗ trợ máy giặt riêng nếu cần hệ tủ bếp ốp kính cường lực siêu chắc chắn.Bảo vệ 24/24 đảm bảo an ninh xe cộ - thang máy cao cấp thông tầng - camera giám sát 24/24 - hệ thống PCCC - thang thoát hiểm đạt tiêu chuẩn!Call: * gặp Huy để được tư vấn và hỗ trợ xem phòng hoàn toàn miễn phí.- Hỗ trợ tìm phòng ngon đa dạng giá hoàn toàn miễn phí Tân Phú Bình Tân Q11 Q10 Q6.Add zalo để được tư vấn và hỗ trợ.",nicholas03,https://storage.googleapis.com/rental-room-c34cb.appspot.com/Rooms/4yvz9glBBrXWmDuMQaEB/0.png,3000,2900000,9000,20000,true,4yvz9glBBrXWmDuMQaEB,23,Nicole Johnson,jPkO7cXNx1ULrrtwNuB2,A044,"https://www.google.com/maps/embed/v1/place?q=10.778093,106.6349355&key=AIzaSyAMd45cCGHSmsM2a5APxYRdOwV8kX-4m40","Đường Lũy Bán Bích, Phường Hòa Thạnh, Tân Phú, Hồ Chí Minh",https://storage.googleapis.com/rental-room-c34cb.appspot.com/Rooms/4yvz9glBBrXWmDuMQaEB/3.png,https://storage.googleapis.com/rental-room-c34cb.appspot.com/Rooms/4yvz9glBBrXWmDuMQaEB/4.png
https://storage.googleapis.com/rental-room-c34cb.appspot.com/Rooms/5FdOq5z7Ehjvtfnp7I24/1.png,https://storage.googleapis.com/rental-room-c34cb.appspot.com/Rooms/5FdOq5z7Ehjvtfnp7I24/2.png,4972531555,"3595 Adam Plaza Apt. 823
Gouldfort, OK 80413",Loft Room,hillconnor@example.org,"Căn hộ nằm gần Phạm Văn Đồng, gần Văn Lang CS2, gần Nơ Trang Long, Nguyễn Văn Đậu, Chợ Bà Chiểu, Emart Gò Vấp.Căn hộ studio 25m² - cửa sổ siêu thoáng.Không chung chủ, giờ giấc tự do.Khu vực văn minh, an ninh.Full nội thất như mới.Điện: 4000/1kwh.Nước: 100k/ người.Xe: Free.Dịch vụ: 150k/ tháng (đã bao gồm phí an ninh, wifi, rác, vệ sinh,... ).Liên hệ Zalo 0936 785 ***Duy Khánh) để được tư vấn, hỗ trợ tìm phòng và thương lượng giá tốt nhất.Hệ thống căn hộ dịch vụ MQ House - Chuyên cho thuê căn hộ tại Thành phố Hồ Chí Minh.Luôn có sẵn trên 2000 phòng trống trong các phân khúc từ 5.000.000/ tháng - trên 20.000.000/ tháng.Liên hệ Zalo 0936 785 ***Duy Khánh) để được:- Tư vấn tận tình 24/7.- Hỗ trợ tìm phòng đúng với nhu cầu.- Thương lượng giá cả tốt nhất khi thuê dài hạn.- Nhận được nhiều ưu đãi và khuyến mãi khi thuê phòng.",davisdonna,https://storage.googleapis.com/rental-room-c34cb.appspot.com/Rooms/5FdOq5z7Ehjvtfnp7I24/0.png,3000,5200000,8000,20000,true,5FdOq5z7Ehjvtfnp7I24,25,Barbara Miller,aWhh9HQOfdtiEimpERlO,A095,"https://www.google.com/maps/embed/v1/place?q=10.8159197,106.6952001&key=AIzaSyAMd45cCGHSmsM2a5APxYRdOwV8kX-4m40","Đường Phan Văn Trị, Phường 11, Bình Thạnh, Hồ Chí Minh",https://storage.googleapis.com/rental-room-c34cb.appspot.com/Rooms/5FdOq5z7Ehjvtfnp7I24/3.png,https://storage.googleapis.com/rental-room-c34cb.appspot.com/Rooms/5FdOq5z7Ehjvtfnp7I24/4.png
https://storage.googleapis.com/rental-room-c34cb.appspot.com/Rooms/5PzoM1qR3LW9T4RnwYxs/1.png,https://storage.googleapis.com/rental-room-c34cb.appspot.com/Rooms/5PzoM1qR3LW9T4RnwYxs/2.png,668-829-6463x41337,"526 Michael Forks Suite 796
West John, RI 38788",Standard Room,chris83@example.net,"Vị trí: Số 16/2 Đường số 44, Phường Hiệp Bình Chánh, Quận Thủ Đức (gần Chợ Hiệp Bình).Thuộc khu vực trung tâm Thành phố Sài Gòn, với Đại lộ Phạm Văn Đồng bạn chỉ mất 5p đến Cầu Bình Triệu, Quận Bình Thạnh 5p, Sân Bay Tân Sơn Nhất 10p, Quận Gò Vấp 5p, đến Q1 cũng chỉ mất 15p.Điều đặc biệt nhất các nhà cho thuê khác không có được: Các căn hộ được thiết kế thông thoáng bên trong căn biệt thự, xung căn nhà là hành lanh rộng trồng cây xanh thoáng mát, tất cả được bao quanh bởi hàng rào cao, bạn ở đây chỉ mất 15p đến Q1 nhưng khi về nhà bạn được ở căn hộ nhìn ra sông Sài Gòn, hưởng không khí trong lành của thiên nhiên, tuy nhiên chỉ cần bước chân 100m bạn lại có ngay các tiện ích của TP HCM lớn nhất Việt Nam như Đại siêu thị Gigamall Coopmart 8000m², rạp chiếu phim, trung tâm Anh Ngữ, Vinmart, quán cà phê Coffee House, chợ, quán ăn, quán cơm, phở,.. La liệt trước mắt.Nằm ở trung tâm xung quanh là các trường Đại Học lớn: ĐH Công Nghiệp TP HCM, Cao đẳng Tài Chính Hải Quan, Đại Học Luật TPHCM, Đại Học Công Nghệ TPHCM, Đại Học Ngoại Thương, Đại Học Giao Thông Vận Tải, ĐH Sư Phạm Kỹ Thuật,Tiện nghi:- Mỗi căn căn hộ mini được thiết kế với bếp, toilet riêng, bồn rửa chén.- Mỗi phòng có trang bị cây phơi đồ thông minh, móc áo toilet, gương soi toilet,- Phòng nào cũng có cửa sổ hoặc ban công riêng thoáng mát.- Các phòng được bố trí riêng biệt trong tòa biệt thự, có sân vườn trồng hoa, cây cảnh. (Phòng chúng tôi không thiết kế theo dạng dãy bí bách truyền thống).- Khu vực an ninh, nhà có: Khóa cổng chính bằng SmartLock, khóa cổng nhà xe, khóa cổng hành lang, khóa riêng từng phòng, đảm bảo an ninhkhi đi làm.- Có camera an ninh 24/24 tại hành lang, nhà xe.- Có nhà để xe cực rộng, không sợ trầy xe.- Có wifi FPT tốc độ cao miễn phí.Đối tượng:- Phòng dành cho các bạn thích sống trong môi trường văn minh, sạch sẽ, yên tĩnh, an ninh: Ưu tiên cho thuê các bạn nữ, vợ chồng trẻ, gia đình,.- Không thích hợp cho các bạn: Thích nhậu, thích tụ tập bạn bè đông hát karraoke suốt đêm,Giá cả:- Căn 16m², ban công, wc, bếp riêng: Giá 2.400.000đ/tháng, ký hợp đồng 12th được giảm còn 2.200.000d/th cho 2 tháng đầu.- Căn 12m², cửa sổ nhìn ra vườn: Giá 2.200.000đ/tháng, ký hợp đồng 12th được giảm còn 2.000.000d/th cho 2 tháng đầu.- Căn 20m², ban công, wc, bếp riêng: Giá 2.800.000đ/tháng, ký hợp đồng 12th được giảm còn 2.400.000d/th cho 2 tháng đầu.- Phòng cho thuê dài hạn, ký hợp đồng ít nhất 6 tháng.- Đặt cọc 2 tháng - Hoàn trả 100% khi trả phòng. (Có thể chia ra đóng trong 2th đầu).- Wifi miễn phí - Nhà xe riêng miễn phí.- Điện 3.500 đồng/1kw.- Nước 15.000 đồng/ 1m3.- Rác 20.000 tháng.- Có lao công dọn vệ sinh khu vực sinh hoạt chung, phí: 30.000đ/th.Liên hệ trực tiếp chủ nhà: Mr Vũ 0352 226 ***",qmccarthy,https://storage.googleapis.com/rental-room-c34cb.appspot.com/Rooms/5PzoM1qR3LW9T4RnwYxs/0.png,2000,2000000,4000,20000,true,5PzoM1qR3LW9T4RnwYxs,20,Christopher Patterson,evp9NixjaXnVVMuM1Bzh,A212,"https://www.google.com/maps/embed/v1/place?q=10.8496781,106.7315527&key=AIzaSyAMd45cCGHSmsM2a5APxYRdOwV8kX-4m40","Số 16/2, Đường 44, Phường Hiệp Bình Chánh, Thủ Đức, Hồ Chí Minh",https://storage.googleapis.com/rental-room-c34cb.appspot.com/Rooms/5PzoM1qR3LW9T4RnwYxs/3.png,https://storage.googleapis.com/rental-room-c34cb.appspot.com/Rooms/5PzoM1qR3LW9T4RnwYxs/4.png
https://storage.googleapis.com/rental-room-c34cb.appspot.com/Rooms/5ZbvLzrN6CtpKjGuaOJf/1.png,https://storage.googleapis.com/rental-room-c34cb.appspot.com/Rooms/5ZbvLzrN6CtpKjGuaOJf/2.png,4995541091,"5556 Bobby Camp Apt. 097
New Ashley, FM 67958",Standard Room,carrillobryce@example.org,"Nhà mới xây còn nhiều phòng cho thuê từ 3 triệu - 4.5tr.Diện tích 20 - 25 - 30 - 40m² có nội thất có gác. Giờ giấc tự do, có hầm để xe miễn phí, không chung chủ. Cách các trường đại học chỉ 2 phút xe máy. Wifi riêng từng tầng cực mạnh. Điện 4k/ kw, nước 120k/ người/ tháng. Wifi 100k/ phòng, rác 20k/ phòng. Miễn phí máy giặt, miễn phí vệ sinh hành lang cầu thang.",tromero,https://storage.googleapis.com/rental-room-c34cb.appspot.com/Rooms/5ZbvLzrN6CtpKjGuaOJf/0.png,3000,4000000,6000,20000,true,5ZbvLzrN6CtpKjGuaOJf,30,Audrey Thomas,cDNhMqVZdK6srgFaDDjE,A039,"https://www.google.com/maps/embed/v1/place?q=10.8032566,106.7163905&key=AIzaSyAMd45cCGHSmsM2a5APxYRdOwV8kX-4m40","Đường Nguyễn Gia Trí, Phường 25, Bình Thạnh, Hồ Chí Minh",https://storage.googleapis.com/rental-room-c34cb.appspot.com/Rooms/5ZbvLzrN6CtpKjGuaOJf/3.png,https://storage.googleapis.com/rental-room-c34cb.appspot.com/Rooms/5ZbvLzrN6CtpKjGuaOJf/4.png
https://storage.googleapis.com/rental-room-c34cb.appspot.com/Rooms/6iUK9Lno6nd0ky8WHhvQ/1.png,https://storage.googleapis.com/rental-room-c34cb.appspot.com/Rooms/6iUK9Lno6nd0ky8WHhvQ/2.png,(432)293-3906x79632,"018 Soto Mountain Suite 306
Cynthiamouth, MO 98780",Standard Room,samantha15@example.net,"Phòng xinh giá xịn khu K300 Tân Bình.Vị trí đắc địa: Đường C18 ngay khu K300, đi 2p ra Cộng Hoà, trường CĐ Y Khoa Phạm Ngọc Thạch, đường lớn, oto tới tận nhà.Có bảo vệ an ninh, thang máy, hầm xe.Có thể nấu ăn trong phòng.Giá 4tr1.Alo chốt phòng ngay thôi.",warrenjennifer,https://storage.googleapis.com/rental-room-c34cb.appspot.com/Rooms/6iUK9Lno6nd0ky8WHhvQ/0.png,2000,4099999,5000,20000,true,6iUK9Lno6nd0ky8WHhvQ,23,Carolyn Hughes Dds,pMG6GE22uZbmkUH0yyTh,A054,"https://www.google.com/maps/embed/v1/place?q=10.7977207,106.650792&key=AIzaSyAMd45cCGHSmsM2a5APxYRdOwV8kX-4m40","Đường Hoàng Kế Viêm, Phường 12, Tân Bình, Hồ Chí Minh",https://storage.googleapis.com/rental-room-c34cb.appspot.com/Rooms/6iUK9Lno6nd0ky8WHhvQ/3.png,
https://storage.googleapis.com/rental-room-c34cb.appspot.com/Rooms/78ooDgz5bkVfTAVLHQ4b/1.png,https://storage.googleapis.com/rental-room-c34cb.appspot.com/Rooms/78ooDgz5bkVfTAVLHQ4b/2.png,+1-291-622-4706x984,"PSC 4492, Box 1649
APO AA 08979",Standard Room,lisaprice@example.org,"Căn hộ dv mới Bình Thạnh.178 Nguyễn Văn Đậu, P7, Bình Thạnh.Mặt tiền đường, vân tay 2 lớp, di chuyển thang máy, nhà mới, nội thất mới zing.Diện tích phòng 10m², ban công 40m².Có sẵn máy lạnh + rèm.Giá chỉ 3tr5.LH 0374 545 *** - Mai.",tlindsey,https://storage.googleapis.com/rental-room-c34cb.appspot.com/Rooms/78ooDgz5bkVfTAVLHQ4b/0.png,3000,3500000,8000,20000,true,78ooDgz5bkVfTAVLHQ4b,50,Nicole Freeman,Vlx1yUZVPjkYKSTNVRFn,A111,"https://www.google.com/maps/embed/v1/place?q=10.8097752,106.6895727&key=AIzaSyAMd45cCGHSmsM2a5APxYRdOwV8kX-4m40","178, Đường Nguyễn Văn Đậu, Phường 7, Bình Thạnh, Hồ Chí Minh",https://storage.googleapis.com/rental-room-c34cb.appspot.com/Rooms/78ooDgz5bkVfTAVLHQ4b/3.png,
,,(995)703-5248x714,"251 Cody Key Suite 411
Sarahfurt, VI 10736",Standard Room,shawnchavez@example.org,"Phòng tại 33B Hà Bá Tường (cách ngã ba Trường Chinh - Đồng Đen 300m, mặt sau của đường Đồng Đen): Gần ngã tư Bảy Hiền, sân bay, giáp Q10, Q. Phú Nhuận, sân bay...Hiện nay có 2 loại phòng:1/ Loại 1: Giá phòng 3 triệu - 1/7 nhận phòng.2/ Loại 2: Giá phòng 3 triệu nhưng đang có 1 nam thanh niên 40t người miền nam đang ở để trông coi nhà trọ, nên cần tìm thêm 1 - 2 nam ở ghép để chia tiền phòng - (10/6 nhận phòng).- Nếu phòng chỉ ở 2 người thì giá 1.5 triệu/người.- Nếu phòng ở 3 người thì giá 1 triệu/người.Cả 2 loại: Trong phòng có: Máy lạnh, quạt treo tường, tủ áo, bếp, WC, kệ dép, kệ chén.. Các loại, chân bình nước.. Bồn cầu liền khối. Nhà mới.* Lưu ý:- Không chung chủ, tuyệt đối an ninh, sạch sẽ.- Điện 3.500/ký, nước máy giá nhà nước khoảng 30k/người/tháng.- Miễn phí: Tiền gửi xe, wifi, cáp tivi, rác.- Cọc 1 tháng.Chỉ nhận người thuê đàng hoàng - lịch sự, thuê lâu dài.* Xem phòng 24/24, tới trước nhà gọi số ĐT trên sẽ có BV mở cửa: 0902 666 ***ko nhắn zalo nhé).",dylancruz,https://storage.googleapis.com/rental-room-c34cb.appspot.com/Rooms/7GLCseg2wkvweqXP2FZq/0.png,2000,3000000,9000,20000,true,7GLCseg2wkvweqXP2FZq,25,Alyssa Ryan,D8sEn9bGu9YXTw06az6I,A135,"https://www.google.com/maps/embed/v1/place?q=10.7952704,106.645765&key=AIzaSyAMd45cCGHSmsM2a5APxYRdOwV8kX-4m40","33B, Đường Hà Bá Tường, Phường 12, Tân Bình, Hồ Chí Minh",,
https://storage.googleapis.com/rental-room-c34cb.appspot.com/Rooms/7Hhgg4USykrF2WYAMq4h/1.png,https://storage.googleapis.com/rental-room-c34cb.appspot.com/Rooms/7Hhgg4USykrF2WYAMq4h/2.png,+1-742-695-4242x55252,"233 Brenda Orchard
Stewarttown, ND 75179",Standard Room,ymaynard@example.net,"Khai trương dự án mới Quận 7.Địa chỉ: Bùi Văn Ba, Tân Thuận Đông, Quận 7.Kết cấu: Hầm + Trệt + 6 lầu.- Tổng: 69 phòng.+ Dạng Studio: 3tr - 3tr8.+ Dạng Duplex: 4tr2 - 5tr.- Thang máy.- Giặt phơi chung.--------------------------! Chính sách.- Điện: 3500/kWh - Nước: 100k/ng.- Xe: 120k/xe - Dv: 150k/phòng.- Tối đa 4ng - 2xe.- Nước ngoài: Ok.- Trẻ con: Ok.- Thủ cưng: Ok có cam kết.Liên hệ quản lý toà nhà xem phòng: 0922 778 ***",sabrina24,https://storage.googleapis.com/rental-room-c34cb.appspot.com/Rooms/7Hhgg4USykrF2WYAMq4h/0.png,3000,3500000,13000,20000,true,7Hhgg4USykrF2WYAMq4h,25,Beth Nunez,ACo9jpQ1xk8fEOcKnAow,A206,"https://www.google.com/maps/embed/v1/place?q=10.7505438,106.7359409&key=AIzaSyAMd45cCGHSmsM2a5APxYRdOwV8kX-4m40","Đường Bùi Văn Ba, Phường Tân Thuận Đông, Quận 7, Hồ Chí Minh",https://storage.googleapis.com/rental-room-c34cb.appspot.com/Rooms/7Hhgg4USykrF2WYAMq4h/3.png,https://storage.googleapis.com/rental-room-c34cb.appspot.com/Rooms/7Hhgg4USykrF2WYAMq4h/4.png
https://storage.googleapis.com/rental-room-c34cb.appspot.com/Rooms/7rqFEphDcFf17Y9Mxr0b/1.png,https://storage.googleapis.com/rental-room-c34cb.appspot.com/Rooms/7rqFEphDcFf17Y9Mxr0b/2.png,6605658388,"Unit 0956 Box 7996
DPO AA 16007",Standard Room,juanallen@example.org,"Cho thuê ký túc xá giá sinh viên, view đẹp, thoáng mát, đầy đủ tiện nghi sinh hoạt.Bao hết tất tần tật chi phí:- Giá chỉ từ 1.3tr - 1.6tr (tùy view, tùy số giường trong mỗi phòng).- Giá bao gồm: Điện, nước, máy lạnh, máy giặt, wifi,...- Đc: 249 Bình Quới, P28, Bình Thạnh.- Liên hệ: 0914 503 ***có zalo).-----------------Tiện ích cá nhân nhận được.- Giường tầng riêng tư, 1 bàn học tại giường, nệm drap gối, rèm che, 1 tủ quần áo riêng, ổ cắm sạc,...- Mỗi phòng có 2 WC riêng (phòng tắm đầy đủ vòi sen, gương, lavabor,... ).- Dịch vụ dọn vệ sinh định kỳ hàng tuần.- Không gian ăn uống, sinh hoạt chung thoáng mát.- Máy giặt được trang bị miễn phí.- Máy lọc nước uống trực tiếp.- An ninh và an toàn tuyệt đối vì có quản lý, bảo vệ và khoá vân tay, hệ thống camera quan sát.- Giờ giấc tự do, không chung chủ.- Bạn chung phòng là người có ý thức cao, văn minh, sạch sẽ.- Cần liên kết với các bạn sale phòng.Xin cảm ơn,",scott28,https://storage.googleapis.com/rental-room-c34cb.appspot.com/Rooms/7rqFEphDcFf17Y9Mxr0b/0.png,2000,1300000,15000,20000,true,7rqFEphDcFf17Y9Mxr0b,30,Marcia Bailey,tKQ8cyMyHqiTQAOnlAUt,A181,"https://www.google.com/maps/embed/v1/place?q=10.8248874,106.7340462&key=AIzaSyAMd45cCGHSmsM2a5APxYRdOwV8kX-4m40","249 Đường Bình Quới, Phường 28, Bình Thạnh, Hồ Chí Minh",https://storage.googleapis.com/rental-room-c34cb.appspot.com/Rooms/7rqFEphDcFf17Y9Mxr0b/3.png,https://storage.googleapis.com/rental-room-c34cb.appspot.com/Rooms/7rqFEphDcFf17Y9Mxr0b/4.png
https://storage.googleapis.com/rental-room-c34cb.appspot.com/Rooms/8A2GXme5EJMUCi2K6oOl/1.png,https://storage.googleapis.com/rental-room-c34cb.appspot.com/Rooms/8A2GXme5EJMUCi2K6oOl/2.png,+1-722-537-1515x31929,"67610 Webb Ferry
Sarastad, GA 57296",Standard Room,colleen95@example.com,"Vị trí: Số 16/2 Đường số 44, Phường Hiệp Bình Chánh, Quận Thủ Đức (gần Chợ Hiệp Bình).Thuộc khu vực trung tâm Thành phố Sài Gòn, với Đại lộ Phạm Văn Đồng bạn chỉ mất 5p đến Cầu Bình Triệu, Quận Bình Thạnh 5p, Sân Bay Tân Sơn Nhất 10p, Quận Gò Vấp 5p, đến Q1 cũng chỉ mất 15p.Điều đặc biệt nhất các nhà cho thuê khác không có được: Các căn hộ được thiết kế thông thoáng bên trong căn biệt thự, xung căn nhà là hành lanh rộng trồng cây xanh thoáng mát, tất cả được bao quanh bởi hàng rào cao, bạn ở đây chỉ mất 15p đến Q1 nhưng khi về nhà bạn được ở căn hộ nhìn ra sông Sài Gòn, hưởng không khí trong lành của thiên nhiên, tuy nhiên chỉ cần bước chân 100m bạn lại có ngay các tiện ích của TP HCM lớn nhất Việt Nam như Đại siêu thị Gigamall Coopmart 8000m², rạp chiếu phim, trung tâm Anh Ngữ, Vinmart, quán cà phê Coffee House, chợ, quán ăn, quán cơm, phở,.. La liệt trước mắt.Nằm ở trung tâm xung quanh là các trường Đại Học lớn: ĐH Công Nghiệp TP HCM, Cao đẳng Tài Chính Hải Quan, Đại Học Luật TPHCM, Đại Học Công Nghệ TPHCM, Đại Học Ngoại Thương, Đại Học Giao Thông Vận Tải, ĐH Sư Phạm Kỹ Thuật,Tiện nghi:- Mỗi căn căn hộ mini được thiết kế với bếp, toilet riêng, bồn rửa chén.- Mỗi phòng có trang bị cây phơi đồ thông minh, móc áo toilet, gương soi toilet,- Phòng nào cũng có cửa sổ hoặc ban công riêng thoáng mát.- Các phòng được bố trí riêng biệt trong tòa biệt thự, có sân vườn trồng hoa, cây cảnh. (Phòng chúng tôi không thiết kế theo dạng dãy bí bách truyền thống).- Khu vực an ninh, nhà có: Khóa cổng chính bằng SmartLock, khóa cổng nhà xe, khóa cổng hành lang, khóa riêng từng phòng, đảm bảo an ninhkhi đi làm.- Có camera an ninh 24/24 tại hành lang, nhà xe.- Có nhà để xe cực rộng, không sợ trầy xe.- Có wifi FPT tốc độ cao miễn phí.Đối tượng:- Phòng dành cho các bạn thích sống trong môi trường văn minh, sạch sẽ, yên tĩnh, an ninh: Ưu tiên cho thuê các bạn nữ, vợ chồng trẻ, gia đình,.- Không thích hợp cho các bạn: Thích nhậu, thích tụ tập bạn bè đông hát karraoke suốt đêm,Giá cả:- Căn 16m², ban công, wc, bếp riêng: Giá 2.400.000đ/tháng, ký hợp đồng 12th được giảm còn 2.200.000d/th cho 2 tháng đầu.- Căn 12m², cửa sổ nhìn ra vườn: Giá 2.200.000đ/tháng, ký hợp đồng 12th được giảm còn 2.000.000d/th cho 2 tháng đầu.- Căn 20m², ban công, wc, bếp riêng: Giá 2.800.000đ/tháng, ký hợp đồng 12th được giảm còn 2.400.000d/th cho 2 tháng đầu.- Phòng cho thuê dài hạn, ký hợp đồng ít nhất 6 tháng.- Đặt cọc 2 tháng - Hoàn trả 100% khi trả phòng. (Có thể chia ra đóng trong 2th đầu).- Wifi miễn phí - Nhà xe riêng miễn phí.- Điện 3.500 đồng/1kw.- Nước 15.000 đồng/ 1m3.- Rác 20.000 tháng.- Có lao công dọn vệ sinh khu vực sinh hoạt chung, phí: 30.000đ/th.Liên hệ trực tiếp chủ nhà: Mr Vũ 0352 226 ***",angela86,https://storage.googleapis.com/rental-room-c34cb.appspot.com/Rooms/8A2GXme5EJMUCi2K6oOl/0.png,3000,2000000,5000,20000,true,8A2GXme5EJMUCi2K6oOl,20,Jodi Thompson,KsMRUtULsEGI5cNfBWj4,A163,"https://www.google.com/maps/embed/v1/place?q=10.8496781,106.7315527&key=AIzaSyAMd45cCGHSmsM2a5APxYRdOwV8kX-4m40","Số 16/2, Đường 44, Phường Hiệp Bình Chánh, Thủ Đức, Hồ Chí Minh",https://storage.googleapis.com/rental-room-c34cb.appspot.com/Rooms/8A2GXme5EJMUCi2K6oOl/3.png,https://storage.googleapis.com/rental-room-c34cb.appspot.com/Rooms/8A2GXme5EJMUCi2K6oOl/4.png
https://storage.googleapis.com/rental-room-c34cb.appspot.com/Rooms/8Bc7Usq9diqSmj9mOrJE/1.png,https://storage.googleapis.com/rental-room-c34cb.appspot.com/Rooms/8Bc7Usq9diqSmj9mOrJE/2.png,(421)482-3173x8799,"USNS Mcdaniel
FPO AA 55712",Loft Room,timothy59@example.net,"Phòng cho thuê tầng trệt khu TRUNG SƠN.gần  Cầu Him Lam, Dương Bá Trạc Quận 8-Diện tích: 35m², cửa sổ rộng-Nội thất đầy đủ gồm:  Máy lạnh, tủ lạnh, tủ quần áo, kệ bếp nấu ăn, bàn ghế làm việc, giường nệm cao cấp,..-Phòng mới, đẹp, an ninh cao. Sử dụng khóa vân tay tiện lợi-Xung quanh có nhiều tiện ích như: Gần trường Đại Học ( Tôn Đức Thắng, RMit, Kinh Tế), ngân hàng, siêu thị, chợ, công viên, quán ăn, khu vui chơi,...-Giá thuê: 5 triệu/thángLiên hệ: 0938 021 *** A Sinh",baileyjacobs,https://storage.googleapis.com/rental-room-c34cb.appspot.com/Rooms/8Bc7Usq9diqSmj9mOrJE/0.png,2000,5000000,6000,20000,true,8Bc7Usq9diqSmj9mOrJE,35,April Sloan,YTZlFaRvpxY2Ak7euiAM,A169,"https://www.google.com/maps/embed/v1/place?q=10.730053901672363,106.68901824951172&key=AIzaSyAMd45cCGHSmsM2a5APxYRdOwV8kX-4m40","Dự án Trung Sơn, Xã Bình Hưng, Bình Chánh, Hồ Chí Minh",https://storage.googleapis.com/rental-room-c34cb.appspot.com/Rooms/8Bc7Usq9diqSmj9mOrJE/3.png,https://storage.googleapis.com/rental-room-c34cb.appspot.com/Rooms/8Bc7Usq9diqSmj9mOrJE/4.png
https://storage.googleapis.com/rental-room-c34cb.appspot.com/Rooms/8L04W3da0mdrL2eVBvmP/1.png,https://storage.googleapis.com/rental-room-c34cb.appspot.com/Rooms/8L04W3da0mdrL2eVBvmP/2.png,447.231.6974,"USS Gibson
FPO AP 09833",Loft Room,bryanjohnson@example.net,"STUDIO CỬA SỔ THOÁNG NGAY NGUYỄN ĐÌNH CHIỂU_PHÚ NHUẬNĐịa Chỉ : Nguyễn Đình Chiểu, Phú Nhuận 5tr Tiện ích:  Toà nhà thang máy 5 lầu, hầm xe, giặt ở lầu 5.  Tất cả cửa vân tay, thẻ từ, Camera hành lang, bãi xe rộng, vệ sinh hành lang, có máy giặt, phơi ở lầu 5, không gian mảng cây xanh, hẻm ô tô tận nhà. Khu vực trí thức, an ninh, yên tĩnh.- Chính sách dịch vụ và quy định của tòa nhà+ Điện : 4000/kwh+ Wifi, Quản lý : 150k/ phòng + Nước: 100k/ người+ Nuôi thú cưng thoải máiCall/zalo: 0394 973 ***Duy)",larryyoung,https://storage.googleapis.com/rental-room-c34cb.appspot.com/Rooms/8L04W3da0mdrL2eVBvmP/0.png,3000,5000000,10000,20000,true,8L04W3da0mdrL2eVBvmP,20,Bryan Woods,7YNVuCk78c0Mt4KbeVTQ,A098,"https://www.google.com/maps/embed/v1/place?q=10.8038786,106.6811704&key=AIzaSyAMd45cCGHSmsM2a5APxYRdOwV8kX-4m40","Đường Nguyễn Đình Chiểu, Phường 3, Phú Nhuận, Hồ Chí Minh",,
https://storage.googleapis.com/rental-room-c34cb.appspot.com/Rooms/98hNZmMHWBjj7uPZeK2B/1.png,https://storage.googleapis.com/rental-room-c34cb.appspot.com/Rooms/98hNZmMHWBjj7uPZeK2B/2.png,(973)853-6603x1301,"1632 Jessica Landing Suite 250
Lake Jonathonshire, GA 66547",Standard Room,lmiller@example.org,"Cho thuê phòng trọ nằm ở khu vực Trường Chinh, đối diện Khu Công nghiệp Tân Bình, gần chợ, trường. Giá 2.000.000 đồng/phòng.Đặc điểm phòng: Tổng diện tích sử dụng ~13m², nhà vệ sinh riêng.Phòng thích hợp với hộ gia đình, sinh viên, cán bộ công nhân viên.Nằm trong khu dân cư yên tĩnh, an ninh.Quý khách có nhu cầu vui lòng liên hệ Mr. Long 0937 760 ***.Hướng dẫn xem phòng:Địa chỉ: 45 Tân Trụ, P. 15, Q. Tân Bình, TP. HCM (Đối diện Khu Công nghiệp Tân Bình).",cheryl84,https://storage.googleapis.com/rental-room-c34cb.appspot.com/Rooms/98hNZmMHWBjj7uPZeK2B/0.png,3000,2000000,15000,20000,true,98hNZmMHWBjj7uPZeK2B,13,Christopher Leonard,nAHa9mKlfyTXA3DmAzEJ,A009,"https://www.google.com/maps/embed/v1/place?q=10.8241521,106.631623&key=AIzaSyAMd45cCGHSmsM2a5APxYRdOwV8kX-4m40","Hẻm 45, Đường Tân Trụ, Phường 15, Tân Bình, Hồ Chí Minh",https://storage.googleapis.com/rental-room-c34cb.appspot.com/Rooms/98hNZmMHWBjj7uPZeK2B/3.png,
https://storage.googleapis.com/rental-room-c34cb.appspot.com/Rooms/AL5cL8tJ5WDcRQqjiWfq/1.png,https://storage.googleapis.com/rental-room-c34cb.appspot.com/Rooms/AL5cL8tJ5WDcRQqjiWfq/2.png,675.936.4670,"25212 Morris Plains Suite 242
Port Jason, MP 72512",Standard Room,dixontimothy@example.org,"Căn hộ dịch vụ mini cho thuê ngay tại đường Văn Chung phường 13 quận Tân Bình.Đầy đủ nội thất: Máy lạnh tủ lạnh tủ quần áo bàn ghế nệm kệ bếp nấu ăn đầy đủ.Gần trục đường chính Hoàng Hoa thám cộng Hòa.Gần chợ trường học siêu thị thuận tiện đi lại các quận 3 Gò Vấp, Tân Bình, Tân Phú, Phú Nhuận.Tòa nhà có thang máy, máy giặt chung, wi - fi camera đầy đủ.",michael69,https://storage.googleapis.com/rental-room-c34cb.appspot.com/Rooms/AL5cL8tJ5WDcRQqjiWfq/0.png,2000,3800000,3000,20000,true,AL5cL8tJ5WDcRQqjiWfq,18,Courtney Ayala,7eAPTLEaJa4eixiLBD7Y,A015,"https://www.google.com/maps/embed/v1/place?q=10.807598,106.6460014&key=AIzaSyAMd45cCGHSmsM2a5APxYRdOwV8kX-4m40","Đường Văn Chung, Phường 13, Tân Bình, Hồ Chí Minh",https://storage.googleapis.com/rental-room-c34cb.appspot.com/Rooms/AL5cL8tJ5WDcRQqjiWfq/3.png,https://storage.googleapis.com/rental-room-c34cb.appspot.com/Rooms/AL5cL8tJ5WDcRQqjiWfq/4.png
,,906.591.5010,"USCGC Munoz
FPO AP 26619",Standard Room,robertgardner@example.com,"Phòng mới full nội thất.Giá: 4.000.000.------Nội thất: Giường, máy lạnh, nệm, gối, tủ đồ, máy giặt, máy sấy, bình siêu tốc, hệ thống nước nóng năng lượng mặt trời.Tiện ích: WC riêng, Có ban công thoáng mát, Wifi, dịch vụ dọn phòng hàng tháng.Không chung chủ, giờ giấc tự do, camera 24/24, Cửa khoá vân tay, xe để trong nhà,...Gần các hàng quán ăn,...Cam kết hình thật - phòng thật.------IB zalo 0905 738 ***An Điền).",gregory36,https://storage.googleapis.com/rental-room-c34cb.appspot.com/Rooms/AcKonDcKbBd9srJ8kJrT/0.png,3000,4000000,4000,20000,true,AcKonDcKbBd9srJ8kJrT,30,Alexandria Nolan,7Bh36pA58xbEBr7iyJoX,A223,"https://www.google.com/maps/embed/v1/place?q=10.7986519,106.6496801&key=AIzaSyAMd45cCGHSmsM2a5APxYRdOwV8kX-4m40","Đường A4, Phường 12, Tân Bình, Hồ Chí Minh",,
https://storage.googleapis.com/rental-room-c34cb.appspot.com/Rooms/B4ItVZxVAylYJmxfBLM4/1.png,https://storage.googleapis.com/rental-room-c34cb.appspot.com/Rooms/B4ItVZxVAylYJmxfBLM4/2.png,837-659-8926x477,"6725 Kathleen Manors Apt. 147
East Kaitlinview, IL 70102",Loft Room,qatkins@example.org,"* Địa chỉ: 108/8 Võ Duy Ninh, P. 22, Q. Bình Thạnh (gần đường Nguyễn Hữu Cảnh, cầu Thủ Thiêm).* Tiện ích:Gần nhiều trường đại học (Hutech, UEF, ngoại thương,... ).Máy giặt riêng từng phòng, sân phơi riêng.Cửa ra vào bằng vân tay.Giờ giấc tự do, không chung chủ.Có thang máy.Được nuôi pet.Không giới hạn số người ở.Nhiều tiện ích xung quanh.----Inbox hoặc liên hệ zalo 0855 746 ***Quyên) để xem phòng.",anthonyhernandez,https://storage.googleapis.com/rental-room-c34cb.appspot.com/Rooms/B4ItVZxVAylYJmxfBLM4/0.png,2000,7000000,11000,20000,true,B4ItVZxVAylYJmxfBLM4,25,Chad Schneider,3coyPqegZ1zsiXax6uHR,A141,"https://www.google.com/maps/embed/v1/place?q=10.7919266,106.716012&key=AIzaSyAMd45cCGHSmsM2a5APxYRdOwV8kX-4m40","108/8, Đường Võ Duy Ninh, Phường 22, Bình Thạnh, Hồ Chí Minh",https://storage.googleapis.com/rental-room-c34cb.appspot.com/Rooms/B4ItVZxVAylYJmxfBLM4/3.png,https://storage.googleapis.com/rental-room-c34cb.appspot.com/Rooms/B4ItVZxVAylYJmxfBLM4/4.png
https://storage.googleapis.com/rental-room-c34cb.appspot.com/Rooms/BGLRJW546SxNnhOCma2F/1.png,https://storage.googleapis.com/rental-room-c34cb.appspot.com/Rooms/BGLRJW546SxNnhOCma2F/2.png,217.787.3516x7702,"Unit 0669 Box 6418
DPO AE 85944",Standard Room,mford@example.com,"Khu dân cư yên tĩnh, hẻm xe hơi, gần chợ, cam kết khách vào sơn mới 100%.- Khuôn viên biệt thự mini, đẹp, thông thoáng.- Diện tích: 12 - 20m².- Nội thất: Giường, máy lạnh, tủ quần áo, bàn ghế (tùy phòng).- Giá thuê: 1.6tr - 1.9tr (tùy diện tích và máy lạnh).- Vệ sinh: Có lao công vệ sinh khu vực sinh hoạt chung, đảm bảo vệ sinh sạch sẽ.- Có camera an ninh giám sát.- Chi phí khác.+ Điện: 3.5k/kwh.+ Nước: 70k/người.+ Internet: 80k/tháng.+ Rác: 30k/tháng.- Đảm bảo không phát sinh thêm bất cứ chi phí nào.- Liên hệ: 0914 503 ***có zalo).",barrettdaniel,https://storage.googleapis.com/rental-room-c34cb.appspot.com/Rooms/BGLRJW546SxNnhOCma2F/0.png,2000,1600000,12000,20000,true,BGLRJW546SxNnhOCma2F,15,Gabriel Sosa,baTJug9hBzMt3zNsMg3E,A096,"https://www.google.com/maps/embed/v1/place?q=10.8867478,106.7238805&key=AIzaSyAMd45cCGHSmsM2a5APxYRdOwV8kX-4m40","201/8 Đường Ngô Chí Quốc, Phường Bình Chiểu, Thủ Đức, Hồ Chí Minh",https://storage.googleapis.com/rental-room-c34cb.appspot.com/Rooms/BGLRJW546SxNnhOCma2F/3.png,https://storage.googleapis.com/rental-room-c34cb.appspot.com/Rooms/BGLRJW546SxNnhOCma2F/4.png
https://storage.googleapis.com/rental-room-c34cb.appspot.com/Rooms/CsAuzfyhqdeRmO5EwHMo/1.png,https://storage.googleapis.com/rental-room-c34cb.appspot.com/Rooms/CsAuzfyhqdeRmO5EwHMo/2.png,793-251-9769x2231,"60026 Troy Ports Apt. 637
North Robert, VI 10510",Loft Room,patrick09@example.org,"Cho thuê căn hộ dịch vụ:- Diện tích: 30m², 50m² trung tâm Q1. Mặt tiền đường Cô Giang;- Gần ngã 3 Cô Giang - Hồ Hảo Hớn;- Gần ĐH Mở, ĐH Văn Lang;- Cách phố Tây Bùi Viện, Đề Thám 5 phút đi bộ;- Cách ĐL Võ Văn Kiệt, đường Trần Hưng Đạo 50m;- Cách chợ Bến Thành 1,5 km.- Nội thất: 1 P ngủ, giường, tủ lạnh, máy lạnh, bếp, lò vi sóng, vệ sinh, sân vườn đẹp.- Thoáng mát, sạch sẽ, giờ giấc tự do.- Thích hợp gia đình nhỏ, nhân viên văn phòng, Việt kiều, khách nước ngoài.- Giá thuê: Từ 5tr - 7tr/tháng.Liên hệ: 0983 181 ***",cherylwilliams,https://storage.googleapis.com/rental-room-c34cb.appspot.com/Rooms/CsAuzfyhqdeRmO5EwHMo/0.png,2000,5000000,8000,20000,true,CsAuzfyhqdeRmO5EwHMo,30,Krista Smith,3A5jd1GGNP9wGPCd6hTb,A017,"https://www.google.com/maps/embed/v1/place?q=10.7616235,106.6932433&key=AIzaSyAMd45cCGHSmsM2a5APxYRdOwV8kX-4m40","Đường Cô Giang, Phường Cô Giang, Quận 1, Hồ Chí Minh.",https://storage.googleapis.com/rental-room-c34cb.appspot.com/Rooms/CsAuzfyhqdeRmO5EwHMo/3.png,https://storage.googleapis.com/rental-room-c34cb.appspot.com/Rooms/CsAuzfyhqdeRmO5EwHMo/4.png
https://storage.googleapis.com/rental-room-c34cb.appspot.com/Rooms/CzeJRpKSJJPd0u93Jl5X/1.png,https://storage.googleapis.com/rental-room-c34cb.appspot.com/Rooms/CzeJRpKSJJPd0u93Jl5X/2.png,001-568-260-9604x707,"USNS Hubbard
FPO AE 34365",Loft Room,keith89@example.net,"- Phòng mới rộng 30 - 35m², WC trong phòng.- Giờ giấc tự do.- Chìa khoá riêng.- Xe hơi đón tận cửa.",deborah36,https://storage.googleapis.com/rental-room-c34cb.appspot.com/Rooms/CzeJRpKSJJPd0u93Jl5X/0.png,3000,6000000,6000,20000,true,CzeJRpKSJJPd0u93Jl5X,35,Angela Huff,OvSd922YzTev9co04Unj,A201,"https://www.google.com/maps/embed/v1/place?q=10.7808177,106.6760435&key=AIzaSyAMd45cCGHSmsM2a5APxYRdOwV8kX-4m40","Đường Cách Mạng Tháng Tám, Phường 10, Quận 3, Hồ Chí Minh",https://storage.googleapis.com/rental-room-c34cb.appspot.com/Rooms/CzeJRpKSJJPd0u93Jl5X/3.png,https://storage.googleapis.com/rental-room-c34cb.appspot.com/Rooms/CzeJRpKSJJPd0u93Jl5X/4.png
https://storage.googleapis.com/rental-room-c34cb.appspot.com/Rooms/D2yQi0OGpEg9lXe4paHN/1.png,https://storage.googleapis.com/rental-room-c34cb.appspot.com/Rooms/D2yQi0OGpEg9lXe4paHN/2.png,794-577-2019x14772,"915 Randy Village Apt. 719
Cobbberg, AL 71325",Standard Room,meganmiller@example.net,"Cho thuê ký túc xá giá sinh viên, view đẹp, thoáng mát, đầy đủ tiện nghi sinh hoạt.Bao hết tất tần tật chi phí:- Giá chỉ từ 1.3tr - 1.6tr (tùy view, tùy số giường trong mỗi phòng).- Giá bao gồm: Điện, nước, máy lạnh, máy giặt, wifi,...- Đc: 249 Bình Quới, P28, Bình Thạnh.- Liên hệ: 0914 503 ***có zalo).-----------------Tiện ích cá nhân nhận được.- Giường tầng riêng tư, 1 bàn học tại giường, nệm drap gối, rèm che, 1 tủ quần áo riêng, ổ cắm sạc,...- Mỗi phòng có 2 WC riêng (phòng tắm đầy đủ vòi sen, gương, lavabor,... ).- Dịch vụ dọn vệ sinh định kỳ hàng tuần.- Không gian ăn uống, sinh hoạt chung thoáng mát.- Máy giặt được trang bị miễn phí.- Máy lọc nước uống trực tiếp.- An ninh và an toàn tuyệt đối vì có quản lý, bảo vệ và khoá vân tay, hệ thống camera quan sát.- Giờ giấc tự do, không chung chủ.- Bạn chung phòng là người có ý thức cao, văn minh, sạch sẽ.- Cần liên kết với các bạn sale phòng.Xin cảm ơn,",mercerchristopher,https://storage.googleapis.com/rental-room-c34cb.appspot.com/Rooms/D2yQi0OGpEg9lXe4paHN/0.png,3000,1300000,8000,20000,true,D2yQi0OGpEg9lXe4paHN,30,Dana Johnson,Vf7QepXleOIeyTtfxL4E,A230,"https://www.google.com/maps/embed/v1/place?q=10.8248874,106.7340462&key=AIzaSyAMd45cCGHSmsM2a5APxYRdOwV8kX-4m40","249 Đường Bình Quới, Phường 28, Bình Thạnh, Hồ Chí Minh",https://storage.googleapis.com/rental-room-c34cb.appspot.com/Rooms/D2yQi0OGpEg9lXe4paHN/3.png,https://storage.googleapis.com/rental-room-c34cb.appspot.com/Rooms/D2yQi0OGpEg9lXe4paHN/4.png
https://storage.googleapis.com/rental-room-c34cb.appspot.com/Rooms/DfYJgwxYNnaqctVFX6Fx/1.png,https://storage.googleapis.com/rental-room-c34cb.appspot.com/Rooms/DfYJgwxYNnaqctVFX6Fx/2.png,001-466-235-7021,"3927 Macias Springs
Robinsonside, NH 78610",Standard Room,shannonvargas@example.org,"Phòng tại 33B Hà Bá Tường (cách ngã ba Trường Chinh - Đồng Đen 300m, mặt sau của đường Đồng Đen): Gần ngã tư Bảy Hiền, sân bay, giáp Q10, Q. Phú Nhuận, sân bay...Hiện nay có 2 loại phòng:1/ Loại 1: Giá phòng 3 triệu - 1/7 nhận phòng.2/ Loại 2: Giá phòng 3 triệu nhưng đang có 1 nam thanh niên 40t người miền nam đang ở để trông coi nhà trọ, nên cần tìm thêm 1 - 2 nam ở ghép để chia tiền phòng - (10/6 nhận phòng).- Nếu phòng chỉ ở 2 người thì giá 1.5 triệu/người.- Nếu phòng ở 3 người thì giá 1 triệu/người.Cả 2 loại: Trong phòng có: Máy lạnh, quạt treo tường, tủ áo, bếp, WC, kệ dép, kệ chén.. Các loại, chân bình nước.. Bồn cầu liền khối. Nhà mới.* Lưu ý:- Không chung chủ, tuyệt đối an ninh, sạch sẽ.- Điện 3.500/ký, nước máy giá nhà nước khoảng 30k/người/tháng.- Miễn phí: Tiền gửi xe, wifi, cáp tivi, rác.- Cọc 1 tháng.Chỉ nhận người thuê đàng hoàng - lịch sự, thuê lâu dài.* Xem phòng 24/24, tới trước nhà gọi số ĐT trên sẽ có BV mở cửa: 0902 666 ***Ko nhắn Zalo nhé).",bellis,https://storage.googleapis.com/rental-room-c34cb.appspot.com/Rooms/DfYJgwxYNnaqctVFX6Fx/0.png,2000,1500000,7000,20000,true,DfYJgwxYNnaqctVFX6Fx,25,Edward Hull,uTpzird3RhVGscNMSKaB,A137,"https://www.google.com/maps/embed/v1/place?q=10.7952704,106.645765&key=AIzaSyAMd45cCGHSmsM2a5APxYRdOwV8kX-4m40","33B, Đường Hà Bá Tường, Phường 12, Tân Bình, Hồ Chí Minh.",https://storage.googleapis.com/rental-room-c34cb.appspot.com/Rooms/DfYJgwxYNnaqctVFX6Fx/3.png,https://storage.googleapis.com/rental-room-c34cb.appspot.com/Rooms/DfYJgwxYNnaqctVFX6Fx/4.png
https://storage.googleapis.com/rental-room-c34cb.appspot.com/Rooms/Dzxsk6CNw2s06qhm42qO/1.png,https://storage.googleapis.com/rental-room-c34cb.appspot.com/Rooms/Dzxsk6CNw2s06qhm42qO/2.png,249-286-5081,"3088 Stephen Harbor
Port Colleen, MN 86508",Loft Room,julianhamilton@example.org,"Vị trí trung tâm tiện di chuyển sang các quận khác, gần chợ trung tâm thương mại lớn.Gần Điện Biên Phủ, cầu Thị Nghè, Trường Sa, Đại Học Kinh Tế Tài Chính TPHCM, Đại Học Hồng Bàng, ngã tư Hàng Xanh,...- Xung quanh có nhiều cửa hàng tiện lợi, chợ, siêu thị, khu ẩm thực,...Thuận tiện di chuyển quận 1,2,3, BT, 10.Tình trạng:- Full nội thất, phòng trống sẵn có thể dọn vào ở ngay.- Giờ giấc tự do, không chung chủ.- Khu vực an ninh, camera giám sát.- Hẻm oto.- Được nuôi pet và cam kết.- Máy giặt riêng từng phòng.Hệ thống mình còn rất nhiều căn hộ toạ lạc trên địa bàn TPHCM."" Nhận tìm phòng / căn hộ theo nhu cầu của khách hàng "".- Căn hộ 1 phòng ngủ.- Căn hộ 2 phòng ngủ.- Căn hộ studio.- Căn hộ duplex - Có Gác.- Căn hộ tách bếp.Và nhiều loại căn hộ khác nữa, Hỗ trợ tìm phòng theo yêu cầu của khách hàng về đặc điểm của căn hộ và vị trí đường mà khách hàng mong muốn với mức giá từ 5 triệu VNĐ.Hỗ trợ tìm phòng (Miễn Phí).",joseph69,https://storage.googleapis.com/rental-room-c34cb.appspot.com/Rooms/Dzxsk6CNw2s06qhm42qO/0.png,2000,6300000,14000,20000,true,Dzxsk6CNw2s06qhm42qO,25,Dr. Heather Romero,xzoSq5XrqXefS3Hzx9ul,A105,"https://www.google.com/maps/embed/v1/place?q=10.7939773,106.7055224&key=AIzaSyAMd45cCGHSmsM2a5APxYRdOwV8kX-4m40","Đường Phan Văn Hân, Phường 17, Bình Thạnh, Hồ Chí Minh",https://storage.googleapis.com/rental-room-c34cb.appspot.com/Rooms/Dzxsk6CNw2s06qhm42qO/3.png,https://storage.googleapis.com/rental-room-c34cb.appspot.com/Rooms/Dzxsk6CNw2s06qhm42qO/4.png
https://storage.googleapis.com/rental-room-c34cb.appspot.com/Rooms/E66qoWthZdknSpsDyuyC/1.png,https://storage.googleapis.com/rental-room-c34cb.appspot.com/Rooms/E66qoWthZdknSpsDyuyC/2.png,001-982-909-5320x348,"1852 Navarro Mountains Apt. 820
Goodmanberg, IN 53584",Loft Room,theresa61@example.org,"Vị trí trung tâm tiện di chuyển sang các quận khác, gần chợ trung tâm thương mại lớn.Gần ngã tư Hàng Xanh, gần các trường đại học Hutech, Hồng Bàng, Đao Kao,...- Xung quanh có nhiều cửa hàng tiện lợi, chợ, siêu thị, khu ẩm thực,...Thuận tiện di chuyển quận 1,3,2, GV, 10.Tình trạng:- Full nội thất, phòng trống sẵn có thể dọn vào ở ngay.- Giờ giấc tự do, không chung chủ.- Khu vực an ninh, camera giám sát.- Hẻm oto.- Được nuôi pet và cam kết.- Máy giặt riêng từng phòng.Hệ thống mình còn rất nhiều căn hộ toạ lạc trên địa bàn TPHCM."" Nhận tìm phòng / căn hộ theo nhu cầu của khách hàng "".- Căn hộ 1 phòng ngủ.- Căn hộ 2 phòng ngủ.- Căn hộ studio.- Căn hộ duplex - Có Gác.- Căn hộ tách bếp.Và nhiều loại căn hộ khác nữa, Hỗ trợ tìm phòng theo yêu cầu của khách hàng về đặc điểm của căn hộ và vị trí đường mà khách hàng mong muốn với mức giá từ 5 triệu VNĐ.Hỗ trợ tìm phòng (Miễn Phí).",jeremy86,https://storage.googleapis.com/rental-room-c34cb.appspot.com/Rooms/E66qoWthZdknSpsDyuyC/0.png,2000,7600000,11000,20000,true,E66qoWthZdknSpsDyuyC,35,Brittany Rush,onNVmsbqL3FgMvCnQNj8,A090,"https://www.google.com/maps/embed/v1/place?q=10.7978161,106.7049832&key=AIzaSyAMd45cCGHSmsM2a5APxYRdOwV8kX-4m40","Đường Điện Biên Phủ, Phường 15, Bình Thạnh, Hồ Chí Minh",https://storage.googleapis.com/rental-room-c34cb.appspot.com/Rooms/E66qoWthZdknSpsDyuyC/3.png,https://storage.googleapis.com/rental-room-c34cb.appspot.com/Rooms/E66qoWthZdknSpsDyuyC/4.png
https://storage.googleapis.com/rental-room-c34cb.appspot.com/Rooms/ED7u2sENb7U8qM3P3Zev/1.png,https://storage.googleapis.com/rental-room-c34cb.appspot.com/Rooms/ED7u2sENb7U8qM3P3Zev/2.png,+1-941-981-9068x505,"35357 Nicholas Light Apt. 514
West Jeremiah, NJ 73874",Loft Room,jmiller@example.com,"Vị trí trung tâm tiện di chuyển sang các quận khác, gần chợ trung tâm thương mại lớn.Gần Điện Biên Phủ, cầu Thị Nghè, Trường Sa, Đại Học Kinh Tế Tài Chính TPHCM, Đại Học Hồng Bàng, ngã tư Hàng Xanh,...- Xung quanh có nhiều cửa hàng tiện lợi, chợ, siêu thị, khu ẩm thực,...Thuận tiện di chuyển quận 1,2,3, BT, 10.Tình trạng:- Full nội thất, phòng trống sẵn có thể dọn vào ở ngay.- Giờ giấc tự do, không chung chủ.- Khu vực an ninh, camera giám sát.- Hẻm oto.- Được nuôi pet và cam kết.- Máy giặt riêng từng phòng.Hệ thống mình còn rất nhiều căn hộ toạ lạc trên địa bàn TPHCM."" Nhận tìm phòng / căn hộ theo nhu cầu của khách hàng "".- Căn hộ 1 phòng ngủ.- Căn hộ 2 phòng ngủ.- Căn hộ studio.- Căn hộ duplex - Có Gác.- Căn hộ tách bếp.Và nhiều loại căn hộ khác nữa, Hỗ trợ tìm phòng theo yêu cầu của khách hàng về đặc điểm của căn hộ và vị trí đường mà khách hàng mong muốn với mức giá từ 5 triệu VNĐ.Hỗ trợ tìm phòng (Miễn Phí).",jasonperry,https://storage.googleapis.com/rental-room-c34cb.appspot.com/Rooms/ED7u2sENb7U8qM3P3Zev/0.png,2000,6300000,9000,20000,true,ED7u2sENb7U8qM3P3Zev,25,Tammie Gutierrez,jVt6w6Ul61z7jD84lhsJ,A156,"https://www.google.com/maps/embed/v1/place?q=10.7939773,106.7055224&key=AIzaSyAMd45cCGHSmsM2a5APxYRdOwV8kX-4m40","Đường Phan Văn Hân, Phường 17, Bình Thạnh, Hồ Chí Minh",https://storage.googleapis.com/rental-room-c34cb.appspot.com/Rooms/ED7u2sENb7U8qM3P3Zev/3.png,https://storage.googleapis.com/rental-room-c34cb.appspot.com/Rooms/ED7u2sENb7U8qM3P3Zev/4.png
,,001-409-957-7950x023,"9073 Stuart Junction Apt. 748
Port Markside, ND 73087",Standard Room,davidjacobs@example.net,"Còn 1 phòng mới keng đầy đủ nội thất như hình cho thuê tại địa chỉ 183/58 Bùi Viện Q1 (đi hẻm 102 Cống Quỳnh vào được). Khu vực mát mẻ, giờ giấc tự do, không chung chủ thoải mái. Xe để trong nhà free.Giá 3,7 triệu/tháng (phòng ở tầng 1. Full nội thất máy lạnh, máy giặt, máy nước nóng, quạt trần + giường nệm + tủ lạnh... Vv). 2 cửa sổ lớn to đùng đón nắng + toilet riêng biệt trong phòng.Điện 4k/kgw, Nước 100/ng, xe + wifi + rác free. Không phát sinh chi phí.Ai có nhu cầu vui lòng IB hoặc LH 0838 999 ***",knelson,https://storage.googleapis.com/rental-room-c34cb.appspot.com/Rooms/EPXHkQqzRGCapf2a4ki8/0.png,3000,3700000,13000,20000,true,EPXHkQqzRGCapf2a4ki8,22,Christopher Wilson,ReFvpyPAunvl60ef4O3r,A198,"https://www.google.com/maps/embed/v1/place?q=10.7668154,106.6926528&key=AIzaSyAMd45cCGHSmsM2a5APxYRdOwV8kX-4m40","183/58, Đường Bùi Viện, Phường Phạm Ngũ Lão, Quận 1, Hồ Chí Minh",,
https://storage.googleapis.com/rental-room-c34cb.appspot.com/Rooms/EZTxqwMDBfEDxNqhtEbR/1.png,https://storage.googleapis.com/rental-room-c34cb.appspot.com/Rooms/EZTxqwMDBfEDxNqhtEbR/2.png,390.770.3952x78138,"83071 Hernandez Estates
New Shannon, SC 57319",Standard Room,yleon@example.net,"Cần cho thuê căn hộ cao cấp ngay tại đường Phạm Hùng nối dài, khu dân cư Đại Phúc, cách ĐH Văn Hiến 2km-Diện tích: 28m², nội thất mới và đầy đủ gồm: máy lạnh, giường nệm, bàn làm việc, tủ lạnh, tủ quần áo, kệ bếp nấu ăn, máy giặt,...- Nhà có thang máy, hầm để xe .Đường đường trước nhà rộng và thoáng-Khu vực yên tĩnh và rất an ninh, giờ giấc tự do, không chung chủ-Gần ngân hàng, chợ, siêu thị, quán cà phê, quán ăn, công viên vui chơi,..-Rất phù hợp cho sinh viên, nhân viên văn phòng, các cặp vợ chồng, nghề ngiệp tự do,..-Giá thuê: 4,7 triệu/thángLiên hệ: 0938 021 *** A Sinh",ntucker,https://storage.googleapis.com/rental-room-c34cb.appspot.com/Rooms/EZTxqwMDBfEDxNqhtEbR/0.png,2000,4700000,14000,20000,true,EZTxqwMDBfEDxNqhtEbR,28,Anthony Henson,c9wW3wMXK0VsLBE67SoD,A217,"https://www.google.com/maps/embed/v1/place?q=10.7263121,106.678868&key=AIzaSyAMd45cCGHSmsM2a5APxYRdOwV8kX-4m40","Đường Phạm Hùng, Phường 1, Quận 8, Hồ Chí Minh",https://storage.googleapis.com/rental-room-c34cb.appspot.com/Rooms/EZTxqwMDBfEDxNqhtEbR/3.png,https://storage.googleapis.com/rental-room-c34cb.appspot.com/Rooms/EZTxqwMDBfEDxNqhtEbR/4.png
https://storage.googleapis.com/rental-room-c34cb.appspot.com/Rooms/EwBTbTCGOWoBb1EbEEEW/1.png,https://storage.googleapis.com/rental-room-c34cb.appspot.com/Rooms/EwBTbTCGOWoBb1EbEEEW/2.png,(836)784-1413x53205,"888 Brown Rapids Apt. 065
New Josephfurt, MS 18270",Loft Room,nperry@example.net,"Bùi Đình Túy, Bình Thạnh.Tình trạng: 30/5 hoàn thiện.Nội thất: Full.- Điện 3.8k/số.- Nước 100/nguoi.- Dịch vụ 200/phòng (giặt chung, rác, wifi, vệ sinh chung).- Xe free 2c (chiếc thứ 3 thương lượng).",raymond42,https://storage.googleapis.com/rental-room-c34cb.appspot.com/Rooms/EwBTbTCGOWoBb1EbEEEW/0.png,2000,8000000,7000,20000,true,EwBTbTCGOWoBb1EbEEEW,70,Samantha Atkinson,zKTPtXNnWwKYiSh22AUy,A076,"https://www.google.com/maps/embed/v1/place?q=10.8078554,106.7039463&key=AIzaSyAMd45cCGHSmsM2a5APxYRdOwV8kX-4m40","Đường Bùi Đình Túy, Phường 24, Bình Thạnh, Hồ Chí Minh",https://storage.googleapis.com/rental-room-c34cb.appspot.com/Rooms/EwBTbTCGOWoBb1EbEEEW/3.png,https://storage.googleapis.com/rental-room-c34cb.appspot.com/Rooms/EwBTbTCGOWoBb1EbEEEW/4.png
https://storage.googleapis.com/rental-room-c34cb.appspot.com/Rooms/F0cscj5XTHKgU57T8bhy/1.png,https://storage.googleapis.com/rental-room-c34cb.appspot.com/Rooms/F0cscj5XTHKgU57T8bhy/2.png,+1-409-954-8982x0299,"9910 Hahn Knolls
Lake Eric, IL 86507",Standard Room,todd89@example.org,"Phòng 18m² gác cao, full nội thất.2 cửa sổ trời thông thoáng.Vị trí trên đường Nguyễn Văn Luông sầm uất, gần vòng xoay Phú Lâm, Co. Op mart, gần đại học kinh tế, đại học y dược, thuận tiện di chuyển Q5, Q10, Q3, Q1, Q8...Nhà xe, sân thượng, sân phơi rộng rãi.Đảm bảo an toàn PCCC.",fryejaclyn,https://storage.googleapis.com/rental-room-c34cb.appspot.com/Rooms/F0cscj5XTHKgU57T8bhy/0.png,3000,4700000,3000,20000,true,F0cscj5XTHKgU57T8bhy,18,Jessica Duarte,DTQEE6XFnGcypC4aTDjW,A032,"https://www.google.com/maps/embed/v1/place?q=10.7494237,106.6353159&key=AIzaSyAMd45cCGHSmsM2a5APxYRdOwV8kX-4m40","433/, Đường Nguyễn Văn Luông, Phường 12, Quận 6, Hồ Chí Minh",https://storage.googleapis.com/rental-room-c34cb.appspot.com/Rooms/F0cscj5XTHKgU57T8bhy/3.png,https://storage.googleapis.com/rental-room-c34cb.appspot.com/Rooms/F0cscj5XTHKgU57T8bhy/4.png
https://storage.googleapis.com/rental-room-c34cb.appspot.com/Rooms/FCAEPJQWscGwnzRM4jUi/1.png,https://storage.googleapis.com/rental-room-c34cb.appspot.com/Rooms/FCAEPJQWscGwnzRM4jUi/2.png,293.855.6989x661,"69227 Grant Fork
Wilsonview, AR 11957",Loft Room,sydneydiaz@example.org,"Cho thuê phòng diện tích 25m², giá 6,5 tr/th, cọc 2 thanh toán 1, địa chỉ: 308 Lê Văn Sỹ, Phường 14 Quận 3; sử dụng chung bếp, sân phơi đồ, nhà để xe.Đầy đủ tiện nghi.Liên hệ Mrs Trang 0945 571 ***",sharon36,https://storage.googleapis.com/rental-room-c34cb.appspot.com/Rooms/FCAEPJQWscGwnzRM4jUi/0.png,2000,6500000,14000,20000,true,FCAEPJQWscGwnzRM4jUi,25,Jennifer Rogers,fjdQHtuIyl0KBczTac76,A012,"https://www.google.com/maps/embed/v1/place?q=10.7881558,106.6772786&key=AIzaSyAMd45cCGHSmsM2a5APxYRdOwV8kX-4m40","308, Đường Lê Văn Sỹ, Phường 14, Quận 3, Hồ Chí Minh",https://storage.googleapis.com/rental-room-c34cb.appspot.com/Rooms/FCAEPJQWscGwnzRM4jUi/3.png,https://storage.googleapis.com/rental-room-c34cb.appspot.com/Rooms/FCAEPJQWscGwnzRM4jUi/4.png
https://storage.googleapis.com/rental-room-c34cb.appspot.com/Rooms/FnjUu83KXaLi2vhAcoeQ/1.png,https://storage.googleapis.com/rental-room-c34cb.appspot.com/Rooms/FnjUu83KXaLi2vhAcoeQ/2.png,001-266-442-2904,"368 Arnold Springs
Port Kimberlyfurt, ME 93054",Standard Room,cabreraanthony@example.org,"Phòng 3,3 triệu trống sẵn. Ngay mặt tiền đường Tạ Quang Bửu. Phường 4. Quận 8. Gần chung cư Topaz. Trường ĐH STU... Thuận tiện di chuyển qua các quận trung tâm.Nội thất có máy lạnh. Kệ bếp. Nệm.Giá 3,3 triệu chốt. Cọc 1 tháng thanh toán 1 tháng. HĐ 6 - 12 tháng.Điện 4k 1kw.Nước 100k/người.Xe wifi rác miến phí.Cho nấu ăn. Nuôi pet. Ko giới hạn người ở. Giờ giấc tự do. Ko chung chủ. Ra vào bằng khoá vân tay.Có sân thượng phơi đồ.Xem phòng liên hệ 948034591 trước 30 phút nhé xin cám ơn.",vhall,https://storage.googleapis.com/rental-room-c34cb.appspot.com/Rooms/FnjUu83KXaLi2vhAcoeQ/0.png,3000,3300000,13000,20000,true,FnjUu83KXaLi2vhAcoeQ,18,Caleb Blackwell,Gw5SWxlp3RF1SUvWGkcW,A061,"https://www.google.com/maps/embed/v1/place?q=10.7393906726555,106.675746839731&key=AIzaSyAMd45cCGHSmsM2a5APxYRdOwV8kX-4m40","Đường  Tạ Quang Bửu, Phường 4, Quận 8, Hồ Chí Minh",https://storage.googleapis.com/rental-room-c34cb.appspot.com/Rooms/FnjUu83KXaLi2vhAcoeQ/3.png,
https://storage.googleapis.com/rental-room-c34cb.appspot.com/Rooms/GAuaI0SSPTNV0vN3he09/1.png,https://storage.googleapis.com/rental-room-c34cb.appspot.com/Rooms/GAuaI0SSPTNV0vN3he09/2.png,+1-863-493-8745x6390,"9805 Hill Parkway Apt. 274
New Alex, MO 02804",Standard Room,tamaragreen@example.com,"Chính chủ cho thuê Phòng full nội thất 4.000.000đ Vị trí đắc địa: 9 Trần Văn Khánh, phường Tân Thuận Đông, quận 7 (ngay chân cầu tân thuận 1), gần KCX Tân thuận, gần Đại học Tài chính Marketing, Đh Nguyễn Tất Thành, sát bên chợ, rất gần qua Q4, Q1, Q8,..- Có NVS riêng trong phòng, máy nóng lạnh năng lượng mặt trời.- Máy lạnh mới tiết kiệm điện.- Có cửa sổ thoáng mát.- Tủ quần áo lớn.- Bàn làm việc, bàn trang điểm.- Được để xe free, có camera giám sát.- Khu vực an ninh, an toàn.- Giờ giấc đi lại tự do.- Có chỗ để xe thoải mái.- Máy giặt chung.Phòng full nội thất mới, chỉ cần xách vali xe đưa đến tận phòng vô ở luôn.Điện 3,8k/kg, nước 100k/người, phí dịch vụ (wifi + rác + giặt đồ + vệ sinh hành lang) 150k/ phòng.Liên hệ qua SĐT hoặc Zalo để xem phòng.(Hỗ trợ cọc).",boydanthony,https://storage.googleapis.com/rental-room-c34cb.appspot.com/Rooms/GAuaI0SSPTNV0vN3he09/0.png,2000,3500000,6000,20000,true,GAuaI0SSPTNV0vN3he09,25,Carl Higgins,tBfYzyissRxpyHFdn4jG,A151,"https://www.google.com/maps/embed/v1/place?q=10.756131,106.7229437&key=AIzaSyAMd45cCGHSmsM2a5APxYRdOwV8kX-4m40","9 Đường Trần Văn Khánh, Phường Tân Thuận Đông, Quận 7, Hồ Chí Minh",https://storage.googleapis.com/rental-room-c34cb.appspot.com/Rooms/GAuaI0SSPTNV0vN3he09/3.png,https://storage.googleapis.com/rental-room-c34cb.appspot.com/Rooms/GAuaI0SSPTNV0vN3he09/4.png
https://storage.googleapis.com/rental-room-c34cb.appspot.com/Rooms/GV265joouF79qk7lErIx/1.png,https://storage.googleapis.com/rental-room-c34cb.appspot.com/Rooms/GV265joouF79qk7lErIx/2.png,452-924-9359x3494,"0633 Jones Mills
Nielsenside, SC 35667",Standard Room,apatrick@example.com,"Chính chủ cho thuê phòng trọ cao cấp tại tòa nhà 66/13 Bình Lợi, P13, Q. Bình Thạnh.- Diện tích: 20m. Có máy lạnh.- Cửa sổ thoáng mát.- Nhà gần trường ĐH Văn Lang, trạm xe buýt 31, siêu thị Co. Op Food.- Toilet khép kín.- Chỗ để xe miễn phí (2 xe).- Internet wifi miễn phí.- Số lượng người ở: Max. 03 (02 xe máy).- Không nuôi Pet.- Giá cho thuê: 3.8tr/tháng.- Điện: 3.5k/kWh.- Nước: 25k/m3.Tel: 0357 857 ***",jcampbell,https://storage.googleapis.com/rental-room-c34cb.appspot.com/Rooms/GV265joouF79qk7lErIx/0.png,2000,3800000,11000,20000,true,GV265joouF79qk7lErIx,20,Oscar Chambers,GNbsy9pMBNDZoV5FsIq9,A029,"https://www.google.com/maps/embed/v1/place?q=10.8281889892955,106.706795909401&key=AIzaSyAMd45cCGHSmsM2a5APxYRdOwV8kX-4m40","66/13 Đường Bình Lợi, Phường 13, Bình Thạnh, Hồ Chí Minh",https://storage.googleapis.com/rental-room-c34cb.appspot.com/Rooms/GV265joouF79qk7lErIx/3.png,https://storage.googleapis.com/rental-room-c34cb.appspot.com/Rooms/GV265joouF79qk7lErIx/4.png
https://storage.googleapis.com/rental-room-c34cb.appspot.com/Rooms/GbJK7QiT6cppBPTDVOsf/1.png,https://storage.googleapis.com/rental-room-c34cb.appspot.com/Rooms/GbJK7QiT6cppBPTDVOsf/2.png,(649)845-8445x6000,"69761 Glenn Trail
Laurenchester, NC 05147",Standard Room,weaverelizabeth@example.net,"Cho thuê phòng trọ số 4 Dương Văn Dương, P. Sơn Kỳ, Q. Tân Phú.(Đối diện siêu thị Aeon Mall, gần chợ Sơn Kỳ).* Wifi - thang máy miễn phí, giờ giấc tự do.Tiện ích ưu điểm:- Có bảo vệ trông coi toà nhà 24/24.- Có thang máy (24/24h).- Có hệ thống camera đảm bảo an ninh tuyệt đối.- Trang bị hệ thống PCCC cả tòa nhà - hệ thống báo cháy từng phòng hiện đại.- Có hầm để xe - điện hành lang.- Có khu vực phơi đồ riêng biệt rất thông thoáng.- DT phòng: 40m² (có cửa sổ - gác lửng - WC riêng biệt).- Giá thuê: 2.900.000 triệu/tháng.Chi phí điện nước và dịch vụ:- Điện: 3.500/ KWH.- Nước: 7.000/m3.- Giữ xe máy: 100.000.- Rác: 15.000/phòng/tháng (khu để rác sạch sẽ - thông thoáng).Liên hệ: * (Chú Sơn) 0908 296 ***",amywilson,https://storage.googleapis.com/rental-room-c34cb.appspot.com/Rooms/GbJK7QiT6cppBPTDVOsf/0.png,2000,2900000,7000,20000,true,GbJK7QiT6cppBPTDVOsf,40,Jon Jenkins,p7F5voqKfAoSYZwQN8WU,A059,"https://www.google.com/maps/embed/v1/place?q=10.7982263,106.6166622&key=AIzaSyAMd45cCGHSmsM2a5APxYRdOwV8kX-4m40","Số 4, Đường Dương Văn Dương, Phường Sơn Kỳ, Tân Phú, Hồ Chí Minh",https://storage.googleapis.com/rental-room-c34cb.appspot.com/Rooms/GbJK7QiT6cppBPTDVOsf/3.png,https://storage.googleapis.com/rental-room-c34cb.appspot.com/Rooms/GbJK7QiT6cppBPTDVOsf/4.png
https://storage.googleapis.com/rental-room-c34cb.appspot.com/Rooms/HJOHvRsAWlzWEbzHM8Px/1.png,https://storage.googleapis.com/rental-room-c34cb.appspot.com/Rooms/HJOHvRsAWlzWEbzHM8Px/2.png,888-545-3118x934,"8161 Vasquez Bypass Suite 168
Lake Nicholas, UT 22433",Standard Room,eolson@example.net,"Phòng trọ bancol máy giặt riêng - full nội thất gần sân golf Tân Sơn Nhất.Tiện đi Q12 - Tân Bình - Q. Tân Phú - Gò Vấp.Địa chỉ: Phạm Văn Bạch, P. 15, Q. Tân Bình.Nội thất: Máy lạnh, giường nệm, giường nệm, tủ quần áo, kệ bếp, máy giặt riêng.Bancol: 5tr.Cửa sổ: 4,3tr.Gần Etown, chợ Phạm Văn Bạch, cầu Tham Lương, Sân Golf Tân Sơn Nhất.Chính sách dịch vụ và quy định của Toà nhà:+ Điện: 3,5k.+ Nước 100k/ng.Bạn đang cần tìm thuê Phòng Giá Rẻ.Hãy để chúng tôi giải quyết nhu cầu của bạn một cách nhanh gọn và chuyên nghiệp nhất.",tiffany07,https://storage.googleapis.com/rental-room-c34cb.appspot.com/Rooms/HJOHvRsAWlzWEbzHM8Px/0.png,2000,4300000,3000,20000,true,HJOHvRsAWlzWEbzHM8Px,26,John Bailey,uxfpAJ4lITgTbgggHHzx,A222,"https://www.google.com/maps/embed/v1/place?q=10.825524,106.6403064&key=AIzaSyAMd45cCGHSmsM2a5APxYRdOwV8kX-4m40","Đường Phạm Văn Bạch, Phường 15, Tân Bình, Hồ Chí Minh",https://storage.googleapis.com/rental-room-c34cb.appspot.com/Rooms/HJOHvRsAWlzWEbzHM8Px/3.png,https://storage.googleapis.com/rental-room-c34cb.appspot.com/Rooms/HJOHvRsAWlzWEbzHM8Px/4.png
https://storage.googleapis.com/rental-room-c34cb.appspot.com/Rooms/HpJd2w8HYj0xl3v7JlKQ/1.png,https://storage.googleapis.com/rental-room-c34cb.appspot.com/Rooms/HpJd2w8HYj0xl3v7JlKQ/2.png,831-916-2335x232,"9959 Steven Gardens Suite 058
Vaughnmouth, MT 71615",Loft Room,dianafrazier@example.com,"Căn hộ nằm gần Phạm Văn Đồng, gần Văn Lang CS2, gần Nơ Trang Long, Nguyễn Văn Đậu, Chợ Bà Chiểu, Emart Gò Vấp.Căn hộ studio 25m² - cửa sổ siêu thoáng.Không chung chủ, giờ giấc tự do.Khu vực văn minh, an ninh.Full nội thất như mới.Điện: 4000/1kwh.Nước: 100k/ người.Xe: Free.Dịch vụ: 150k/ tháng (đã bao gồm phí an ninh, wifi, rác, vệ sinh,... ).Liên hệ Zalo 0936 785 ***Duy Khánh) để được tư vấn, hỗ trợ tìm phòng và thương lượng giá tốt nhất.Hệ thống căn hộ dịch vụ MQ House - Chuyên cho thuê căn hộ tại Thành phố Hồ Chí Minh.Luôn có sẵn trên 2000 phòng trống trong các phân khúc từ 5.000.000/ tháng - trên 20.000.000/ tháng.Liên hệ Zalo 0936 785 ***Duy Khánh) để được:- Tư vấn tận tình 24/7.- Hỗ trợ tìm phòng đúng với nhu cầu.- Thương lượng giá cả tốt nhất khi thuê dài hạn.- Nhận được nhiều ưu đãi và khuyến mãi khi thuê phòng.",kennethmartinez,https://storage.googleapis.com/rental-room-c34cb.appspot.com/Rooms/HpJd2w8HYj0xl3v7JlKQ/0.png,2000,5200000,13000,20000,true,HpJd2w8HYj0xl3v7JlKQ,25,Thomas Nelson,6bfTfj7OQV8jgg1rXTXA,A144,"https://www.google.com/maps/embed/v1/place?q=10.8159197,106.6952001&key=AIzaSyAMd45cCGHSmsM2a5APxYRdOwV8kX-4m40","Đường Phan Văn Trị, Phường 11, Bình Thạnh, Hồ Chí Minh",https://storage.googleapis.com/rental-room-c34cb.appspot.com/Rooms/HpJd2w8HYj0xl3v7JlKQ/3.png,https://storage.googleapis.com/rental-room-c34cb.appspot.com/Rooms/HpJd2w8HYj0xl3v7JlKQ/4.png
https://storage.googleapis.com/rental-room-c34cb.appspot.com/Rooms/I6IQ4iHVuTTPucUoHPln/1.png,https://storage.googleapis.com/rental-room-c34cb.appspot.com/Rooms/I6IQ4iHVuTTPucUoHPln/2.png,419.411.6894x053,"06394 Johnson Mountains
Wilsonhaven, NJ 88651",Standard Room,david10@example.net,"* Tòa nhà mặt tiền: Có nhiều phòng để lựa chọn dùng làm văn phòng, căn hộ gia đình ở chung, phòng cho sinh viên hoặc nhân viên văn phòng thuê.- Vị trí: Mặt tiền đường số 363 Phạm Văn Bạch, P. 15, Quận Tân Bình.- Nhà vừa mới xây xong, nội thất cao cấp 100%.- Giao thông thuận tiện qua lại giữa các quận trong TP: Quận 1, quận 3, quận 10, quận 12, Tân Bình, Tân Phú, Phú Nhuận, Gò Vấp,..- Mặt tiền rộng rãi có gác, có cửa sổ thoáng mát, có ban công.- Có bệ bếp nấu ăn, vệ sinh riêng từng phòng, đồng hồ điện nước riêng.- Internet cáp quang tốc độ cao, truyền hình cáp.- Tòa nhà có chỗ để xe rộng rãi, thang máy thuận tiện, camera giám sát an ninh, bảo vệ 24/24, đặc biệt giờ giấc tự do không chung chủ. Phía trên sân thượng dùng để phơi đồ, ngắm cảnh sân bay Tân Sơn Nhất.- Tiện ích xung quanh: Gần ngay chợ, trường học, công viên xanh, siêu thị Coop Mart, trung tâm CGV Pandora City, ngân hàng, sân bay Tân Sơn Nhất, công viên Phần mềm Quang Trung, sân golf...- Lợi ích khi các bạn sở hữu căn hộ dịch vụ của chúng tôi: Giá phòng luôn cố định không tăng giá.- Với diện tích phòng từ 20 - 30m² nhưng giá chỉ 2tr3, 2tr5/tháng ưu tiên hợp đồng dài hạn không tăng giá.- Nhanh tay liên hệ số 0972 920 *** gặp anh Thịnh (chủ nhà).",myersmason,https://storage.googleapis.com/rental-room-c34cb.appspot.com/Rooms/I6IQ4iHVuTTPucUoHPln/0.png,3000,2300000,5000,20000,true,I6IQ4iHVuTTPucUoHPln,25,Andrea Pena,2TzHXDJjMpgt9kJpgMXD,A023,"https://www.google.com/maps/embed/v1/place?q=10.828455,106.641155&key=AIzaSyAMd45cCGHSmsM2a5APxYRdOwV8kX-4m40","Số 363, Đường Phạm Văn Bạch, Phường 15, Tân Bình, Hồ Chí Minh",https://storage.googleapis.com/rental-room-c34cb.appspot.com/Rooms/I6IQ4iHVuTTPucUoHPln/3.png,
https://storage.googleapis.com/rental-room-c34cb.appspot.com/Rooms/IYC5QeWKNbr5XlyWhaJt/1.png,https://storage.googleapis.com/rental-room-c34cb.appspot.com/Rooms/IYC5QeWKNbr5XlyWhaJt/2.png,545.911.8261x75538,"4333 White Underpass Suite 490
West Charles, AK 93841",Loft Room,victoriaburnett@example.net,"Vị trí trung tâm tiện di chuyển sang các quận khác, gần chợ trung tâm thương mại lớn.Gần Học Viện Cán Bộ, Bùi Đình Túy, Lê Quang Định, Phan Văn Trị, Chu Văn An,...- Xung quanh có nhiều cửa hàng tiện lợi, chợ, siêu thị, khu ẩm thực,...Thuận tiện di chuyển quận 1,3,BT, GV, 10.Tình trạng:- Full nội thất, phòng trống sẵn có thể dọn vào ở ngay.- Giờ giấc tự do, không chung chủ.- Khu vực an ninh, camera giám sát.- Hẻm oto.- Được nuôi pet và cam kết.- Máy giặt riêng từng phòng.Hệ thống mình còn rất nhiều căn hộ toạ lạc trên địa bàn TPHCM."" Nhận tìm phòng / căn hộ theo nhu cầu của khách hàng "".- Căn hộ 1 phòng ngủ.- Căn hộ 2 phòng ngủ.- Căn hộ studio.- Căn hộ duplex - Có Gác.- Căn hộ tách bếp.Và nhiều loại căn hộ khác nữa, Hỗ trợ tìm phòng theo yêu cầu của khách hàng về đặc điểm của căn hộ và vị trí đường mà khách hàng mong muốn với mức giá từ 5 triệu VNĐ.Hỗ trợ tìm phòng (Miễn Phí).",jennifermarquez,https://storage.googleapis.com/rental-room-c34cb.appspot.com/Rooms/IYC5QeWKNbr5XlyWhaJt/0.png,3000,5700000,6000,20000,true,IYC5QeWKNbr5XlyWhaJt,25,Julie Velazquez,DBvMJuOB0hBeczetPGPi,A184,"https://www.google.com/maps/embed/v1/place?q=10.7729797,106.7051191&key=AIzaSyAMd45cCGHSmsM2a5APxYRdOwV8kX-4m40","Đường Ngô Đức Kế, Phường 12, Bình Thạnh, Hồ Chí Minh",https://storage.googleapis.com/rental-room-c34cb.appspot.com/Rooms/IYC5QeWKNbr5XlyWhaJt/3.png,https://storage.googleapis.com/rental-room-c34cb.appspot.com/Rooms/IYC5QeWKNbr5XlyWhaJt/4.png
,,+1-327-929-7621x69947,"284 Bryan Centers Apt. 367
Wilkinsonhaven, ID 03576",Standard Room,ykennedy@example.net,"Còn 1 phòng như hình cho thuê tại địa chỉ 115/52A Trần Đình Xu Q1 (Ngay Bộ Công An TP). Không chung chủ, giờ giấc tự do, nhu nội bộ riêng biệt an toàn. Xe để trong nhà Free.Giá 1tr9 (phòng ở tầng 3. Cho nấu ăn trước phòng, nước nóng, quạt, máy giặt chung, cửa sổ... Vv). Phòng lầu 3 sử dụng tolet chung ở lầu 2. Hỗ trợ nội thất theo yêu cầu tính phí.Điện 4k, nước 100/ng, xe + wifi + rác free, không phát sinh chi phí. Ai có nhu cầu vui lòng IB hoặc liên hệ 0838 999 ***",christopher00,https://storage.googleapis.com/rental-room-c34cb.appspot.com/Rooms/JFG5PCdrQLeNRCRr0zZu/0.png,2000,1900000,11000,20000,true,JFG5PCdrQLeNRCRr0zZu,12,Robert Burnett,5gfDisxlQTCvLcGhJFsX,A123,"https://www.google.com/maps/embed/v1/place?q=10.7613928,106.6901455&key=AIzaSyAMd45cCGHSmsM2a5APxYRdOwV8kX-4m40","115/52A, Đường Trần Đình Xu, Phường Nguyễn Cư Trinh, Quận 1, Hồ Chí Minh",,
https://storage.googleapis.com/rental-room-c34cb.appspot.com/Rooms/JaCMElOyhlt8jDstvajY/1.png,https://storage.googleapis.com/rental-room-c34cb.appspot.com/Rooms/JaCMElOyhlt8jDstvajY/2.png,001-629-474-3380x48058,"771 Robinson Rapid Suite 839
Conradberg, ME 11263",Standard Room,craigbishop@example.com,"Cho thuê phòng trọ 546/12 Nguyễn Văn Quá, P. Đông Hưng Thuận, Q12. Phòng rộng, có ban công, gác lửng, gần siêu thị, trường học, ngân hàng, chợ.Liên hệ: 0899 782 *** - Mr. Thịnh.Zalo 0899 782 ***.",keithrogers,https://storage.googleapis.com/rental-room-c34cb.appspot.com/Rooms/JaCMElOyhlt8jDstvajY/0.png,3000,1800000,14000,20000,true,JaCMElOyhlt8jDstvajY,14,Brian Peters,wsYGdF7Kh3vS4paGvhcy,A077,"https://www.google.com/maps/embed/v1/place?q=10.8420845,106.6305882&key=AIzaSyAMd45cCGHSmsM2a5APxYRdOwV8kX-4m40","546/12 Đường Nguyễn Văn Quá, Phường Đông Hưng Thuận, Quận 12, Hồ Chí Minh",https://storage.googleapis.com/rental-room-c34cb.appspot.com/Rooms/JaCMElOyhlt8jDstvajY/3.png,https://storage.googleapis.com/rental-room-c34cb.appspot.com/Rooms/JaCMElOyhlt8jDstvajY/4.png
https://storage.googleapis.com/rental-room-c34cb.appspot.com/Rooms/KRSxQrWPsnzn9E9AZd8K/1.png,https://storage.googleapis.com/rental-room-c34cb.appspot.com/Rooms/KRSxQrWPsnzn9E9AZd8K/2.png,485.580.2026,"43935 Brown Gateway Apt. 337
South James, FM 86202",Standard Room,agreen@example.net,"Cho thuê phòng trọ giá bình dân. Phòng mới xây, rất đẹp.Gồm: Có toilet riêng sạch sẽ, có máy nước nóng năng lượng mặt trời, có ban công.Rất thuận tiện đi lại, nhà gần, Lotte Mart, các trường đại học lớn...DT đa dạng: 15m², 18m², 20m², 25m².Giá thuê từ 1.8tr/phòng đến 2.3tr, 2.6tr, 3tr/tháng. LH chính chủ 0972 920 ***",rachelclark,https://storage.googleapis.com/rental-room-c34cb.appspot.com/Rooms/KRSxQrWPsnzn9E9AZd8K/0.png,2000,1800000,9000,20000,true,KRSxQrWPsnzn9E9AZd8K,15,Willie Whitehead,JI0q3ndas3HsLQhhDnGY,A021,"https://www.google.com/maps/embed/v1/place?q=10.8386581,106.6693922&key=AIzaSyAMd45cCGHSmsM2a5APxYRdOwV8kX-4m40","350/1, Đường Nguyễn Văn Lượng, Phường 16, Gò Vấp, Hồ Chí Minh",https://storage.googleapis.com/rental-room-c34cb.appspot.com/Rooms/KRSxQrWPsnzn9E9AZd8K/3.png,https://storage.googleapis.com/rental-room-c34cb.appspot.com/Rooms/KRSxQrWPsnzn9E9AZd8K/4.png
https://storage.googleapis.com/rental-room-c34cb.appspot.com/Rooms/KVctgJrJINLUizdlOU0Z/1.png,https://storage.googleapis.com/rental-room-c34cb.appspot.com/Rooms/KVctgJrJINLUizdlOU0Z/2.png,(549)507-2079,"072 Leslie Rue Apt. 966
Tinaberg, AS 28277",Loft Room,medinatara@example.net,"Bùi Đình Túy, Bình Thạnh.Tình trạng: 30/5 hoàn thiện.Nội thất: Full.- Điện 3.8k/số.- Nước 100/nguoi.- Dịch vụ 200/phòng (giặt chung, rác, wifi, vệ sinh chung).- Xe free 2c (chiếc thứ 3 thương lượng).",dianemendoza,https://storage.googleapis.com/rental-room-c34cb.appspot.com/Rooms/KVctgJrJINLUizdlOU0Z/0.png,2000,8000000,9000,20000,true,KVctgJrJINLUizdlOU0Z,70,Joshua Chandler,2nZd8S0uj9fXL3CgCeJY,A126,"https://www.google.com/maps/embed/v1/place?q=10.8078554,106.7039463&key=AIzaSyAMd45cCGHSmsM2a5APxYRdOwV8kX-4m40","Đường Bùi Đình Túy, Phường 24, Bình Thạnh, Hồ Chí Minh",https://storage.googleapis.com/rental-room-c34cb.appspot.com/Rooms/KVctgJrJINLUizdlOU0Z/3.png,https://storage.googleapis.com/rental-room-c34cb.appspot.com/Rooms/KVctgJrJINLUizdlOU0Z/4.png
https://storage.googleapis.com/rental-room-c34cb.appspot.com/Rooms/KkE7H2hNrFq8hODowTnY/1.png,https://storage.googleapis.com/rental-room-c34cb.appspot.com/Rooms/KkE7H2hNrFq8hODowTnY/2.png,816-688-9606,"9872 Dillon Fork
Austinberg, WA 60352",Standard Room,katie32@example.com,"- Ban công dài, rộng nhất thị trường.- Phòng ngủ riêng, phòng bếp riêng.- Nhà siêu thoáng, có cửa sổ.- Thuê cả tầng, Wc riêng, có thang máy, bãi giữ xe.",ijenkins,https://storage.googleapis.com/rental-room-c34cb.appspot.com/Rooms/KkE7H2hNrFq8hODowTnY/0.png,2000,4000000,13000,20000,true,KkE7H2hNrFq8hODowTnY,25,Jason Phillips,gElDQ0xICExcAxE9xfYN,A159,"https://www.google.com/maps/embed/v1/place?q=10.8163542,106.7203731&key=AIzaSyAMd45cCGHSmsM2a5APxYRdOwV8kX-4m40","Đường Thanh Đa, Phường 27, Bình Thạnh, Hồ Chí Minh",https://storage.googleapis.com/rental-room-c34cb.appspot.com/Rooms/KkE7H2hNrFq8hODowTnY/3.png,https://storage.googleapis.com/rental-room-c34cb.appspot.com/Rooms/KkE7H2hNrFq8hODowTnY/4.png
https://storage.googleapis.com/rental-room-c34cb.appspot.com/Rooms/L3w3AFkJn0qxyROAD77a/1.png,https://storage.googleapis.com/rental-room-c34cb.appspot.com/Rooms/L3w3AFkJn0qxyROAD77a/2.png,+1-945-341-4272,"282 Garcia Creek
Dennisport, IN 13016",Loft Room,xgreene@example.com,"Vị trí trung tâm tiện di chuyển sang các quận khác, gần chợ trung tâm thương mại lớn.Gần Lê Văn Sỹ, Trường Sa, Huỳnh Văn Bánh, Nguyễn Văn Trỗi,...- Xung quanh có nhiều cửa hàng tiện lợi, chợ, siêu thị, khu ẩm thực,...Thuận tiện di chuyển quận 1, TB, BT, GV, 10.Tình trạng:- Full nội thất, phòng trống sẵn có thể dọn vào ở ngay.- Giờ giấc tự do, không chung chủ.- Khu vực an ninh, camera giám sát.- Hẻm ô tô.- Được nuôi pet và cam kết.- Máy giặt riêng từng phòng.Hệ thống mình còn rất nhiều căn hộ toạ lạc trên địa bàn TPHCM."" Nhận tìm phòng theo nhu cầu của khách hàng "".- Phòng 1 phòng ngủ.- Phòng 2 phòng ngủ.- Phòng studio.- Phòng duplex - Có Gác.- Phòng tách bếp.Và nhiều loại căn hộ khác nữa, hỗ trợ tìm phòng theo yêu cầu của khách hàng về đặc điểm của phòng và vị trí đường mà khách hàng mong muốn với mức giá từ 5 triệu VNĐ.Hỗ trợ tìm phòng (miễn phí).",zthomas,https://storage.googleapis.com/rental-room-c34cb.appspot.com/Rooms/L3w3AFkJn0qxyROAD77a/0.png,3000,5800000,9000,20000,true,L3w3AFkJn0qxyROAD77a,25,Cameron Schmidt,9Pxt5cObRV3jysDKcoLM,A146,"https://www.google.com/maps/embed/v1/place?q=10.7869494,106.6783027&key=AIzaSyAMd45cCGHSmsM2a5APxYRdOwV8kX-4m40","Đường Trần Quang Diệu, Phường 13, Quận 3, Hồ Chí Minh",https://storage.googleapis.com/rental-room-c34cb.appspot.com/Rooms/L3w3AFkJn0qxyROAD77a/3.png,https://storage.googleapis.com/rental-room-c34cb.appspot.com/Rooms/L3w3AFkJn0qxyROAD77a/4.png
https://storage.googleapis.com/rental-room-c34cb.appspot.com/Rooms/LIB3o9pkiZiNMiZ3NiMB/1.png,https://storage.googleapis.com/rental-room-c34cb.appspot.com/Rooms/LIB3o9pkiZiNMiZ3NiMB/2.png,+1-320-797-2317x78810,"9874 Thomas Brooks
West Tammystad, CO 94819",Standard Room,robertthompson@example.com,"Cho thuê phòng rộng hẻm 1041 Trần Xuân Soạn, gần cầu Nguyễn Văn Cừ.D/C: 1041/23, đường Trần Xuân Soạn, P. Tân Hưng, quận 7.Vị trí:- Gần siêu thị Lottemart.- Gần trường đại học Tôn Đức Thắng, đại học RMIT, ĐH KHTN, Sư phạm.- Gần trạm xe bus.- Tiện di chuyển vào các Quận trung tâm.- Khu vực khô ráo, không bị ngập nước.Tiện ích:- Giờ giấc tự do, chìa khóa khóa vân tay 2 lớp cửa ra vào riêng an ninh.- Camera trong nhà và sân.- Phòng có nội thất cơ bản: Máy lạnh, tủ lạnh, tủ quần áo, toilet riêng, nước nóng lạnh.Giá: Chỉ từ 3.900.000/ phòng. LH: A Bình chủ nhà zalo/sđt.Liên hệ ngay: 0939 104 ***",veronicagraham,https://storage.googleapis.com/rental-room-c34cb.appspot.com/Rooms/LIB3o9pkiZiNMiZ3NiMB/0.png,2000,3900000,5000,20000,true,LIB3o9pkiZiNMiZ3NiMB,20,Paul Willis,dvdjUVusRzP0a4TBXBnb,A182,"https://www.google.com/maps/embed/v1/place?q=10.7496776395753,106.692156448175&key=AIzaSyAMd45cCGHSmsM2a5APxYRdOwV8kX-4m40","1041/23, Phố Trần Xuân Soạn, Phường Tân Hưng, Quận 7, Hồ Chí Minh",https://storage.googleapis.com/rental-room-c34cb.appspot.com/Rooms/LIB3o9pkiZiNMiZ3NiMB/3.png,https://storage.googleapis.com/rental-room-c34cb.appspot.com/Rooms/LIB3o9pkiZiNMiZ3NiMB/4.png
https://storage.googleapis.com/rental-room-c34cb.appspot.com/Rooms/LM4qnEwdhXUKncNI35L6/1.png,https://storage.googleapis.com/rental-room-c34cb.appspot.com/Rooms/LM4qnEwdhXUKncNI35L6/2.png,814-349-6191,"057 Thomas Prairie Suite 622
Port Joshua, MP 18762",Standard Room,jameslynch@example.net,"- Nhà mới, phòng 22m² đẹp.- Có mặt thoáng ánh sáng và không khí tự nhiên.- Khu vực yên tĩnh, hẻm rộng, cách đường lớn không xa, gần chợ.- Có máy lạnh, kệ bếp, nước nóng lạnh.- Khu vệ sinh riêng, lô gia phơi quần áo riêng.- Có chỗ để xe máy miễn phí.- Cửa vân tay ra vào an ninh, không hạn chế thời gian đi về.- Không phí dịch vụ, điện 3.000 đồng / kWh.",nmckee,https://storage.googleapis.com/rental-room-c34cb.appspot.com/Rooms/LM4qnEwdhXUKncNI35L6/0.png,2000,4000000,12000,20000,true,LM4qnEwdhXUKncNI35L6,22,Dana Smith,VSoI0F1jQ0yJI9RspVV9,A195,"https://www.google.com/maps/embed/v1/place?q=10.7855285,106.6471037&key=AIzaSyAMd45cCGHSmsM2a5APxYRdOwV8kX-4m40","12/1/4 Đường Đặng Minh Trứ, Phường 10, Tân Bình, Hồ Chí Minh",https://storage.googleapis.com/rental-room-c34cb.appspot.com/Rooms/LM4qnEwdhXUKncNI35L6/3.png,https://storage.googleapis.com/rental-room-c34cb.appspot.com/Rooms/LM4qnEwdhXUKncNI35L6/4.png
https://storage.googleapis.com/rental-room-c34cb.appspot.com/Rooms/LukiqvE5zaxZeobZVY6O/1.png,https://storage.googleapis.com/rental-room-c34cb.appspot.com/Rooms/LukiqvE5zaxZeobZVY6O/2.png,(637)587-7650x587,"074 Jean Creek Suite 327
Lake Natasha, MN 63638",Loft Room,larakevin@example.net,"STUDIO CỬA SỔ THOÁNG NGAY NGUYỄN ĐÌNH CHIỂU_PHÚ NHUẬNĐịa Chỉ : Nguyễn Đình Chiểu, Phú Nhuận 5tr Tiện ích:  Toà nhà thang máy 5 lầu, hầm xe, giặt ở lầu 5.  Tất cả cửa vân tay, thẻ từ, Camera hành lang, bãi xe rộng, vệ sinh hành lang, có máy giặt, phơi ở lầu 5, không gian mảng cây xanh, hẻm ô tô tận nhà. Khu vực trí thức, an ninh, yên tĩnh.- Chính sách dịch vụ và quy định của tòa nhà+ Điện : 4000/kwh+ Wifi, Quản lý : 150k/ phòng + Nước: 100k/ người+ Nuôi thú cưng thoải máiCall/zalo: 0394 973 ***Duy)",anthony84,https://storage.googleapis.com/rental-room-c34cb.appspot.com/Rooms/LukiqvE5zaxZeobZVY6O/0.png,3000,5000000,9000,20000,true,LukiqvE5zaxZeobZVY6O,20,Beverly Patel,OP4jMhIEc8gXpN9zprh6,A149,"https://www.google.com/maps/embed/v1/place?q=10.8038786,106.6811704&key=AIzaSyAMd45cCGHSmsM2a5APxYRdOwV8kX-4m40","Đường Nguyễn Đình Chiểu, Phường 3, Phú Nhuận, Hồ Chí Minh",,
,,(886)460-3036x653,"6160 Jack Passage
West Michaelview, FL 41505",Standard Room,suttonmadison@example.net,"Cho thuê căn hộ đầy đủ tiện nghi đường hoàng Hoa Thám - C12, Phường 13, Quận Tân Bình.Ảnh thật 100%,Phòng studio cửa sổ, ban công thoáng mát, thiết kế tiện dụng.Full nội thất như hình: Máy lạnh, tủ lạnh, giường nệm gra gối, tủ quần áo, kệ tủ, Tivi, máy nóng lạnh mặt trời, máy giặt, máy sấy...Giờ giấc tự do, ra vào vân tay hiện đại, bảo vệ an ninh 24/24.Khu vực an ninh, dân trí cao, đầy đủ mọi tiện ích.Có 2 loại phòng giá từ 4,5 triệu/tháng.",brandilewis,https://storage.googleapis.com/rental-room-c34cb.appspot.com/Rooms/M6NxlWupOJfZ0jPp7Lk6/0.png,2000,4500000,8000,20000,true,M6NxlWupOJfZ0jPp7Lk6,30,Brittany Li,IEmseElpjiLftr4fZlyC,A221,"https://www.google.com/maps/embed/v1/place?q=10.8081641,106.6883684&key=AIzaSyAMd45cCGHSmsM2a5APxYRdOwV8kX-4m40","Đường Hoàng Hoa Thám, Phường 12, Tân Bình, Hồ Chí Minh",,
https://storage.googleapis.com/rental-room-c34cb.appspot.com/Rooms/MqNmUpgJfx7sPUtFiash/1.png,https://storage.googleapis.com/rental-room-c34cb.appspot.com/Rooms/MqNmUpgJfx7sPUtFiash/2.png,754-474-8886x1421,"08335 Ballard Forks Apt. 166
Port Selenaton, NJ 95679",Loft Room,watsondustin@example.net,"Tìm đâu ra căn hộ studio ban công vừa rộng vừa xịn như này.Vị trí: Đường số 79, Tân Quy, Q7.Rộng 40m², thoáng mát.Ban công, Cửa sổ lớn, view thành phố.Full nội thất, tiện nghi.Giờ giấc tự do, ra vào vân tay.Bãi xe, Camera an ninh, cửa vân tay.Phòng cách âm tốt.Gọi ngay đến SĐT & Zalo: 0976 738 *** - Wendy UniteGroup.",xvillegas,https://storage.googleapis.com/rental-room-c34cb.appspot.com/Rooms/MqNmUpgJfx7sPUtFiash/0.png,3000,5000000,13000,20000,true,MqNmUpgJfx7sPUtFiash,40,Mr. Robert Thompson,efSnO0VSIXJL6tlHjpX3,A186,"https://www.google.com/maps/embed/v1/place?q=10.7402753,106.7086304&key=AIzaSyAMd45cCGHSmsM2a5APxYRdOwV8kX-4m40","Đường Số 79, Phường Tân Quy, Quận 7, Hồ Chí Minh",https://storage.googleapis.com/rental-room-c34cb.appspot.com/Rooms/MqNmUpgJfx7sPUtFiash/3.png,https://storage.googleapis.com/rental-room-c34cb.appspot.com/Rooms/MqNmUpgJfx7sPUtFiash/4.png
https://storage.googleapis.com/rental-room-c34cb.appspot.com/Rooms/N6vVpQ9M5APipqlVL7aL/1.png,https://storage.googleapis.com/rental-room-c34cb.appspot.com/Rooms/N6vVpQ9M5APipqlVL7aL/2.png,736.362.4532,"80416 Morgan Forge
New Elizabeth, MN 61785",Loft Room,michael03@example.net,"Vị trí trung tâm tiện di chuyển sang các quận khác, gần chợ trung tâm thương mại lớn.Gần Công Viên Phú Nhuận, Phố Ẩm Thực Vạn Kiếp, Hoàng Sa, Phan Đăng Lưu, Nguyễn Văn Đậu, Phan Xích Long,...- Xung quanh có nhiều cửa hàng tiện lợi, chợ, siêu thị, khu ẩm thực,...Thuận tiện di chuyển quận 1,3,TB, GV, 10.Tình trạng:- Full nội thất, phòng trống sẵn có thể dọn vào ở ngay.- Giờ giấc tự do, không chung chủ.- Khu vực an ninh, camera giám sát.- Hẻm oto.- Được nuôi pet và cam kết.- Máy giặt riêng từng phòng.Hệ thống mình còn rất nhiều căn hộ toạ lạc trên địa bàn TPHCM."" Nhận tìm phòng / căn hộ theo nhu cầu của khách hàng "".- Căn hộ 1 phòng ngủ.- Căn hộ 2 phòng ngủ.- Căn hộ studio.- Căn hộ duplex - Có Gác.- Căn hộ tách bếp.Và nhiều loại căn hộ khác nữa, Hỗ trợ tìm phòng theo yêu cầu của khách hàng về đặc điểm của căn hộ và vị trí đường mà khách hàng mong muốn với mức giá từ 5 triệu VNĐ.Hỗ trợ tìm phòng (Miễn Phí).",rushvictoria,https://storage.googleapis.com/rental-room-c34cb.appspot.com/Rooms/N6vVpQ9M5APipqlVL7aL/0.png,3000,5600000,11000,20000,true,N6vVpQ9M5APipqlVL7aL,30,April Pierce,1ulkMK9SHSFRTjmdjiSn,A068,"https://www.google.com/maps/embed/v1/place?q=10.7974657,106.6890993&key=AIzaSyAMd45cCGHSmsM2a5APxYRdOwV8kX-4m40","Đường Hoa Lan, Phường 2, Phú Nhuận, Hồ Chí Minh",https://storage.googleapis.com/rental-room-c34cb.appspot.com/Rooms/N6vVpQ9M5APipqlVL7aL/3.png,https://storage.googleapis.com/rental-room-c34cb.appspot.com/Rooms/N6vVpQ9M5APipqlVL7aL/4.png
https://storage.googleapis.com/rental-room-c34cb.appspot.com/Rooms/No0cbw2NKa76fILSeXUD/1.png,https://storage.googleapis.com/rental-room-c34cb.appspot.com/Rooms/No0cbw2NKa76fILSeXUD/2.png,247-626-7383x2045,"875 Hamilton Passage
Rodriguezside, NC 60435",Standard Room,ujames@example.net,"Nhà trọ cho thuê: 25 Nguyễn Trung Trực, P5, Bình Thạnh, gần nhiều trường đại học như Công nghiệp 4, Hồng Bàng... Thuận tiện đi lại gần các trung tâm lớn như chợ Gò Vấp, Bà Chiểu.Phòng đầy đủ tiện nghi truyền hình cáp, internet, toilet riêng. Giờ giấc tự do, có bãi giữ xe rất an toàn.Giá thuê phòng:Phòng 15 m²; 1.800.000 đ/tháng - 2.200.000 đ/tháng.Phòng 30m²: 3.000.000 đ/tháng có gác lửng.Liên hệ SĐT: 0907 701 ***",sweeneykiara,https://storage.googleapis.com/rental-room-c34cb.appspot.com/Rooms/No0cbw2NKa76fILSeXUD/0.png,3000,1800000,3000,20000,true,No0cbw2NKa76fILSeXUD,15,Mary Hensley,pftLcWl0Jznlyo2JhWoy,A079,"https://www.google.com/maps/embed/v1/place?q=10.812269,106.6863877&key=AIzaSyAMd45cCGHSmsM2a5APxYRdOwV8kX-4m40","25, Đường Nguyễn Trung Trực, Phường 5, Bình Thạnh, Hồ Chí Minh",,
https://storage.googleapis.com/rental-room-c34cb.appspot.com/Rooms/O1kmuvjKTk2eAW2xpw7e/1.png,https://storage.googleapis.com/rental-room-c34cb.appspot.com/Rooms/O1kmuvjKTk2eAW2xpw7e/2.png,762-897-2731,"339 Nathaniel Forks
Jenniferberg, DE 17046",Standard Room,jon86@example.com,"Khai trương dự án mới Quận 7.Địa chỉ: Bùi Văn Ba, Tân Thuận Đông, Quận 7.Kết cấu: Hầm + Trệt + 6 lầu.- Tổng: 69 phòng.+ Dạng Studio: 3tr - 3tr8.+ Dạng Duplex: 4tr2 - 5tr.- Thang máy.- Giặt phơi chung.--------------------------! Chính sách.- Điện: 3500/kWh - Nước: 100k/ng.- Xe: 120k/xe - Dv: 150k/phòng.- Tối đa 4ng - 2xe.- Nước ngoài: Ok.- Trẻ con: Ok.- Thủ cưng: Ok có cam kết.Liên hệ quản lý toà nhà xem phòng: 0922 778 ***",llutz,https://storage.googleapis.com/rental-room-c34cb.appspot.com/Rooms/O1kmuvjKTk2eAW2xpw7e/0.png,2000,3500000,7000,20000,true,O1kmuvjKTk2eAW2xpw7e,25,Erin Martin,3fDiSIPXiN2Deitp3nL5,A157,"https://www.google.com/maps/embed/v1/place?q=10.7505438,106.7359409&key=AIzaSyAMd45cCGHSmsM2a5APxYRdOwV8kX-4m40","Đường Bùi Văn Ba, Phường Tân Thuận Đông, Quận 7, Hồ Chí Minh",https://storage.googleapis.com/rental-room-c34cb.appspot.com/Rooms/O1kmuvjKTk2eAW2xpw7e/3.png,https://storage.googleapis.com/rental-room-c34cb.appspot.com/Rooms/O1kmuvjKTk2eAW2xpw7e/4.png
https://storage.googleapis.com/rental-room-c34cb.appspot.com/Rooms/O6s95SMQC0aJyZqBeZm7/1.png,https://storage.googleapis.com/rental-room-c34cb.appspot.com/Rooms/O6s95SMQC0aJyZqBeZm7/2.png,+1-307-565-8860x266,"608 Cook Ford
Lake Edward, MA 46239",Standard Room,davidbrooks@example.com,"Cho thuê phòng trọ đường 100 Bình Thới, quận 11 gần Đầm Sen và nhà thi đấu Phú Thọ, giá rẻ.+ Diện tích: Từ 10 - 20m². Dãy trọ gồm 55 phòng.+ Phòng đẹp, rộng rãi, thoáng mát.+ WC khép kín sạch sẽ, có cửa sổ, ban công, sân thượng phơi quần áo.+ Không chung chủ, giờ giấc tự do.Tiện ích:+ Khu vực an ninh, yên tĩnh với hơn 30 camera + bảo vệ 24/7, có người dọn dẹp vệ sinh mỗi ngày.+ Có truyền hình cáp, wf cáp quang tốc độ cao, nhà để xe rộng rãi, có nhiều camera quan sát và bảo vệ trông coi.+ Gần chợ, siêu thị, trường học, bệnh viện xung quanh đầy đủ tiện ích không thiếu thứ gì.Hiện tại còn 2 phòng trống.Giá thuê: 1.4 triệu - 4 triệu/th.Liên hệ: 0768 704 ***C Ngân0908 246 *** Anh Bình Miễn L/H mời đăng tin.",rmercado,https://storage.googleapis.com/rental-room-c34cb.appspot.com/Rooms/O6s95SMQC0aJyZqBeZm7/0.png,2000,1400000,5000,20000,true,O6s95SMQC0aJyZqBeZm7,11,Vincent Wiley,b5C8q4NLSi8lUs3dHsWO,A040,"https://www.google.com/maps/embed/v1/place?q=10.7668256,106.6487607&key=AIzaSyAMd45cCGHSmsM2a5APxYRdOwV8kX-4m40","Đường 100 Bình Thới, Phường 14, Quận 11, Hồ Chí Minh",https://storage.googleapis.com/rental-room-c34cb.appspot.com/Rooms/O6s95SMQC0aJyZqBeZm7/3.png,https://storage.googleapis.com/rental-room-c34cb.appspot.com/Rooms/O6s95SMQC0aJyZqBeZm7/4.png
https://storage.googleapis.com/rental-room-c34cb.appspot.com/Rooms/OBPIg9ZLeN4Coifrye0W/1.png,https://storage.googleapis.com/rental-room-c34cb.appspot.com/Rooms/OBPIg9ZLeN4Coifrye0W/2.png,6854180837,"5512 Sanchez Ports
Mcknighthaven, FM 11140",Standard Room,john24@example.org,"Phòng cho nữ sinh viên RMIT thuê.Phòng rộng rãi, thoáng mát, sạch sẽ, sang trọng:Diện tích rộng: 22m².Phòng đầy đủ tiện nghi, chỉ cần mang theo đồ dùng cá nhân vào là ở ngay!Nhà vệ sinh riêng biệt, có nước nóng, lạnh.Phòng nằm trong khu dân cư cao cấp, an ninh, yên tĩnh, chỉ cách trường RMIT 5 phút đi bộ!- Liên hệ xem phòng: 0986 280 ***",angela90,https://storage.googleapis.com/rental-room-c34cb.appspot.com/Rooms/OBPIg9ZLeN4Coifrye0W/0.png,3000,4500000,12000,20000,true,OBPIg9ZLeN4Coifrye0W,22,Donna Moran,xzSRndr4lvEnkUK1GSSH,A006,"https://www.google.com/maps/embed/v1/place?q=10.7279218352628,106.704350568711&key=AIzaSyAMd45cCGHSmsM2a5APxYRdOwV8kX-4m40","Phường Tân Phong, Quận 7, Hồ Chí Minh",https://storage.googleapis.com/rental-room-c34cb.appspot.com/Rooms/OBPIg9ZLeN4Coifrye0W/3.png,https://storage.googleapis.com/rental-room-c34cb.appspot.com/Rooms/OBPIg9ZLeN4Coifrye0W/4.png
https://storage.googleapis.com/rental-room-c34cb.appspot.com/Rooms/OkWvDHMqAs83XCAPcdO2/1.png,https://storage.googleapis.com/rental-room-c34cb.appspot.com/Rooms/OkWvDHMqAs83XCAPcdO2/2.png,977.662.7643,"70760 Crystal Stravenue Apt. 154
South Anthonyport, LA 08171",Standard Room,nicholsjesus@example.org,"Cho thuê CHDV - 379 Nguyễn Thị Tú - Bình Tân - 3tr4/tháng - FUll nội thất - LH 0325 573 *** Quyên.+ Giá niêm yết: 2.600.000 VNĐ/tháng.- Điện 3.500 VNĐ/kw.- Nước 50.000 VNĐ/người.- Dịch vụ 100.000 VNĐ/phòng.- Phòng có sẵn nội thất cơ bản gồm: Máy lạnh, Quạt, Tủ bếp, Tủ quần áo, kệ chén bát, kệ giày dép & các thiết bị vệ sinh.+ Mỗi lầu có Wifi riêng sử dụng chơi game hay văn phòng điều thoải mái, máy lọc nước RO, máy giặt sấy miễn phí.",kimbenjamin,https://storage.googleapis.com/rental-room-c34cb.appspot.com/Rooms/OkWvDHMqAs83XCAPcdO2/0.png,3000,3400000,10000,20000,true,OkWvDHMqAs83XCAPcdO2,25,Mr. Chad Cortez Jr.,CV7hsgR615iph7dlANZ2,A075,"https://www.google.com/maps/embed/v1/place?q=10.8153753,106.591183&key=AIzaSyAMd45cCGHSmsM2a5APxYRdOwV8kX-4m40","379, Đường Nguyễn Thị Tú, Phường Bình Hưng Hòa B, Bình Tân, Hồ Chí Minh",https://storage.googleapis.com/rental-room-c34cb.appspot.com/Rooms/OkWvDHMqAs83XCAPcdO2/3.png,
https://storage.googleapis.com/rental-room-c34cb.appspot.com/Rooms/PCOUS8KZR0Ph13BLzrPR/1.png,https://storage.googleapis.com/rental-room-c34cb.appspot.com/Rooms/PCOUS8KZR0Ph13BLzrPR/2.png,820.514.4344,"17508 Hill Ferry Suite 086
West Dianeborough, KS 87038",Standard Room,iherring@example.com,"Vị trí:- Gần Phan Đăng Lưu, Phan Xích Long, VLcs2, chợ Bà Chiểu.- Đại Học Văn Lang cs2 - 3.- Thuận tiện di chuyển Thủ Đức, Gò Vấp, Sân Bay, Tân Bình.Khu vực gần chợ, siêu thị chuyển đổi tiện lợi.Tổng quan:- Thang bộ lầu 2.- Căn hộ đầy đủ nội thất.- Camera an ninh 24/7.- Khoa vân tây.- Không chung chủ.- Giờ giấc tự do."" Nhận tìm phòng / căn hộ theo nhu cầu của khách hàng, hỗ trợ tìm phòng theo yêu cầu của khách hàng về đặc sản căn hộ và vị trí đường mà khách hàng mong muốn.Trợ giúp tìm kiếm phòng (miễn phí).",austin06,https://storage.googleapis.com/rental-room-c34cb.appspot.com/Rooms/PCOUS8KZR0Ph13BLzrPR/0.png,3000,4500000,15000,20000,true,PCOUS8KZR0Ph13BLzrPR,25,Nicole Russell,xAvvh7vbceba7lIzXEMu,A185,"https://www.google.com/maps/embed/v1/place?q=10.8119746,106.6925044&key=AIzaSyAMd45cCGHSmsM2a5APxYRdOwV8kX-4m40","Đường Nguyễn Văn Đậu, Phường 11, Bình Thạnh, Hồ Chí Minh",https://storage.googleapis.com/rental-room-c34cb.appspot.com/Rooms/PCOUS8KZR0Ph13BLzrPR/3.png,https://storage.googleapis.com/rental-room-c34cb.appspot.com/Rooms/PCOUS8KZR0Ph13BLzrPR/4.png
https://storage.googleapis.com/rental-room-c34cb.appspot.com/Rooms/PJmi4oBrIyQw8hxN45jY/1.png,https://storage.googleapis.com/rental-room-c34cb.appspot.com/Rooms/PJmi4oBrIyQw8hxN45jY/2.png,001-763-615-7561x94216,"513 Carla Stream Apt. 806
Lake Karen, WI 93447",Standard Room,jacksonwilliam@example.com,"Cơ hội ở kí túc xá - phòng ở ghép trong siêu biệt thự tại Bình Thạnh.Mọi thứ đều đã sẵn sàng và dành cho bạn với mức giá cực kỳ lý tưởng chỉ 1,500,000 VNĐ/người/tháng - Cam kết không phát sinh chi phí.Phòng đã trang bị full nội thất: Giường nệm, gối, tủ quần áo, kệ bếp... Đầy đủ tiện nghi: Máy lạnh, tủ lạnh, nước nóng năng lượng mặt trời và nhiều tiện ích khác.- Chỗ để xe (150 nghìn/xe).- Wifi tốc độ cao 500Mb.- Máy giặt miễn phí và sân phơi lộng gió.- Hệ thống camera an ninh cực kì an toàn.Hiện bên mình đang trống 1 số chỗ.- Chi nhánh 1: 643/24/3C Xô Viết Nghệ Tĩnh, P26 Quận Bình Thạnh.- Chi nhánh 2: 105/3 Bình Quới, P27, Quận Bình Thạnh - ngay ngã 4 Thanh Đa. (Cách chi nhánh 1 khoảng 200m).Còn chần chừ gì nữa, hãy chạy ngay đi đến với trusthome và giành lấy cơ hội này nhé.Yêu cầu chung:- Nam/nữ tuổi từ 17 - 28 tuổi sống hòa đồng, giúp đỡ lẫn nhau, ý thức tự giác cao.- Có thông tin về bản thân rõ ràng (CMND, thẻ sinh viên, có xác nhận nơi làm việc).Liên hệ: 0973 373 *** A Tuân.",christine27,https://storage.googleapis.com/rental-room-c34cb.appspot.com/Rooms/PJmi4oBrIyQw8hxN45jY/0.png,3000,1500000,4000,20000,true,PJmi4oBrIyQw8hxN45jY,30,Nancy Hodges,3H9W5b0keH4vCPzP5wPc,A030,"https://www.google.com/maps/embed/v1/place?q=10.8127277007588,106.713874653329&key=AIzaSyAMd45cCGHSmsM2a5APxYRdOwV8kX-4m40","643/24/3c, Đường Xô Viết Nghệ Tĩnh, Phường 26, Bình Thạnh, Hồ Chí Minh",https://storage.googleapis.com/rental-room-c34cb.appspot.com/Rooms/PJmi4oBrIyQw8hxN45jY/3.png,https://storage.googleapis.com/rental-room-c34cb.appspot.com/Rooms/PJmi4oBrIyQw8hxN45jY/4.png
https://storage.googleapis.com/rental-room-c34cb.appspot.com/Rooms/Pae60dySd6ixwSyE6NUv/1.png,https://storage.googleapis.com/rental-room-c34cb.appspot.com/Rooms/Pae60dySd6ixwSyE6NUv/2.png,445-463-1722,"071 Maria River
Velasquezchester, MA 58792",Standard Room,christianwatkins@example.org,"- Ban công dài, rộng nhất thị trường.- Phòng ngủ riêng, phòng bếp riêng.- Nhà siêu thoáng, có cửa sổ.- Thuê cả tầng, Wc riêng, có thang máy, bãi giữ xe.",scottpugh,https://storage.googleapis.com/rental-room-c34cb.appspot.com/Rooms/Pae60dySd6ixwSyE6NUv/0.png,3000,4000000,13000,20000,true,Pae60dySd6ixwSyE6NUv,25,Brandon Perry,VGD0OIRgI7BTTyIPGFPA,A208,"https://www.google.com/maps/embed/v1/place?q=10.8163542,106.7203731&key=AIzaSyAMd45cCGHSmsM2a5APxYRdOwV8kX-4m40","Đường Thanh Đa, Phường 27, Bình Thạnh, Hồ Chí Minh",https://storage.googleapis.com/rental-room-c34cb.appspot.com/Rooms/Pae60dySd6ixwSyE6NUv/3.png,https://storage.googleapis.com/rental-room-c34cb.appspot.com/Rooms/Pae60dySd6ixwSyE6NUv/4.png
https://storage.googleapis.com/rental-room-c34cb.appspot.com/Rooms/PdMUfYqBBfdZQvl3ZmDF/1.png,https://storage.googleapis.com/rental-room-c34cb.appspot.com/Rooms/PdMUfYqBBfdZQvl3ZmDF/2.png,+1-273-381-8352x947,"3074 Sheri Avenue
West Lauraton, VA 16175",Standard Room,sharoncompton@example.org,"Chdv siêu xinh giá sinh viên - phòng thoáng - hình thật giá thật.Vị trí: Nguyễn Thị Định Quận 2.- Trang bị nội thất cơ bản.- Giờ giấc tự do, không chung chủ.- Có khóa vân tay, khu vực an ninh.- Khu dân cư yên tĩnh.",amanda14,https://storage.googleapis.com/rental-room-c34cb.appspot.com/Rooms/PdMUfYqBBfdZQvl3ZmDF/0.png,2000,3300000,14000,20000,true,PdMUfYqBBfdZQvl3ZmDF,28,Matthew Benson,e60kouAHaufAh7IpsCnM,A187,"https://www.google.com/maps/embed/v1/place?q=10.7808517,106.7619462&key=AIzaSyAMd45cCGHSmsM2a5APxYRdOwV8kX-4m40","Đường Nguyễn Thị Định, Phường  Thạnh Mỹ Lợi, Quận 2, Hồ Chí Minh",https://storage.googleapis.com/rental-room-c34cb.appspot.com/Rooms/PdMUfYqBBfdZQvl3ZmDF/3.png,https://storage.googleapis.com/rental-room-c34cb.appspot.com/Rooms/PdMUfYqBBfdZQvl3ZmDF/4.png
https://storage.googleapis.com/rental-room-c34cb.appspot.com/Rooms/PdUlTnzmgcRd3I0O0Kje/1.png,https://storage.googleapis.com/rental-room-c34cb.appspot.com/Rooms/PdUlTnzmgcRd3I0O0Kje/2.png,844.395.4916x758,"3704 Holt Estate
Iantown, AR 02370",Standard Room,nhunt@example.net,"Phòng cho thuê giá tốt nhất khu dân cư Trung Sơn.+ Vị trí: Đường Số 7 KDC Trung Sơn. Gần Vòng xoay, cầu Him Lam, siêu thị Lottemart - Quận 7.+ Diện tích: 22m², có thang máy, hầm để xe rộng rãi, giờ giấc tự do.+ Nội thất đầy đủ: Giường nệm, tivi, tủ lạnh, bàn làm việc, kệ bếp nấu ăn, máy lạnh,...+ Nhà vệ sinh trong phòng rộng rãi và sạch sẽ,...+ Khu dân cư cao cấp và hiện đại, có đầy đủ các tiện ích: Gần siêu thị, ngân hàng, nhà hàng ăn uống, chợ, trường đại học lớn (Tôn Đức Thắng, ĐH Kinh Tế, RMIT, Nguyễn Tất Thành),...Giá thuê: 4 triệu/tháng.Liên hệ: 0938 021 ***",leah01,https://storage.googleapis.com/rental-room-c34cb.appspot.com/Rooms/PdUlTnzmgcRd3I0O0Kje/0.png,3000,4000000,6000,20000,true,PdUlTnzmgcRd3I0O0Kje,22,Alexis Collins,oLu9gEYM8hm0gNrVuxqQ,A226,"https://www.google.com/maps/embed/v1/place?q=10.730053901672363,106.68901824951172&key=AIzaSyAMd45cCGHSmsM2a5APxYRdOwV8kX-4m40","Dự án Trung Sơn, Đường Số 7, Xã Bình Hưng, Bình Chánh, Hồ Chí Minh",https://storage.googleapis.com/rental-room-c34cb.appspot.com/Rooms/PdUlTnzmgcRd3I0O0Kje/3.png,https://storage.googleapis.com/rental-room-c34cb.appspot.com/Rooms/PdUlTnzmgcRd3I0O0Kje/4.png
https://storage.googleapis.com/rental-room-c34cb.appspot.com/Rooms/Q2pUi1iaYkUXp2V0PhTA/1.png,https://storage.googleapis.com/rental-room-c34cb.appspot.com/Rooms/Q2pUi1iaYkUXp2V0PhTA/2.png,+1-534-870-0335x5392,"USNV Campos
FPO AE 65258",Standard Room,patty31@example.com,"Vị trí: Số 16/2 Đường số 44, Phường Hiệp Bình Chánh, Quận Thủ Đức (gần Chợ Hiệp Bình).Thuộc khu vực trung tâm Thành phố Sài Gòn, với Đại lộ Phạm Văn Đồng bạn chỉ mất 5p đến Cầu Bình Triệu, Quận Bình Thạnh 5p, Sân Bay Tân Sơn Nhất 10p, Quận Gò Vấp 5p, đến Q1 cũng chỉ mất 15p.Điều đặc biệt nhất các nhà cho thuê khác không có được: Các căn hộ được thiết kế thông thoáng bên trong căn biệt thự, xung căn nhà là hành lanh rộng trồng cây xanh thoáng mát, tất cả được bao quanh bởi hàng rào cao, bạn ở đây chỉ mất 15p đến Q1 nhưng khi về nhà bạn được ở căn hộ nhìn ra sông Sài Gòn, hưởng không khí trong lành của thiên nhiên, tuy nhiên chỉ cần bước chân 100m bạn lại có ngay các tiện ích của TP HCM lớn nhất Việt Nam như Đại siêu thị Gigamall Coopmart 8000m², rạp chiếu phim, trung tâm Anh Ngữ, Vinmart, quán cà phê Coffee House, chợ, quán ăn, quán cơm, phở,.. La liệt trước mắt.Nằm ở trung tâm xung quanh là các trường Đại Học lớn: ĐH Công Nghiệp TP HCM, Cao đẳng Tài Chính Hải Quan, Đại Học Luật TPHCM, Đại Học Công Nghệ TPHCM, Đại Học Ngoại Thương, Đại Học Giao Thông Vận Tải, ĐH Sư Phạm Kỹ Thuật,Tiện nghi:- Mỗi căn căn hộ mini được thiết kế với bếp, toilet riêng, bồn rửa chén.- Mỗi phòng có trang bị cây phơi đồ thông minh, móc áo toilet, gương soi toilet,- Phòng nào cũng có cửa sổ hoặc ban công riêng thoáng mát.- Các phòng được bố trí riêng biệt trong tòa biệt thự, có sân vườn trồng hoa, cây cảnh. (Phòng chúng tôi không thiết kế theo dạng dãy bí bách truyền thống).- Khu vực an ninh, nhà có: Khóa cổng chính bằng SmartLock, khóa cổng nhà xe, khóa cổng hành lang, khóa riêng từng phòng, đảm bảo an ninhkhi đi làm.- Có camera an ninh 24/24 tại hành lang, nhà xe.- Có nhà để xe cực rộng, không sợ trầy xe.- Có wifi FPT tốc độ cao miễn phí.Đối tượng:- Phòng dành cho các bạn thích sống trong môi trường văn minh, sạch sẽ, yên tĩnh, an ninh: Ưu tiên cho thuê các bạn nữ, vợ chồng trẻ, gia đình,.- Không thích hợp cho các bạn: Thích nhậu, thích tụ tập bạn bè đông hát karraoke suốt đêm,Giá cả:- Căn 16m², ban công, wc, bếp riêng: Giá 2.400.000đ/tháng, ký hợp đồng 12th được giảm còn 2.200.000d/th cho 2 tháng đầu.- Căn 12m², cửa sổ nhìn ra vườn: Giá 2.200.000đ/tháng, ký hợp đồng 12th được giảm còn 2.000.000d/th cho 2 tháng đầu.- Căn 20m², ban công, wc, bếp riêng: Giá 2.800.000đ/tháng, ký hợp đồng 12th được giảm còn 2.400.000d/th cho 2 tháng đầu.- Phòng cho thuê dài hạn, ký hợp đồng ít nhất 6 tháng.- Đặt cọc 2 tháng - Hoàn trả 100% khi trả phòng. (Có thể chia ra đóng trong 2th đầu).- Wifi miễn phí - Nhà xe riêng miễn phí.- Điện 3.500 đồng/1kw.- Nước 15.000 đồng/ 1m3.- Rác 20.000 tháng.- Có lao công dọn vệ sinh khu vực sinh hoạt chung, phí: 30.000đ/th.Liên hệ trực tiếp chủ nhà: Mr Vũ 0352 226 ***",martinezmichelle,https://storage.googleapis.com/rental-room-c34cb.appspot.com/Rooms/Q2pUi1iaYkUXp2V0PhTA/0.png,3000,2000000,4000,20000,true,Q2pUi1iaYkUXp2V0PhTA,20,Aaron Baker,6JoVklMI0gtwHrLFViZ2,A112,"https://www.google.com/maps/embed/v1/place?q=10.8496781,106.7315527&key=AIzaSyAMd45cCGHSmsM2a5APxYRdOwV8kX-4m40","Số 16/2, Đường 44, Phường Hiệp Bình Chánh, Thủ Đức, Hồ Chí Minh",https://storage.googleapis.com/rental-room-c34cb.appspot.com/Rooms/Q2pUi1iaYkUXp2V0PhTA/3.png,https://storage.googleapis.com/rental-room-c34cb.appspot.com/Rooms/Q2pUi1iaYkUXp2V0PhTA/4.png
,,217-343-3109,"0886 Harris Greens
North Jamesview, MD 05020",Standard Room,edward41@example.com,"Còn 1 phòng TẦNG TRỆT cho thuê tại địa chỉ 686/72/41 Cách Mạng Tháng Tám P11 Q3.giờ giấc tự do,ko chung chủ thoải mái,Nhà ngay công viên Lê Thị Riêng.Giá 2tr500.(phòng mới,rộng rãi thoải mái ở tầng TRỆT,có bồn rửa chén,nệm,quạt,nước nóng...vv).nhà tắm riêng trong phòng tolet chung trước phòng.hỗ trợ nội thất theo yêu cầu tính phí.Điện 4k,nước 100/ng,xe+wifi+rác free.không phát sinh chi phí.Ai có nhu cầu vui lòng IB hoặc LH 0838 999 ***",johnsoneric,https://storage.googleapis.com/rental-room-c34cb.appspot.com/Rooms/Qux3ZMgibJarc4CfCo4L/0.png,2000,2500000,13000,20000,true,Qux3ZMgibJarc4CfCo4L,18,Kelly Jackson,IvWyjEObv6HMLU4YaWDh,A122,"https://www.google.com/maps/embed/v1/place?q=10.7847437,106.6686984&key=AIzaSyAMd45cCGHSmsM2a5APxYRdOwV8kX-4m40","686/72/41, Đường Cách Mạng Tháng Tám, Phường 11, Quận 3, Hồ Chí Minh",,
https://storage.googleapis.com/rental-room-c34cb.appspot.com/Rooms/Quyw1yoMf6oeAsf4ei82/1.png,https://storage.googleapis.com/rental-room-c34cb.appspot.com/Rooms/Quyw1yoMf6oeAsf4ei82/2.png,+1-809-938-4561x02743,"83230 Jackson Ports
Crawfordside, IN 38694",Standard Room,kimjoshua@example.org,"Mình là chủ nhà đang còn phòng cho thuê trong khu chung cư cao cấp. Phòng full nội thất, đặc biệt có ban công thoáng mát cả ngày.An toàn có ban quản lý.Nằm ở trung tâm của thành phố, cách Q1 chỉ 10p chạy xe:- Nằm ở mặt tiền đường Nguyễn Hữu Thọ, khu chung cư cao cấp có camera, bảo vệ an ninh 24/24, khóa cửa bằng mật khẩu, khu dân trí cao.- Không chung chủ, giờ giấc tự do nhé!- Ngay dưới nhà là đầy đủ các tiện ích nội khu: Công viên 2 hecta, hồ bơi 1000m², khu vui chơi, Quán ăn, cà phê, gym, Vinmark, Citimart.- Bên cạnh là các điểm check in siêu đẹp: Hồ Bán Nguyệt, cầu Ánh Sao, Crescent Mall, VivoCity...- Mất 5 phút đi xe sẽ đến được Phú Mỹ Hưng, ĐH Tôn Đức Thắng, Nguyễn Tất Thành, TC - MKT, RMIT, CSNN...- 10 phút di chuyển về trung tâm Q1, Q2, Q4, đường thông thoáng không kẹt xe, lại không ngập nước.Chính sách hot: Tặng tiền khi ở 1 năm, 2 năm... Lì xì tết, tặng tiền các ngày lễ lớn.- Các bạn là nhân viên văn phòng, sinh viên thích sự an ninh, an toàn chống dịch, yên tĩnh, lại đầy đủ tiện nghi cao cấp giá cả hợp lý liên hệ cho mình nhé.",hornetim,https://storage.googleapis.com/rental-room-c34cb.appspot.com/Rooms/Quyw1yoMf6oeAsf4ei82/0.png,2000,2300000,15000,20000,true,Quyw1yoMf6oeAsf4ei82,13,Duane Moore,3AJkslpK5G9RPuljRkZS,A216,"https://www.google.com/maps/embed/v1/place?q=10.7290198,106.700494&key=AIzaSyAMd45cCGHSmsM2a5APxYRdOwV8kX-4m40","Đường Nguyễn Hữu Thọ, Phường Tân Phong, Quận 7, Hồ Chí Minh",https://storage.googleapis.com/rental-room-c34cb.appspot.com/Rooms/Quyw1yoMf6oeAsf4ei82/3.png,https://storage.googleapis.com/rental-room-c34cb.appspot.com/Rooms/Quyw1yoMf6oeAsf4ei82/4.png
https://storage.googleapis.com/rental-room-c34cb.appspot.com/Rooms/Qx8Dx7hkNehsP8Ec5yA5/1.png,https://storage.googleapis.com/rental-room-c34cb.appspot.com/Rooms/Qx8Dx7hkNehsP8Ec5yA5/2.png,8394620310,"47813 Janice Locks
New Alexisville, TN 26053",Standard Room,samanthastafford@example.com,"Nhà trọ cho thuê: 25 Nguyễn Trung Trực, P5, Bình Thạnh, gần nhiều trường đại học như Công nghiệp 4, Hồng Bàng... Thuận tiện đi lại gần các trung tâm lớn như chợ Gò Vấp, Bà Chiểu.Phòng đầy đủ tiện nghi truyền hình cáp, internet, toilet riêng. Giờ giấc tự do, có bãi giữ xe rất an toàn.Giá thuê phòng:Phòng 15 m²; 1.800.000 đ/tháng - 2.200.000 đ/tháng.Phòng 30m²: 3.000.000 đ/tháng có gác lửng.Liên hệ SĐT: 0907 701 ***",philipbrooks,https://storage.googleapis.com/rental-room-c34cb.appspot.com/Rooms/Qx8Dx7hkNehsP8Ec5yA5/0.png,2000,1800000,4000,20000,true,Qx8Dx7hkNehsP8Ec5yA5,15,Shirley Sullivan,glX579Fc8ZSXKQVvxOcU,A129,"https://www.google.com/maps/embed/v1/place?q=10.812269,106.6863877&key=AIzaSyAMd45cCGHSmsM2a5APxYRdOwV8kX-4m40","25, Đường Nguyễn Trung Trực, Phường 5, Bình Thạnh, Hồ Chí Minh",,
https://storage.googleapis.com/rental-room-c34cb.appspot.com/Rooms/QypCz2qv29dQlcX4LTcc/1.png,https://storage.googleapis.com/rental-room-c34cb.appspot.com/Rooms/QypCz2qv29dQlcX4LTcc/2.png,695.313.8387,"5721 Christian Valleys Apt. 148
West Kendra, CT 14043",Standard Room,ybrown@example.org,"Phòng cho thuê giá rẻ, không chung chủ, giờ tự do, wc riêng, để xe, phơi áo quần... Gần trường đại học giao thông vận tải, Hồng Bàng, Hutech, Ngoại Thương, Gia Định..- Điện 3000kw, nước 20000m3.- Giá từ 1tr7 - 3tr phòng có máy lạnh (nhiều loại phòng khác nhau để khách lựa chọn).- Liên hệ chính chủ 0913 164 ***",amanda77,https://storage.googleapis.com/rental-room-c34cb.appspot.com/Rooms/QypCz2qv29dQlcX4LTcc/0.png,2000,1700000,8000,20000,true,QypCz2qv29dQlcX4LTcc,10,Douglas Holland,nP9tV7mcsKAt7M1mRUc2,A025,"https://www.google.com/maps/embed/v1/place?q=10.8032566,106.7163905&key=AIzaSyAMd45cCGHSmsM2a5APxYRdOwV8kX-4m40","36/66, Đường Nguyễn Gia Trí, Phường 25, Bình Thạnh, Hồ Chí Minh",https://storage.googleapis.com/rental-room-c34cb.appspot.com/Rooms/QypCz2qv29dQlcX4LTcc/3.png,https://storage.googleapis.com/rental-room-c34cb.appspot.com/Rooms/QypCz2qv29dQlcX4LTcc/4.png
https://storage.googleapis.com/rental-room-c34cb.appspot.com/Rooms/R59acpMZGr8IcIHo8yCh/1.png,https://storage.googleapis.com/rental-room-c34cb.appspot.com/Rooms/R59acpMZGr8IcIHo8yCh/2.png,305.493.3229x9066,"1750 Jeffery Villages Apt. 154
Gonzalesville, IA 77961",Loft Room,pstewart@example.net,"Vị trí trung tâm tiện di chuyển sang các quận khác, gần chợ trung tâm thương mại lớn.Gần Học Viện Cán Bộ, Bùi Đình Túy, Lê Quang Định, Phan Văn Trị, Chu Văn An,...- Xung quanh có nhiều cửa hàng tiện lợi, chợ, siêu thị, khu ẩm thực,...Thuận tiện di chuyển quận 1,3,BT, GV, 10.Tình trạng:- Full nội thất, phòng trống sẵn có thể dọn vào ở ngay.- Giờ giấc tự do, không chung chủ.- Khu vực an ninh, camera giám sát.- Hẻm oto.- Được nuôi pet và cam kết.- Máy giặt riêng từng phòng.Hệ thống mình còn rất nhiều căn hộ toạ lạc trên địa bàn TPHCM."" Nhận tìm phòng / căn hộ theo nhu cầu của khách hàng "".- Căn hộ 1 phòng ngủ.- Căn hộ 2 phòng ngủ.- Căn hộ studio.- Căn hộ duplex - Có Gác.- Căn hộ tách bếp.Và nhiều loại căn hộ khác nữa, Hỗ trợ tìm phòng theo yêu cầu của khách hàng về đặc điểm của căn hộ và vị trí đường mà khách hàng mong muốn với mức giá từ 5 triệu VNĐ.Hỗ trợ tìm phòng (Miễn Phí).",martinjoseph,https://storage.googleapis.com/rental-room-c34cb.appspot.com/Rooms/R59acpMZGr8IcIHo8yCh/0.png,3000,5700000,8000,20000,true,R59acpMZGr8IcIHo8yCh,25,Amber Rowe,Qet3yJip0uvt0OmysU8n,A235,"https://www.google.com/maps/embed/v1/place?q=10.7729797,106.7051191&key=AIzaSyAMd45cCGHSmsM2a5APxYRdOwV8kX-4m40","Đường Ngô Đức Kế, Phường 12, Bình Thạnh, Hồ Chí Minh",https://storage.googleapis.com/rental-room-c34cb.appspot.com/Rooms/R59acpMZGr8IcIHo8yCh/3.png,https://storage.googleapis.com/rental-room-c34cb.appspot.com/Rooms/R59acpMZGr8IcIHo8yCh/4.png
https://storage.googleapis.com/rental-room-c34cb.appspot.com/Rooms/R6eT9AxLMT7KF2Sv9QaG/1.png,https://storage.googleapis.com/rental-room-c34cb.appspot.com/Rooms/R6eT9AxLMT7KF2Sv9QaG/2.png,6022711130,"604 Jonathan Union Apt. 997
Cranechester, MI 75574",Loft Room,mitchellpham@example.com,- Thiết kế đẹp full nội thấy có cả máy giặt riêng - Nội khu nhiều tiện ích nằm trong phố lý thường kiệt bảo vệ đầy đủ - Giờ giấc tự do ra vào vân tay an ninh tuyệt đối Điện 4k/kwhNước 100k/ngườiXe 100k/xeDịch vụ 250k/phòng,davidgomez,https://storage.googleapis.com/rental-room-c34cb.appspot.com/Rooms/R6eT9AxLMT7KF2Sv9QaG/0.png,3000,6500000,7000,20000,true,R6eT9AxLMT7KF2Sv9QaG,25,Richard Fletcher,dxYVOxyhHDFWlp19SFmv,A188,"https://www.google.com/maps/embed/v1/place?q=10.777713,106.6560014&key=AIzaSyAMd45cCGHSmsM2a5APxYRdOwV8kX-4m40","Đường  Lý Thường Kiệt, Phường 15, Quận 11, Hồ Chí Minh",https://storage.googleapis.com/rental-room-c34cb.appspot.com/Rooms/R6eT9AxLMT7KF2Sv9QaG/3.png,https://storage.googleapis.com/rental-room-c34cb.appspot.com/Rooms/R6eT9AxLMT7KF2Sv9QaG/4.png
https://storage.googleapis.com/rental-room-c34cb.appspot.com/Rooms/RfsuLJPMPj0snX0ihLjn/1.png,https://storage.googleapis.com/rental-room-c34cb.appspot.com/Rooms/RfsuLJPMPj0snX0ihLjn/2.png,001-762-432-6687x83139,"8095 Richardson Trafficway Suite 899
Lake Tyler, PW 72618",Standard Room,johnny98@example.org,"Mình là chủ nhà đang còn phòng cho thuê trong khu chung cư cao cấp. Phòng full nội thất, đặc biệt có ban công thoáng mát cả ngày.An toàn có ban quản lý.Nằm ở trung tâm của thành phố, cách Q1 chỉ 10p chạy xe:- Nằm ở mặt tiền đường Nguyễn Hữu Thọ, khu chung cư cao cấp có camera, bảo vệ an ninh 24/24, khóa cửa bằng mật khẩu, khu dân trí cao.- Không chung chủ, giờ giấc tự do nhé!- Ngay dưới nhà là đầy đủ các tiện ích nội khu: Công viên 2 hecta, hồ bơi 1000m², khu vui chơi, Quán ăn, cà phê, gym, Vinmark, Citimart.- Bên cạnh là các điểm check in siêu đẹp: Hồ Bán Nguyệt, cầu Ánh Sao, Crescent Mall, VivoCity...- Mất 5 phút đi xe sẽ đến được Phú Mỹ Hưng, ĐH Tôn Đức Thắng, Nguyễn Tất Thành, TC - MKT, RMIT, CSNN...- 10 phút di chuyển về trung tâm Q1, Q2, Q4, đường thông thoáng không kẹt xe, lại không ngập nước.Chính sách hot: Tặng tiền khi ở 1 năm, 2 năm... Lì xì tết, tặng tiền các ngày lễ lớn.- Các bạn là nhân viên văn phòng, sinh viên thích sự an ninh, an toàn chống dịch, yên tĩnh, lại đầy đủ tiện nghi cao cấp giá cả hợp lý liên hệ cho mình nhé.",david96,https://storage.googleapis.com/rental-room-c34cb.appspot.com/Rooms/RfsuLJPMPj0snX0ihLjn/0.png,2000,2300000,10000,20000,true,RfsuLJPMPj0snX0ihLjn,13,Kristen Mason,bzTIk8gOJHvPIAXCjiDN,A167,"https://www.google.com/maps/embed/v1/place?q=10.7290198,106.700494&key=AIzaSyAMd45cCGHSmsM2a5APxYRdOwV8kX-4m40","Đường Nguyễn Hữu Thọ, Phường Tân Phong, Quận 7, Hồ Chí Minh",https://storage.googleapis.com/rental-room-c34cb.appspot.com/Rooms/RfsuLJPMPj0snX0ihLjn/3.png,https://storage.googleapis.com/rental-room-c34cb.appspot.com/Rooms/RfsuLJPMPj0snX0ihLjn/4.png
https://storage.googleapis.com/rental-room-c34cb.appspot.com/Rooms/RgEunQB3QDn719ailYkj/1.png,https://storage.googleapis.com/rental-room-c34cb.appspot.com/Rooms/RgEunQB3QDn719ailYkj/2.png,470.779.3550x439,"769 Marvin Stravenue Apt. 481
Barronview, MN 44783",Standard Room,beankristin@example.net,"Tổng 30 phòng vừa mới hoàn thành mới đưa vào cho thuê có nhiều sự lựa chọn.Phòng có gác như hình, cửa sổ thoáng, giờ giấc tự do không chung chủ.Máy lạnh mới 100%.Nhà xe rộng. Ô tô tới trước nhà.Điện 3,8k. Nước 100k/người.Vị trí: Gần ngã tư Nguyễn Xí - Nơ Trang Long tiện ích gần chợ Nguyễn Xí thông Đường Trục 3 phút đến ĐH Văn Lang.Giá: 3Tr8/Tháng.Lh: 0903 691 *** Nam.",wchristian,https://storage.googleapis.com/rental-room-c34cb.appspot.com/Rooms/RgEunQB3QDn719ailYkj/0.png,3000,3800000,4000,20000,true,RgEunQB3QDn719ailYkj,20,Kenneth Butler,HqxfGxqoNG3haxgjsRbx,A081,"https://www.google.com/maps/embed/v1/place?q=10.8195166,106.7026565&key=AIzaSyAMd45cCGHSmsM2a5APxYRdOwV8kX-4m40","Đường Nơ Trang Long, Phường 13, Bình Thạnh, Hồ Chí Minh",https://storage.googleapis.com/rental-room-c34cb.appspot.com/Rooms/RgEunQB3QDn719ailYkj/3.png,https://storage.googleapis.com/rental-room-c34cb.appspot.com/Rooms/RgEunQB3QDn719ailYkj/4.png
https://storage.googleapis.com/rental-room-c34cb.appspot.com/Rooms/Rwgf8cjLEEGUA7EEVKtf/1.png,https://storage.googleapis.com/rental-room-c34cb.appspot.com/Rooms/Rwgf8cjLEEGUA7EEVKtf/2.png,001-950-761-8937x72963,"942 Linda Stravenue Suite 194
Anthonyland, VI 74461",Standard Room,richmondjanet@example.org,"Phòng tại 33B Hà Bá Tường (cách ngã ba Trường Chinh - Đồng Đen 300m, mặt sau của đường Đồng Đen): Gần ngã tư Bảy Hiền, sân bay, giáp Q10, Q. Phú Nhuận, sân bay...Hiện nay có 2 loại phòng:1/ Loại 1: Giá phòng 3 triệu - 1/7 nhận phòng.2/ Loại 2: Giá phòng 3 triệu nhưng đang có 1 nam thanh niên 40t người miền nam đang ở để trông coi nhà trọ, nên cần tìm thêm 1 - 2 nam ở ghép để chia tiền phòng - ( 10/6 nhận phòng )- Nếu phòng chỉ ở 2 người thì giá 1.5 triệu/người.- Nếu phòng ở 3 người thì giá 1 triệu/người.Cả 2 loại: Trong phòng có: Máy lạnh, quạt treo tường, tủ áo, bếp, WC, kệ dép, kệ chén.. Các loại, chân bình nước.. Bồn cầu liền khối. Nhà mới.* Lưu ý:- Không chung chủ, tuyệt đối an ninh, sạch sẽ.- Điện 3.500/ký, nước máy giá nhà nước khoảng 30k/người/tháng.- Miễn phí: Tiền gửi xe, wifi, cáp tivi, rác.- Cọc 1 tháng.Chỉ nhận người thuê đàng hoàng - lịch sự, thuê lâu dài.* Xem phòng 24/24, tới trước nhà gọi số ĐT trên sẽ có BV mở cửa: 0902 666 *** ( KO NHẮN ZALO NHÉ )",jennifer44,https://storage.googleapis.com/rental-room-c34cb.appspot.com/Rooms/Rwgf8cjLEEGUA7EEVKtf/0.png,2000,1500000,11000,20000,true,Rwgf8cjLEEGUA7EEVKtf,25,Amanda Taylor,hXB2ivJ7Vjw12PZZnJxw,A136,"https://www.google.com/maps/embed/v1/place?q=10.7952704,106.645765&key=AIzaSyAMd45cCGHSmsM2a5APxYRdOwV8kX-4m40","33B, Đường Hà Bá Tường, Phường 12, Tân Bình, Hồ Chí Minh",https://storage.googleapis.com/rental-room-c34cb.appspot.com/Rooms/Rwgf8cjLEEGUA7EEVKtf/3.png,
,,833.886.9549x5171,"87033 Cummings Mountains Apt. 164
Schmidtville, KY 86241",Standard Room,xcampbell@example.org,"Còn 1 phòng như hình cho thuê tại địa chỉ 115/52A Trần Đình Xu Q1 (Ngay Bộ Công An TP). Không chung chủ, giờ giấc tự do, nhu nội bộ riêng biệt an toàn. Xe để trong nhà Free.Giá 1tr9 (phòng ở tầng 3. Cho nấu ăn trước phòng, nước nóng, quạt, máy giặt chung, cửa sổ... Vv). Phòng lầu 3 sử dụng tolet chung ở lầu 2. Hỗ trợ nội thất theo yêu cầu tính phí.Điện 4k, nước 100/ng, xe + wifi + rác free, không phát sinh chi phí. Ai có nhu cầu vui lòng IB hoặc liên hệ 0838 999 ***",xmyers,https://storage.googleapis.com/rental-room-c34cb.appspot.com/Rooms/S8D4ROZ1LivtKSbdYpSv/0.png,2000,1900000,13000,20000,true,S8D4ROZ1LivtKSbdYpSv,12,Alexis Gray,Km9oGXw9QfqTcin0teFl,A073,"https://www.google.com/maps/embed/v1/place?q=10.7613928,106.6901455&key=AIzaSyAMd45cCGHSmsM2a5APxYRdOwV8kX-4m40","115/52A, Đường Trần Đình Xu, Phường Nguyễn Cư Trinh, Quận 1, Hồ Chí Minh",,
https://storage.googleapis.com/rental-room-c34cb.appspot.com/Rooms/TCmSxtvfpzAI9Kyhydzr/1.png,https://storage.googleapis.com/rental-room-c34cb.appspot.com/Rooms/TCmSxtvfpzAI9Kyhydzr/2.png,325-757-8846x7477,"56132 Lee Circles Suite 212
Lake Kennethmouth, KY 79297",Loft Room,davidhurst@example.org,"Phòng cho thuê tầng trệt khu TRUNG SƠN.gần  Cầu Him Lam, Dương Bá Trạc Quận 8-Diện tích: 35m², cửa sổ rộng-Nội thất đầy đủ gồm:  Máy lạnh, tủ lạnh, tủ quần áo, kệ bếp nấu ăn, bàn ghế làm việc, giường nệm cao cấp,..-Phòng mới, đẹp, an ninh cao. Sử dụng khóa vân tay tiện lợi-Xung quanh có nhiều tiện ích như: Gần trường Đại Học ( Tôn Đức Thắng, RMit, Kinh Tế), ngân hàng, siêu thị, chợ, công viên, quán ăn, khu vui chơi,...-Giá thuê: 5 triệu/thángLiên hệ: 0938 021 *** A Sinh",nhowell,https://storage.googleapis.com/rental-room-c34cb.appspot.com/Rooms/TCmSxtvfpzAI9Kyhydzr/0.png,2000,5000000,10000,20000,true,TCmSxtvfpzAI9Kyhydzr,35,Scott Mayo,rBWhJykM2SBhReVMCwWd,A218,"https://www.google.com/maps/embed/v1/place?q=10.730053901672363,106.68901824951172&key=AIzaSyAMd45cCGHSmsM2a5APxYRdOwV8kX-4m40","Dự án Trung Sơn, Xã Bình Hưng, Bình Chánh, Hồ Chí Minh",https://storage.googleapis.com/rental-room-c34cb.appspot.com/Rooms/TCmSxtvfpzAI9Kyhydzr/3.png,https://storage.googleapis.com/rental-room-c34cb.appspot.com/Rooms/TCmSxtvfpzAI9Kyhydzr/4.png
https://storage.googleapis.com/rental-room-c34cb.appspot.com/Rooms/TNWiPAcmdfDmmLebrmIu/1.png,https://storage.googleapis.com/rental-room-c34cb.appspot.com/Rooms/TNWiPAcmdfDmmLebrmIu/2.png,001-732-338-9192x4896,"27623 Parsons Streets Suite 704
Port Frank, AZ 28122",Standard Room,ballardscott@example.com,"Phòng cho thuê giá tốt nhất khu dân cư Trung Sơn.+ Vị trí: Đường Số 7 KDC Trung Sơn. Gần Vòng xoay, cầu Him Lam, siêu thị Lottemart - Quận 7.+ Diện tích: 22m², có thang máy, hầm để xe rộng rãi, giờ giấc tự do.+ Nội thất đầy đủ: Giường nệm, tivi, tủ lạnh, bàn làm việc, kệ bếp nấu ăn, máy lạnh,...+ Nhà vệ sinh trong phòng rộng rãi và sạch sẽ,...+ Khu dân cư cao cấp và hiện đại, có đầy đủ các tiện ích: Gần siêu thị, ngân hàng, nhà hàng ăn uống, chợ, trường đại học lớn (Tôn Đức Thắng, ĐH Kinh Tế, RMIT, Nguyễn Tất Thành),...Giá thuê: 4 triệu/tháng.Liên hệ: 0938 021 ***",bowmanmichael,https://storage.googleapis.com/rental-room-c34cb.appspot.com/Rooms/TNWiPAcmdfDmmLebrmIu/0.png,2000,4000000,4000,20000,true,TNWiPAcmdfDmmLebrmIu,22,Jocelyn Ingram,yXB02XGMsCFph0EA21Kx,A177,"https://www.google.com/maps/embed/v1/place?q=10.730053901672363,106.68901824951172&key=AIzaSyAMd45cCGHSmsM2a5APxYRdOwV8kX-4m40","Dự án Trung Sơn, Đường Số 7, Xã Bình Hưng, Bình Chánh, Hồ Chí Minh",https://storage.googleapis.com/rental-room-c34cb.appspot.com/Rooms/TNWiPAcmdfDmmLebrmIu/3.png,https://storage.googleapis.com/rental-room-c34cb.appspot.com/Rooms/TNWiPAcmdfDmmLebrmIu/4.png
https://storage.googleapis.com/rental-room-c34cb.appspot.com/Rooms/TY1HhU1covRwD7TN2VTh/1.png,https://storage.googleapis.com/rental-room-c34cb.appspot.com/Rooms/TY1HhU1covRwD7TN2VTh/2.png,(227)975-4167x0751,"Unit 1157 Box 0277
DPO AA 28847",Standard Room,stacyrichardson@example.com,"Cho thuê CHDV - 379 Nguyễn Thị Tú - Bình Tân - 3tr4/tháng - FUll nội thất - LH 0325 573 *** Quyên.+ Giá niêm yết: 2.600.000 VNĐ/tháng.- Điện 3.500 VNĐ/kw.- Nước 50.000 VNĐ/người.- Dịch vụ 100.000 VNĐ/phòng.- Phòng có sẵn nội thất cơ bản gồm: Máy lạnh, Quạt, Tủ bếp, Tủ quần áo, kệ chén bát, kệ giày dép & các thiết bị vệ sinh.+ Mỗi lầu có Wifi riêng sử dụng chơi game hay văn phòng điều thoải mái, máy lọc nước RO, máy giặt sấy miễn phí.",cohenbrianna,https://storage.googleapis.com/rental-room-c34cb.appspot.com/Rooms/TY1HhU1covRwD7TN2VTh/0.png,3000,3400000,10000,20000,true,TY1HhU1covRwD7TN2VTh,25,Denise Blackwell,txUJEXZVkyXixtfEAiFT,A125,"https://www.google.com/maps/embed/v1/place?q=10.8153753,106.591183&key=AIzaSyAMd45cCGHSmsM2a5APxYRdOwV8kX-4m40","379, Đường Nguyễn Thị Tú, Phường Bình Hưng Hòa B, Bình Tân, Hồ Chí Minh",https://storage.googleapis.com/rental-room-c34cb.appspot.com/Rooms/TY1HhU1covRwD7TN2VTh/3.png,
https://storage.googleapis.com/rental-room-c34cb.appspot.com/Rooms/TeqpLgdC4vf6Q9gmKXsP/1.png,https://storage.googleapis.com/rental-room-c34cb.appspot.com/Rooms/TeqpLgdC4vf6Q9gmKXsP/2.png,205-908-1296x4814,"PSC 5542, Box 0814
APO AP 74412",Standard Room,jennifer04@example.org,"Phòng trọ bancol máy giặt riêng - full nội thất gần sân golf Tân Sơn Nhất.Tiện đi Q12 - Tân Bình - Q. Tân Phú - Gò Vấp.Địa chỉ: Phạm Văn Bạch, P. 15, Q. Tân Bình.Nội thất: Máy lạnh, giường nệm, giường nệm, tủ quần áo, kệ bếp, máy giặt riêng.Bancol: 5tr.Cửa sổ: 4,3tr.Gần Etown, chợ Phạm Văn Bạch, cầu Tham Lương, Sân Golf Tân Sơn Nhất.Chính sách dịch vụ và quy định của Toà nhà:+ Điện: 3,5k.+ Nước 100k/ng.Bạn đang cần tìm thuê Phòng Giá Rẻ.Hãy để chúng tôi giải quyết nhu cầu của bạn một cách nhanh gọn và chuyên nghiệp nhất.",armstrongdouglas,https://storage.googleapis.com/rental-room-c34cb.appspot.com/Rooms/TeqpLgdC4vf6Q9gmKXsP/0.png,2000,4300000,5000,20000,true,TeqpLgdC4vf6Q9gmKXsP,26,Jeffery Christensen,3WCXuhkTGkGPtRmyjz37,A173,"https://www.google.com/maps/embed/v1/place?q=10.825524,106.6403064&key=AIzaSyAMd45cCGHSmsM2a5APxYRdOwV8kX-4m40","Đường Phạm Văn Bạch, Phường 15, Tân Bình, Hồ Chí Minh",https://storage.googleapis.com/rental-room-c34cb.appspot.com/Rooms/TeqpLgdC4vf6Q9gmKXsP/3.png,https://storage.googleapis.com/rental-room-c34cb.appspot.com/Rooms/TeqpLgdC4vf6Q9gmKXsP/4.png
https://storage.googleapis.com/rental-room-c34cb.appspot.com/Rooms/TfYJzXYE1bvRUKUcugAb/1.png,https://storage.googleapis.com/rental-room-c34cb.appspot.com/Rooms/TfYJzXYE1bvRUKUcugAb/2.png,734.648.8742,"6098 Adam Spurs
Gibsonchester, AR 24380",Loft Room,baileyeric@example.com,"* Diện tích 42m², 1 PN 1 WC, nhà mới phù hợp cho gia đình hoặc sinh viên thuê chung.* Vị trí thuận tiện ngay chợ Xóm Chiếu, bệnh viện quận 4, ĐH Luật; di chuyển sang Q1, Q7 chỉ 5 - 10 phút.* Sẵn nội thất: Bếp, tủ lạnh, tủ quần áo, tivi, máy lạnh, máy giặt, nệm,...* Ở riêng không chung chủ, không chung gia đình khác, giờ giấc tự do.* Có chỗ để xe riêng (tối đa 3 xe).* Khu vực an ninh, có camera giám sát.* Điện nước tính theo giá nhà nước, dùng bao nhiêu trả bấy nhiêu.",morgankristina,https://storage.googleapis.com/rental-room-c34cb.appspot.com/Rooms/TfYJzXYE1bvRUKUcugAb/0.png,3000,6000000,14000,20000,true,TfYJzXYE1bvRUKUcugAb,42,Garrett Oconnor,gJDnG5d82SvNq4DuJHAl,A041,"https://www.google.com/maps/embed/v1/place?q=10.763052,106.7064322&key=AIzaSyAMd45cCGHSmsM2a5APxYRdOwV8kX-4m40","Đường Lê Văn Linh, Phường 13, Quận 4, Hồ Chí Minh",https://storage.googleapis.com/rental-room-c34cb.appspot.com/Rooms/TfYJzXYE1bvRUKUcugAb/3.png,https://storage.googleapis.com/rental-room-c34cb.appspot.com/Rooms/TfYJzXYE1bvRUKUcugAb/4.png
https://storage.googleapis.com/rental-room-c34cb.appspot.com/Rooms/URdWYFi04GTO7rIodoAc/1.png,https://storage.googleapis.com/rental-room-c34cb.appspot.com/Rooms/URdWYFi04GTO7rIodoAc/2.png,983-640-9806,"9707 Oliver Plains Apt. 188
North Michaelburgh, RI 30289",Loft Room,michelle46@example.net,"Cho thuê căn hộ duplex phòng siêu đẹp Lâm Văn Bền Q7.Lâm Văn Bền - Tân Kiểng - Q7.Gần đh tdtu, đh rmit, đh ntt,...Gần lotte, sunrisecity, vivocity,...Xung quanh đầy đủ không thiếu gì.- (Đang trống).Tiện ích.- Không chung chủ, giờ giấc tự do.- Ra vào vân tay, có khu vực để xe.- Nội thất như hình, phòng thoáng.- An ninh, sạch sẽ.Check in ngay - hiện đang tốt nhất trước mùa sinh viên.Tìm phòng liên hệ em: 0372 446 ***zalo) Hỗ Trợ free.",lesliehenson,https://storage.googleapis.com/rental-room-c34cb.appspot.com/Rooms/URdWYFi04GTO7rIodoAc/0.png,2000,5700000,6000,20000,true,URdWYFi04GTO7rIodoAc,30,Andrew Matthews,B7MajRGbqcAcR8XZKiOI,A191,"https://www.google.com/maps/embed/v1/place?q=10.7478466,106.7158701&key=AIzaSyAMd45cCGHSmsM2a5APxYRdOwV8kX-4m40","Đường Lâm Văn Bền, Phường Tân Kiểng, Quận 7, Hồ Chí Minh",https://storage.googleapis.com/rental-room-c34cb.appspot.com/Rooms/URdWYFi04GTO7rIodoAc/3.png,https://storage.googleapis.com/rental-room-c34cb.appspot.com/Rooms/URdWYFi04GTO7rIodoAc/4.png
https://storage.googleapis.com/rental-room-c34cb.appspot.com/Rooms/Uj3qeGrJBrEwAEu0W2iu/1.png,https://storage.googleapis.com/rental-room-c34cb.appspot.com/Rooms/Uj3qeGrJBrEwAEu0W2iu/2.png,001-541-831-7750,"9486 Heather Station
Davidton, DC 50484",Standard Room,zjones@example.com,"Diện tích 20 - 25m², có gác và không gác.Wc riêng.LH 0909 271 ***",marywalsh,https://storage.googleapis.com/rental-room-c34cb.appspot.com/Rooms/Uj3qeGrJBrEwAEu0W2iu/0.png,2000,2800000,12000,20000,true,Uj3qeGrJBrEwAEu0W2iu,25,Holly Holland,JRfvqbI5uzKkoM3vFwow,A011,"https://www.google.com/maps/embed/v1/place?q=10.840956,106.6753887&key=AIzaSyAMd45cCGHSmsM2a5APxYRdOwV8kX-4m40","Đường Lê Hoàng Phái, Phường 17, Gò Vấp, Hồ Chí Minh",https://storage.googleapis.com/rental-room-c34cb.appspot.com/Rooms/Uj3qeGrJBrEwAEu0W2iu/3.png,
https://storage.googleapis.com/rental-room-c34cb.appspot.com/Rooms/V47fq1hBC1HWjH7NROGy/1.png,https://storage.googleapis.com/rental-room-c34cb.appspot.com/Rooms/V47fq1hBC1HWjH7NROGy/2.png,001-905-456-0018x739,"071 Harris Trail Suite 214
Port Joshua, UT 56462",Standard Room,ellen32@example.org,"Cho thuê phòng rộng hẻm 1041 Trần Xuân Soạn, gần cầu Nguyễn Văn Cừ.D/C: 1041/23, đường Trần Xuân Soạn, P. Tân Hưng, quận 7.Vị trí:- Gần siêu thị Lottemart.- Gần trường đại học Tôn Đức Thắng, đại học RMIT, ĐH KHTN, Sư phạm.- Gần trạm xe bus.- Tiện di chuyển vào các Quận trung tâm.- Khu vực khô ráo, không bị ngập nước.Tiện ích:- Giờ giấc tự do, chìa khóa khóa vân tay 2 lớp cửa ra vào riêng an ninh.- Camera trong nhà và sân.- Phòng có nội thất cơ bản: Máy lạnh, tủ lạnh, tủ quần áo, toilet riêng, nước nóng lạnh.Giá: Chỉ từ 3.900.000/ phòng. LH: A Bình chủ nhà zalo/sđt.Liên hệ ngay: 0939 104 ***",jasminemills,https://storage.googleapis.com/rental-room-c34cb.appspot.com/Rooms/V47fq1hBC1HWjH7NROGy/0.png,2000,3900000,13000,20000,true,V47fq1hBC1HWjH7NROGy,20,Martha Mcdonald,uEZIU1qWDOA86z304Pkp,A233,"https://www.google.com/maps/embed/v1/place?q=10.7496776395753,106.692156448175&key=AIzaSyAMd45cCGHSmsM2a5APxYRdOwV8kX-4m40","1041/23, Phố Trần Xuân Soạn, Phường Tân Hưng, Quận 7, Hồ Chí Minh",https://storage.googleapis.com/rental-room-c34cb.appspot.com/Rooms/V47fq1hBC1HWjH7NROGy/3.png,https://storage.googleapis.com/rental-room-c34cb.appspot.com/Rooms/V47fq1hBC1HWjH7NROGy/4.png
https://storage.googleapis.com/rental-room-c34cb.appspot.com/Rooms/VBu1kQ3PymLBAOsgCg4Q/1.png,https://storage.googleapis.com/rental-room-c34cb.appspot.com/Rooms/VBu1kQ3PymLBAOsgCg4Q/2.png,3297873722,"65890 Thompson Via Suite 583
Lake Nathaniel, WA 63152",Standard Room,justinduran@example.org,"Cho thuê phòng rộng hẻm 1041 Trần Xuân Soạn, gần cầu Nguyễn Văn Cừ.D/C: 1041/23, đường Trần Xuân Soạn, P. Tân Hưng, quận 7.Vị trí:- Gần siêu thị Lottemart.- Gần trường đại học Tôn Đức Thắng, đại học RMIT, ĐH KHTN, Sư phạm.- Gần trạm xe bus.- Tiện di chuyển vào các Quận trung tâm.- Khu vực khô ráo, không bị ngập nước.Tiện ích:- Giờ giấc tự do, chìa khóa khóa vân tay 2 lớp cửa ra vào riêng an ninh.- Camera trong nhà và sân.- Phòng có nội thất cơ bản: Máy lạnh, tủ lạnh, tủ quần áo, toilet riêng, nước nóng lạnh.Giá: Chỉ từ 3.000.000/ phòng. LH: Chị Duyên chủ nhà zalo/sđt.Liên hệ ngay: 0973 866 ***",robert68,https://storage.googleapis.com/rental-room-c34cb.appspot.com/Rooms/VBu1kQ3PymLBAOsgCg4Q/0.png,3000,3000000,9000,20000,true,VBu1kQ3PymLBAOsgCg4Q,15,Tara Stephens,vddHvBj8AlPsGrW3c1iu,A115,"https://www.google.com/maps/embed/v1/place?q=10.7516138,106.7017145&key=AIzaSyAMd45cCGHSmsM2a5APxYRdOwV8kX-4m40","1041/23, Phố Trần Xuân Soạn, Phường Tân Hưng, Quận 7, Hồ Chí Minh",https://storage.googleapis.com/rental-room-c34cb.appspot.com/Rooms/VBu1kQ3PymLBAOsgCg4Q/3.png,https://storage.googleapis.com/rental-room-c34cb.appspot.com/Rooms/VBu1kQ3PymLBAOsgCg4Q/4.png
https://storage.googleapis.com/rental-room-c34cb.appspot.com/Rooms/VIYbdeLQYy78mkbzvt3S/1.png,https://storage.googleapis.com/rental-room-c34cb.appspot.com/Rooms/VIYbdeLQYy78mkbzvt3S/2.png,001-709-417-1239x054,"61384 Leslie Ramp
Branditown, CT 50387",Standard Room,michaelarnold@example.com,"Cho thuê phòng rộng hẻm 1041 Trần Xuân Soạn, gần cầu Nguyễn Văn Cừ.D/C: 1041/23, đường Trần Xuân Soạn, P. Tân Hưng, quận 7.Vị trí:- Gần siêu thị Lottemart.- Gần trường đại học Tôn Đức Thắng, đại học RMIT, ĐH KHTN, Sư phạm.- Gần trạm xe bus.- Tiện di chuyển vào các Quận trung tâm.- Khu vực khô ráo, không bị ngập nước.Tiện ích:- Giờ giấc tự do, chìa khóa khóa vân tay 2 lớp cửa ra vào riêng an ninh.- Camera trong nhà và sân.- Phòng có nội thất cơ bản: Máy lạnh, tủ lạnh, tủ quần áo, toilet riêng, nước nóng lạnh.Giá: Chỉ từ 3.000.000/ phòng. LH: Chị Duyên chủ nhà zalo/sđt.Liên hệ ngay: 0973 866 ***",janice34,https://storage.googleapis.com/rental-room-c34cb.appspot.com/Rooms/VIYbdeLQYy78mkbzvt3S/0.png,3000,3000000,12000,20000,true,VIYbdeLQYy78mkbzvt3S,15,Ms. Heather Webb,dQRT1inaTCIUQlwVIkqJ,A166,"https://www.google.com/maps/embed/v1/place?q=10.7516138,106.7017145&key=AIzaSyAMd45cCGHSmsM2a5APxYRdOwV8kX-4m40","1041/23, Phố Trần Xuân Soạn, Phường Tân Hưng, Quận 7, Hồ Chí Minh",https://storage.googleapis.com/rental-room-c34cb.appspot.com/Rooms/VIYbdeLQYy78mkbzvt3S/3.png,https://storage.googleapis.com/rental-room-c34cb.appspot.com/Rooms/VIYbdeLQYy78mkbzvt3S/4.png
https://storage.googleapis.com/rental-room-c34cb.appspot.com/Rooms/VVqpULhyUfjXpEAU8uBf/1.png,https://storage.googleapis.com/rental-room-c34cb.appspot.com/Rooms/VVqpULhyUfjXpEAU8uBf/2.png,+1-773-337-2321,"7094 Hill Mission Suite 423
Geraldbury, PW 06367",Standard Room,lindsay06@example.org,"304 Nguyễn Thị Minh Khai - Q3.- 202, 103: 3.200.0000 Đ.- 503: 3.5000.000 Đ.- 303: 4.200.000 Đ.Điện 3k5.Nước 100k/người.Pdv 150k/phòng.Xe gửi bãi gần nhà 400k/c, bên mình hỗ trợ 200k/c.Giặt sấy chung, thang bộ, ra vào vân tay giờ giấc tự do.Liên hệ quản lý toà nhà.",parkerdaniel,https://storage.googleapis.com/rental-room-c34cb.appspot.com/Rooms/VVqpULhyUfjXpEAU8uBf/0.png,3000,3500000,6000,20000,true,VVqpULhyUfjXpEAU8uBf,15,Laura Kramer,KwuRManbUnEfgNNYqjdL,A213,"https://www.google.com/maps/embed/v1/place?q=10.7708401,106.6867468&key=AIzaSyAMd45cCGHSmsM2a5APxYRdOwV8kX-4m40","Đường Nguyễn Thị Minh Khai, Phường 5, Quận 3, Hồ Chí Minh",https://storage.googleapis.com/rental-room-c34cb.appspot.com/Rooms/VVqpULhyUfjXpEAU8uBf/3.png,https://storage.googleapis.com/rental-room-c34cb.appspot.com/Rooms/VVqpULhyUfjXpEAU8uBf/4.png
https://storage.googleapis.com/rental-room-c34cb.appspot.com/Rooms/WD9xJz2lRxRfhUGf7Yy6/1.png,https://storage.googleapis.com/rental-room-c34cb.appspot.com/Rooms/WD9xJz2lRxRfhUGf7Yy6/2.png,(433)741-1623x2365,"3501 Garcia Fort Apt. 897
Nicolebury, MD 84310",Standard Room,wongrichard@example.org,"Chính chủ cho thuê:- Đường Số 3, Cư Xá Chu Văn An, P26, Bình Thạnh.- Mặt tiền đường, ngay chợ...- Giờ giấc tự do, không chung chủ, camera an ninh, cổng vân tay...- Đầy đủ nội thất, có gác.- Được nuôi mèo.- Giá:- 4.8 triệu lầu 1 (có gác).- 5.4 triệu lầu 1 (có ban công).LH: 0948 100 *** Khánh (zalo) chính chủ.",sydneyglover,https://storage.googleapis.com/rental-room-c34cb.appspot.com/Rooms/WD9xJz2lRxRfhUGf7Yy6/0.png,3000,4800000,11000,20000,true,WD9xJz2lRxRfhUGf7Yy6,18,William Hardy,DeLqc8QkevDW2LauK5ty,A132,"https://www.google.com/maps/embed/v1/place?q=10.8126336,106.7061922&key=AIzaSyAMd45cCGHSmsM2a5APxYRdOwV8kX-4m40","Đường Số 3 Cư xá Chu Văn An, Phường 26, Bình Thạnh, Hồ Chí Minh",,
,,5156145347,"4414 Hill Field Apt. 792
Port Mariabury, KS 26726",Standard Room,matthew88@example.net,"Cho thuê căn hộ đầy đủ tiện nghi đường Nhất Chi Mai - C12, Phường 13, Quận Tân Bình.Ảnh thật 100%.Phòng full nội thất.Giá công khai: 4.000.000.------Nội thất: Giường, máy lạnh, nệm, gối, tủ đồ, máy giặt, máy sấy, bình siêu tốc, hệ thống nước nóng năng lượng mặt trời.Tiện ích: WC riêng, Có ban công thoáng mát, Wifi, dịch vụ dọn phòng hàng tháng.Không chung chủ, giờ giấc tự do, Camera 24/24, Cửa khoá vân tay, Xe để trong nhà,...Gần các hàng quán ăn,...Cam kết hình thật - phòng thật.------IB zalo 0905 738 ***An Điền).",andersonsally,https://storage.googleapis.com/rental-room-c34cb.appspot.com/Rooms/X3qNwAFynzgskrzR0qUZ/0.png,2000,4000000,4000,20000,true,X3qNwAFynzgskrzR0qUZ,30,Cody Fuentes,zXfDiPlbQfSh2va1ISey,A224,"https://www.google.com/maps/embed/v1/place?q=10.8050821,106.6395688&key=AIzaSyAMd45cCGHSmsM2a5APxYRdOwV8kX-4m40","Đường Nhất Chi Mai, Phường 13, Tân Bình, Hồ Chí Minh",,
https://storage.googleapis.com/rental-room-c34cb.appspot.com/Rooms/X9UpWqtaybMjsu2Lm8Xk/1.png,https://storage.googleapis.com/rental-room-c34cb.appspot.com/Rooms/X9UpWqtaybMjsu2Lm8Xk/2.png,001-286-915-3941x285,"04824 Peter Camp
Kimberlyhaven, MO 44647",Standard Room,nixonjames@example.net,"304 Nguyễn Thị Minh Khai - Q3.- 202, 103: 3.200.0000 Đ.- 503: 3.5000.000 Đ.- 303: 4.200.000 Đ.Điện 3k5.Nước 100k/người.Pdv 150k/phòng.Xe gửi bãi gần nhà 400k/c, bên mình hỗ trợ 200k/c.Giặt sấy chung, thang bộ, ra vào vân tay giờ giấc tự do.Liên hệ quản lý toà nhà.",tina68,https://storage.googleapis.com/rental-room-c34cb.appspot.com/Rooms/X9UpWqtaybMjsu2Lm8Xk/0.png,3000,3500000,7000,20000,true,X9UpWqtaybMjsu2Lm8Xk,15,Antonio Miller,hvbrZW0DnwbpfjD6k6l2,A113,"https://www.google.com/maps/embed/v1/place?q=10.7708401,106.6867468&key=AIzaSyAMd45cCGHSmsM2a5APxYRdOwV8kX-4m40","Đường Nguyễn Thị Minh Khai, Phường 5, Quận 3, Hồ Chí Minh",https://storage.googleapis.com/rental-room-c34cb.appspot.com/Rooms/X9UpWqtaybMjsu2Lm8Xk/3.png,https://storage.googleapis.com/rental-room-c34cb.appspot.com/Rooms/X9UpWqtaybMjsu2Lm8Xk/4.png
https://storage.googleapis.com/rental-room-c34cb.appspot.com/Rooms/XMabSiGhdNfstta0Yium/1.png,https://storage.googleapis.com/rental-room-c34cb.appspot.com/Rooms/XMabSiGhdNfstta0Yium/2.png,237-562-1316,"037 Parker Mount
East Jeremiahton, IL 36416",Loft Room,wgibson@example.com,"Nguyễn Xí, P13, Bình Thạnh (bên cạnh Cầu Đỏ).Địa điểm: Gần cầu Bình Lợi, cạnh học viện Cán bộ TpHCM, BV Đa Khoa Gia Định.- Giá: 5tr5 - 6tr (tuỳ diện tích).Giảm giá cho khách xem sớm.Tổng quan:- Căn hộ đầy đủ nội thất.- Camera an ninh 24/7.- Hẻm xe tải.- Không chung chủ.- Giờ giấc tự do.- Hầm xe an ninh.- Thang máy.Nhận tìm phòng / căn hộ theo nhu cầu của khách hàng, hỗ trợ tìm phòng theo yêu cầu của khách hàng về đặc sản căn hộ và vị trí đường mà khách hàng mong muốn.Trợ giúp tìm kiếm phòng (miễn phí).Liên hệ: 0328 514 ***zalo chính chủ).",debbie68,https://storage.googleapis.com/rental-room-c34cb.appspot.com/Rooms/XMabSiGhdNfstta0Yium/0.png,2000,5500000,15000,20000,true,XMabSiGhdNfstta0Yium,30,Andrew Burton,2P5jpF8sopFVVjfwahYa,A160,"https://www.google.com/maps/embed/v1/place?q=10.8200704,106.7040266&key=AIzaSyAMd45cCGHSmsM2a5APxYRdOwV8kX-4m40","Đường  Nguyễn Xí, Phường 13, Bình Thạnh, Hồ Chí Minh",https://storage.googleapis.com/rental-room-c34cb.appspot.com/Rooms/XMabSiGhdNfstta0Yium/3.png,https://storage.googleapis.com/rental-room-c34cb.appspot.com/Rooms/XMabSiGhdNfstta0Yium/4.png
https://storage.googleapis.com/rental-room-c34cb.appspot.com/Rooms/XbipMOI4lDgqW6kCV1kk/1.png,https://storage.googleapis.com/rental-room-c34cb.appspot.com/Rooms/XbipMOI4lDgqW6kCV1kk/2.png,499.591.6754x891,"712 Walker Inlet
Robertsonmouth, DE 19233",Loft Room,davidbarnett@example.net,"Phòng đẹp và sang trọng khu dân cư Trung Sơn. Ngay cầu Him Lam, đại học Tôn Đức Thắng, Rmit, siêu thị Lottemart.+ Diện tích: 35m², nội thất đầy đủ: Giường nệm, máy lạnh, tủ đồ, bàn làm việc, ban công rộng rãi.Khu dân cư mát mẻ, có nhiều cây xanh.+ Có thang máy, giờ giấc tự do, không chung chủ.+ Xung quanh có nhiều tiện ích: Gần ngân hàng, bách hóa xanh, chợ, quán ăn, khu mua sắm, công viên vui chơi,...+ Phù hợp với sinh viên, nhân viên văn phòng, các cặp vợ chồng trẻ.Giá thuê: 5,5 triệu/tháng.Liên hệ: 0938 021 ***",anthony52,https://storage.googleapis.com/rental-room-c34cb.appspot.com/Rooms/XbipMOI4lDgqW6kCV1kk/0.png,2000,5500000,13000,20000,true,XbipMOI4lDgqW6kCV1kk,35,Shawn Contreras,ZdvIDjhg5YMSPXbvTDYQ,A176,"https://www.google.com/maps/embed/v1/place?q=10.730053901672363,106.68901824951172&key=AIzaSyAMd45cCGHSmsM2a5APxYRdOwV8kX-4m40","Dự án Trung Sơn, Xã Bình Hưng, Bình Chánh, Hồ Chí Minh",https://storage.googleapis.com/rental-room-c34cb.appspot.com/Rooms/XbipMOI4lDgqW6kCV1kk/3.png,https://storage.googleapis.com/rental-room-c34cb.appspot.com/Rooms/XbipMOI4lDgqW6kCV1kk/4.png
https://storage.googleapis.com/rental-room-c34cb.appspot.com/Rooms/XzLiRrgyVHW4JsJ8c0Hc/1.png,https://storage.googleapis.com/rental-room-c34cb.appspot.com/Rooms/XzLiRrgyVHW4JsJ8c0Hc/2.png,(429)689-1091x6369,"195 Wagner Point
North Tiffanyton, OK 23473",Loft Room,david08@example.com,"Chính chủ cho thuê:- Đường Trần Khánh Dư, P. Tân Định, Q1.+ Nội thất cao cấp, máy giặt chung... Có cửa sổ lớn.+ Giờ giấc tự do, không chung chủ, để xe free, vân tay, camera an ninh...+ Gần CĐ Nghề TP. HCM, Hoàng Sa, chợ Tân Định...+ Hẻm ôtô, an ninh, yên tĩnh.- Giá 5 triệu & 5 triệu 8 ( có ban công + cửa sổ lớn )- LH: 0948 100 ***zalo) Khánh chủ nhà.",christopher49,https://storage.googleapis.com/rental-room-c34cb.appspot.com/Rooms/XzLiRrgyVHW4JsJ8c0Hc/0.png,3000,5000000,3000,20000,true,XzLiRrgyVHW4JsJ8c0Hc,20,Kaitlyn Brooks,09dvpDwCxKgXbeZn5c7M,A134,"https://www.google.com/maps/embed/v1/place?q=10.7941714,106.6898123&key=AIzaSyAMd45cCGHSmsM2a5APxYRdOwV8kX-4m40","Đường Trần Khánh Dư, Phường Tân Định, Quận 1, Hồ Chí Minh",https://storage.googleapis.com/rental-room-c34cb.appspot.com/Rooms/XzLiRrgyVHW4JsJ8c0Hc/3.png,
https://storage.googleapis.com/rental-room-c34cb.appspot.com/Rooms/YLspABuzKu9k1xgc6Cfj/1.png,https://storage.googleapis.com/rental-room-c34cb.appspot.com/Rooms/YLspABuzKu9k1xgc6Cfj/2.png,413-971-8046x5365,"Unit 7146 Box 4053
DPO AA 88020",Standard Room,urice@example.net,"Căn Hộ Duplex - Tách bếp, ngay Nhà Thờ Ba Chuông.Đường Lê Văn Sỹ, Quận Phú Nhuận.- Studio giá 4tr6 - 4tr8 - 5tr.- Duplex: 5tr - 5tr3 - 5tr5 - 6tr5.Phòng có sẵn Full nội thất:- Máy lạnh, tủ đồ, tủ lạnh, kệ tủ bếp, Sofa, nệm, bàn ghế,...Giờ giấc tự do - Không chung chủ.Cửa vân tay - Chỗ để xe.Có máy giặt chung.Call/zalo Tài.",cwilliams,https://storage.googleapis.com/rental-room-c34cb.appspot.com/Rooms/YLspABuzKu9k1xgc6Cfj/0.png,3000,4600000,10000,20000,true,YLspABuzKu9k1xgc6Cfj,32,Victoria Bowman,0j3su89QncHq2AtVYh3N,A110,"https://www.google.com/maps/embed/v1/place?q=10.7908218,106.6729344&key=AIzaSyAMd45cCGHSmsM2a5APxYRdOwV8kX-4m40","Đường Lê Văn Sỹ, Phường 13, Phú Nhuận, Hồ Chí Minh",https://storage.googleapis.com/rental-room-c34cb.appspot.com/Rooms/YLspABuzKu9k1xgc6Cfj/3.png,https://storage.googleapis.com/rental-room-c34cb.appspot.com/Rooms/YLspABuzKu9k1xgc6Cfj/4.png
https://storage.googleapis.com/rental-room-c34cb.appspot.com/Rooms/YcqP9jtrc1uvhxsEP2N9/1.png,https://storage.googleapis.com/rental-room-c34cb.appspot.com/Rooms/YcqP9jtrc1uvhxsEP2N9/2.png,(474)766-8510,"13751 Collins Brooks Suite 634
North Devon, KS 75631",Standard Room,debrapierce@example.net,"Cho thuê phòng trọ số 4 Dương Văn Dương, P. Sơn Kỳ, Q. Tân Phú.(Đối diện siêu thị Aeon Mall, gần chợ Sơn Kỳ).* Wifi - thang máy miễn phí, giờ giấc tự do.Tiện ích ưu điểm:- Có bảo vệ trông coi toà nhà 24/24.- Có thang máy (24/24h).- Có hệ thống camera đảm bảo an ninh tuyệt đối.- Trang bị hệ thống PCCC cả tòa nhà - hệ thống báo cháy từng phòng hiện đại.- Có hầm để xe - điện hành lang.- Có khu vực phơi đồ riêng biệt rất thông thoáng.- DT phòng: 40m² (có cửa sổ - gác lửng - WC riêng biệt).- Giá thuê: 2.900.000 triệu/tháng.Chi phí điện nước và dịch vụ:- Điện: 3.500/ KWH.- Nước: 7.000/m3.- Giữ xe máy: 100.000.- Rác: 15.000/phòng/tháng (khu để rác sạch sẽ - thông thoáng).Liên hệ: * (Chú Sơn) 0908 296 ***",obeard,https://storage.googleapis.com/rental-room-c34cb.appspot.com/Rooms/YcqP9jtrc1uvhxsEP2N9/0.png,2000,2900000,8000,20000,true,YcqP9jtrc1uvhxsEP2N9,40,Debra Johns,C24hp2umQs45clpLSYO9,A063,"https://www.google.com/maps/embed/v1/place?q=10.7982263,106.6166622&key=AIzaSyAMd45cCGHSmsM2a5APxYRdOwV8kX-4m40","Số 4, Đường Dương Văn Dương, Phường Sơn Kỳ, Tân Phú, Hồ Chí Minh",https://storage.googleapis.com/rental-room-c34cb.appspot.com/Rooms/YcqP9jtrc1uvhxsEP2N9/3.png,https://storage.googleapis.com/rental-room-c34cb.appspot.com/Rooms/YcqP9jtrc1uvhxsEP2N9/4.png
https://storage.googleapis.com/rental-room-c34cb.appspot.com/Rooms/YdjFGRRUjacJCU9lp7QL/1.png,https://storage.googleapis.com/rental-room-c34cb.appspot.com/Rooms/YdjFGRRUjacJCU9lp7QL/2.png,555.625.0437,"16511 Shane Park Apt. 842
East Daniel, AK 58059",Loft Room,chammond@example.net,"Nguyễn Xí, P13, Bình Thạnh (bên cạnh Cầu Đỏ).Địa điểm: Gần cầu Bình Lợi, cạnh học viện Cán bộ TpHCM, BV Đa Khoa Gia Định.- Giá: 5tr5 - 6tr (tuỳ diện tích).Giảm giá cho khách xem sớm.Tổng quan:- Căn hộ đầy đủ nội thất.- Camera an ninh 24/7.- Hẻm xe tải.- Không chung chủ.- Giờ giấc tự do.- Hầm xe an ninh.- Thang máy.Nhận tìm phòng / căn hộ theo nhu cầu của khách hàng, hỗ trợ tìm phòng theo yêu cầu của khách hàng về đặc sản căn hộ và vị trí đường mà khách hàng mong muốn.Trợ giúp tìm kiếm phòng (miễn phí).Liên hệ: 0328 514 ***zalo chính chủ).",francisco30,https://storage.googleapis.com/rental-room-c34cb.appspot.com/Rooms/YdjFGRRUjacJCU9lp7QL/0.png,3000,5500000,11000,20000,true,YdjFGRRUjacJCU9lp7QL,30,Gregory Pierce,or2AsjyE32yrMFO4UX2R,A109,"https://www.google.com/maps/embed/v1/place?q=10.8200704,106.7040266&key=AIzaSyAMd45cCGHSmsM2a5APxYRdOwV8kX-4m40","Đường  Nguyễn Xí, Phường 13, Bình Thạnh, Hồ Chí Minh",https://storage.googleapis.com/rental-room-c34cb.appspot.com/Rooms/YdjFGRRUjacJCU9lp7QL/3.png,https://storage.googleapis.com/rental-room-c34cb.appspot.com/Rooms/YdjFGRRUjacJCU9lp7QL/4.png
https://storage.googleapis.com/rental-room-c34cb.appspot.com/Rooms/YnPRgwM3K736kEyjGqPZ/1.png,https://storage.googleapis.com/rental-room-c34cb.appspot.com/Rooms/YnPRgwM3K736kEyjGqPZ/2.png,326-974-7508x900,"646 Estes Lake
West Tonya, NC 04013",Standard Room,rrodriguez@example.org,"Phòng tại 33B Hà Bá Tường (cách ngã ba Trường Chinh - Đồng Đen 300m, mặt sau của đường Đồng Đen): Gần ngã tư Bảy Hiền, sân bay, giáp Q10, Q. Phú Nhuận, sân bay...Hiện nay có 2 loại phòng:1/ Loại 1: Giá phòng 3 triệu - 1/7 nhận phòng.2/ Loại 2: Giá phòng 3 triệu nhưng đang có 1 nam thanh niên 40t người miền nam đang ở để trông coi nhà trọ, nên cần tìm thêm 1 - 2 nam ở ghép để chia tiền phòng - (10/6 nhận phòng).- Nếu phòng chỉ ở 2 người thì giá 1.5 triệu/người.- Nếu phòng ở 3 người thì giá 1 triệu/người.Cả 2 loại: Trong phòng có: Máy lạnh, quạt treo tường, tủ áo, bếp, WC, kệ dép, kệ chén.. Các loại, chân bình nước.. Bồn cầu liền khối. Nhà mới.* Lưu ý:- Không chung chủ, tuyệt đối an ninh, sạch sẽ.- Điện 3.500/ký, nước máy giá nhà nước khoảng 30k/người/tháng.- Miễn phí: Tiền gửi xe, wifi, cáp tivi, rác.- Cọc 1 tháng.Chỉ nhận người thuê đàng hoàng - lịch sự, thuê lâu dài.* Xem phòng 24/24, tới trước nhà gọi số ĐT trên sẽ có BV mở cửa: 0902 666 ***ko nhắn zalo nhé).",tiffany43,https://storage.googleapis.com/rental-room-c34cb.appspot.com/Rooms/YnPRgwM3K736kEyjGqPZ/0.png,3000,1500000,6000,20000,true,YnPRgwM3K736kEyjGqPZ,25,Scott Day,LhGcRG7x6AQHnJbTZ7q5,A138,"https://www.google.com/maps/embed/v1/place?q=10.7952704,106.645765&key=AIzaSyAMd45cCGHSmsM2a5APxYRdOwV8kX-4m40","33B, Đường Hà Bá Tường, Phường 12, Tân Bình, Hồ Chí Minh",https://storage.googleapis.com/rental-room-c34cb.appspot.com/Rooms/YnPRgwM3K736kEyjGqPZ/3.png,
https://storage.googleapis.com/rental-room-c34cb.appspot.com/Rooms/YoqUAe9srafQLwUMGXTM/1.png,https://storage.googleapis.com/rental-room-c34cb.appspot.com/Rooms/YoqUAe9srafQLwUMGXTM/2.png,980.425.0105x1957,"985 Zimmerman Street Apt. 193
New Thomas, NH 48401",Standard Room,cgomez@example.net,"Chính chủ cho thuê phòng trọ dài hạn, máy lạnh, ban công, cửa sổ, thoáng mát, full nội thất, yên tĩnh, an ninh. Vào ở ngay.+ Gần trường ĐH Công Nghiệp, ĐH Mở TPHCM, BV 175, Siêu Thị Lotte, ĐH Gia Định...+ Gần sân bay Tân Sơn Nhất.+ Gần công viên Gò Vấp, công viên Gia Định.+ Gần chợ, siêu thị.+ Hẻm xe ô tô.+ Giá thuê 4.3 triệu /tháng.+ Điện 3.500 /1kw.+ Nước 100 k/1 người.+ Phòng máy lạnh, quạt tầng, nước nóng NLMT, toilet riêng.+ Giường, nệm, tủ quần áo, tủ lạnh.+ Giờ giấc tự do.+ Hệ thống an ninh có camera, khóa vân tay. PCCC tốt.+ Có máy giặt đồ chung.+ Miễn phí: Wifi, rác. Chỗ để xe rộng.+ LH: 0917 795 *** 0986 254 *** Chị Nguyệt (Chính Chủ).- Cam kết đúng như hình đăng.+ Xin cảm ơn.",rmills,https://storage.googleapis.com/rental-room-c34cb.appspot.com/Rooms/YoqUAe9srafQLwUMGXTM/0.png,3000,4300000,7000,20000,true,YoqUAe9srafQLwUMGXTM,30,Richard Ford,nSdytdUX1Zwbvd3A9jnO,A045,"https://www.google.com/maps/embed/v1/place?q=10.8496803,106.6809554&key=AIzaSyAMd45cCGHSmsM2a5APxYRdOwV8kX-4m40","Đường Nguyễn Văn Dung, Phường 6, Gò Vấp, Hồ Chí Minh",https://storage.googleapis.com/rental-room-c34cb.appspot.com/Rooms/YoqUAe9srafQLwUMGXTM/3.png,https://storage.googleapis.com/rental-room-c34cb.appspot.com/Rooms/YoqUAe9srafQLwUMGXTM/4.png
https://storage.googleapis.com/rental-room-c34cb.appspot.com/Rooms/Zu7VT3CEOweTOwLKpQMK/1.png,https://storage.googleapis.com/rental-room-c34cb.appspot.com/Rooms/Zu7VT3CEOweTOwLKpQMK/2.png,+1-485-269-7437x60769,"68598 West Lights Suite 879
Port Alejandro, OK 64713",Loft Room,karen55@example.net,"Địa chỉ: 548 Điện Biên Phủ P22 Bình Thạnh, thuận tiện di chuyển các quận trung tâm.Tòa nhà thang máy, 4 lầu, sân thượng.Dạng phòng: Duplex.Nội thất: Kệ bếp, tủ đồ, máy lạnh, giường nệm, bàn ăn 2 ghế, nóng lạnh, sofa.Chính sách dịch vụ và quy định của tòa nhà:+ Điện: 4k.+ Nước: 100k/ ng.+ Wifi, rác, dịch vụ: 150/ tháng.+ Gửi xe: Free 2 xe.+ Nuôi thú cưng: Hông.+ Giới hạn: 2 - 3 ng.Chính sách cọc và thanh toán tiền nhà.+ Cọc 1 tháng, 1,5 tháng.+ Cọc tối thiểu 2 triệu giữ 3 ngày. Sau 03 ngày bổ sung cọc đủ.+ Thời gian giữ phòng tối đa là 7 ngày kể từ ngày phát sinh cọc.+ Khách hàng vào thanh toán đủ tiền cọc và tiền nhà từ ngày ở đến cuối tháng, các tháng sau thanh toán từ ngày 01 - 05 hằng tháng.",kburgess,https://storage.googleapis.com/rental-room-c34cb.appspot.com/Rooms/Zu7VT3CEOweTOwLKpQMK/0.png,3000,6800000,6000,20000,true,Zu7VT3CEOweTOwLKpQMK,30,Lori Hebert,UsdrYc1XzqqjvtfORb0X,A055,"https://www.google.com/maps/embed/v1/place?q=10.7992439,106.7183573&key=AIzaSyAMd45cCGHSmsM2a5APxYRdOwV8kX-4m40","548, Đường Điện Biên Phủ, Phường 22, Bình Thạnh, Hồ Chí Minh",https://storage.googleapis.com/rental-room-c34cb.appspot.com/Rooms/Zu7VT3CEOweTOwLKpQMK/3.png,https://storage.googleapis.com/rental-room-c34cb.appspot.com/Rooms/Zu7VT3CEOweTOwLKpQMK/4.png
https://storage.googleapis.com/rental-room-c34cb.appspot.com/Rooms/a1XaaEcggSPSjH7x3M1N/1.png,https://storage.googleapis.com/rental-room-c34cb.appspot.com/Rooms/a1XaaEcggSPSjH7x3M1N/2.png,647-783-3515x43238,"685 Nguyen Heights Apt. 400
Nixonburgh, TN 76935",Loft Room,marshtonya@example.net,"* Địa chỉ: 76 Đất Thánh, P. 6, Tân Bình (gần công viên Lê Thị Riêng).* Tiện ích:- Có máy giặt, thang máy, hầm gửi xe.- Giờ giấc tự do, ra vào vân tay.- Gần nhiều trường đại học (Huflit, Bách Khoa, Kinh Tế, y khoa Phạm Ngọc Thạch... ).- Nhiều tiện ích xung quanh.Điện: 4.300đ/Kwh.Nước: 100.000đ/người.Wifi: 100.000đ/phòng.Xe: 100.000đ/chiếc.Rác: 20.000đ/phòng.-------Inbox hoặc liên hệ zalo 0855 746 ***Quyên) để xem phòng.",jacobferrell,https://storage.googleapis.com/rental-room-c34cb.appspot.com/Rooms/a1XaaEcggSPSjH7x3M1N/0.png,3000,6000000,14000,20000,true,a1XaaEcggSPSjH7x3M1N,20,Kevin Williams,lb3Nm4tbzi1jXXvChtZN,A119,"https://www.google.com/maps/embed/v1/place?q=10.7830308,106.6584266&key=AIzaSyAMd45cCGHSmsM2a5APxYRdOwV8kX-4m40","76, Đường Đất Thánh, Phường 6, Tân Bình, Hồ Chí Minh",https://storage.googleapis.com/rental-room-c34cb.appspot.com/Rooms/a1XaaEcggSPSjH7x3M1N/3.png,https://storage.googleapis.com/rental-room-c34cb.appspot.com/Rooms/a1XaaEcggSPSjH7x3M1N/4.png
,,236.465.3311,"5586 Ross Fords
Ariasport, IA 33293",Standard Room,vreese@example.com,"Phòng tại 33B Hà Bá Tường (cách ngã ba Trường Chinh - Đồng Đen 300m, mặt sau của đường Đồng Đen): Gần ngã tư Bảy Hiền, sân bay, giáp Q10, Q. Phú Nhuận, sân bay...Hiện nay có 2 loại phòng:1/ Loại 1: Giá phòng 3 triệu - 1/7 nhận phòng.2/ Loại 2: Giá phòng 3 triệu nhưng đang có 1 nam thanh niên 40t người miền nam đang ở để trông coi nhà trọ, nên cần tìm thêm 1 - 2 nam ở ghép để chia tiền phòng - (10/6 nhận phòng).- Nếu phòng chỉ ở 2 người thì giá 1.5 triệu/người.- Nếu phòng ở 3 người thì giá 1 triệu/người.Cả 2 loại: Trong phòng có: Máy lạnh, quạt treo tường, tủ áo, bếp, WC, kệ dép, kệ chén.. Các loại, chân bình nước.. Bồn cầu liền khối. Nhà mới.* Lưu ý:- Không chung chủ, tuyệt đối an ninh, sạch sẽ.- Điện 3.500/ký, nước máy giá nhà nước khoảng 30k/người/tháng.- Miễn phí: Tiền gửi xe, wifi, cáp tivi, rác.- Cọc 1 tháng.Chỉ nhận người thuê đàng hoàng - lịch sự, thuê lâu dài.* Xem phòng 24/24, tới trước nhà gọi số ĐT trên sẽ có BV mở cửa: 0902 666 ***ko nhắn zalo nhé).",evanroberts,https://storage.googleapis.com/rental-room-c34cb.appspot.com/Rooms/afc5kIbTL7X9Ip4cz7fF/0.png,2000,3000000,13000,20000,true,afc5kIbTL7X9Ip4cz7fF,25,Hayley Love,rwp80NR7erHDDqTjGG3A,A085,"https://www.google.com/maps/embed/v1/place?q=10.7952704,106.645765&key=AIzaSyAMd45cCGHSmsM2a5APxYRdOwV8kX-4m40","33B, Đường Hà Bá Tường, Phường 12, Tân Bình, Hồ Chí Minh",,
https://storage.googleapis.com/rental-room-c34cb.appspot.com/Rooms/avUBZXqNogvbbayyGUh6/1.png,https://storage.googleapis.com/rental-room-c34cb.appspot.com/Rooms/avUBZXqNogvbbayyGUh6/2.png,421-722-9759,"55830 Washington Village
Christopherhaven, ME 26433",Standard Room,elizabethlopez@example.com,"Mình có việc ở quê nên cần pass lại phòng trọ trong kdc Nam Long, gần trường cao Đẳng Kinh Tế Đối Ngoại.Giá thuê: 3tr2/tháng.Điện: 3,5k.Nước: 80k.Rác + wifi + máy giặt: 100k.Phòng có nhà vệ sinh riêng.Phòng nằm trong KDC nên sạch sẽ, an ninh, yên tĩnh.Gần quanh có BHX, Winmart, đủ loại cửa hàng ăn uống.Phòng 2 cửa sổ, 2 hướng thoáng mát.Điều hoà tiết kiệm điện, mình dùng máy lạnh + tủ lạnh mà chỉ tốn cao nhất 200k/tháng tiền điện.Phòng có sẵn tủ quần áo, 1 bàn gỗ để đồ.Phòng nằm ở lầu 3, tuy leo cầu thang cũng hơi mệt nhưng lại riêng tư, không chuột, dán.",matthewvega,https://storage.googleapis.com/rental-room-c34cb.appspot.com/Rooms/avUBZXqNogvbbayyGUh6/0.png,3000,3200000,6000,20000,true,avUBZXqNogvbbayyGUh6,25,Thomas Gray,dRQqZHnvvosCnIJHvMmU,A049,"https://www.google.com/maps/embed/v1/place?q=10.8092412948608,106.780601501465&key=AIzaSyAMd45cCGHSmsM2a5APxYRdOwV8kX-4m40","Dự án KDC Nam Long, Đường Đỗ Xuân Hợp, Phường Phước Long B, Quận 9, Hồ Chí Minh",,
https://storage.googleapis.com/rental-room-c34cb.appspot.com/Rooms/avyOiCvR4sU3DDjWH8ge/1.png,https://storage.googleapis.com/rental-room-c34cb.appspot.com/Rooms/avyOiCvR4sU3DDjWH8ge/2.png,815-269-3180x897,"40983 Richards Route Apt. 219
Stuartport, FL 76296",Standard Room,willie16@example.com,"Hifriendz cho ra các dự án siêu hot với giá HSSV chỉ từ 3,3 triệu/tháng.Địa chỉ: Kinh dương Vương - An Dương Vương - Đường số 1 - Quận 6 - Quận Bình Tân Ngay công viên Phú Lâm.Full nội thất: Máy lạnh, gác, bếp, tủ quần áo,Khu vực rộng rãi, an ninh.Camera 24/7.Cửa khoá vân tay.Giờ giấc tự do.Gọi cho em để mình được hỗ trợ xem phòng ngay nhé.Nhấn để hiện số: 0774 876 ***",josecordova,https://storage.googleapis.com/rental-room-c34cb.appspot.com/Rooms/avyOiCvR4sU3DDjWH8ge/0.png,2000,3300000,6000,20000,true,avyOiCvR4sU3DDjWH8ge,33,Jason Young,zSCN2vY8jD40gKfCPlBY,A058,"https://www.google.com/maps/embed/v1/place?q=10.7496203,106.6287781&key=AIzaSyAMd45cCGHSmsM2a5APxYRdOwV8kX-4m40","Đường An Dương Vương, Phường 12, Quận 6, Hồ Chí Minh",,
https://storage.googleapis.com/rental-room-c34cb.appspot.com/Rooms/bCX7vkW5T3eSDEGTQbg1/1.png,https://storage.googleapis.com/rental-room-c34cb.appspot.com/Rooms/bCX7vkW5T3eSDEGTQbg1/2.png,820-864-0108x2177,"35244 Miller Prairie
North Sarahview, SC 23918",Loft Room,robinsontodd@example.net,"Chính chủ cho thuê căn hộ dịch vụ đầy đủ nội thất tại 181/7 đường Âu Dương Lân, P2, Quận 8, gần cầu Chữ Y và cầu Nguyễn Văn Cừ tiện đi lại các Quận 5, 1, 4, 7, gần ĐH Sư Phạm, KHTN, ĐH Công nghệ, ĐH Rmit..* Giá: 5.000.000 đồng/tháng.* Phòng ở tối đa: 02 người.* Miễn phí:- Wifi từng phòng, cáp tivi.- Máy giặt (02 máy giặt, sân phơi).- Dọn phòng: 02 lần/tuần.- Thay gra: 01 lần/tuần.- Chỗ đậu xe máy.- Bảo vệ: 24/24.* Thanh toán:- Tiền điện: 4000 đồng/kw.- Nước sinh hoạt 150,000/ người/ tháng.",michael42,https://storage.googleapis.com/rental-room-c34cb.appspot.com/Rooms/bCX7vkW5T3eSDEGTQbg1/0.png,3000,5000000,15000,20000,true,bCX7vkW5T3eSDEGTQbg1,24,Mary Torres,Y91z4ZBWjgeQx11CpgtM,A204,"https://www.google.com/maps/embed/v1/place?q=10.7444997,106.683783&key=AIzaSyAMd45cCGHSmsM2a5APxYRdOwV8kX-4m40","181 Đường Âu Dương Lân, Phường 2, Quận 8, Hồ Chí Minh",https://storage.googleapis.com/rental-room-c34cb.appspot.com/Rooms/bCX7vkW5T3eSDEGTQbg1/3.png,https://storage.googleapis.com/rental-room-c34cb.appspot.com/Rooms/bCX7vkW5T3eSDEGTQbg1/4.png
https://storage.googleapis.com/rental-room-c34cb.appspot.com/Rooms/bHUoj2xkuI4gY30OdjdM/1.png,https://storage.googleapis.com/rental-room-c34cb.appspot.com/Rooms/bHUoj2xkuI4gY30OdjdM/2.png,001-800-204-2961x31714,"69645 Daniel Fall
Carolton, IL 36354",Loft Room,gregoryhernandez@example.com,"Phòng nằm trên mặt tiền đường Dương Quảng Hàm, gần Lê Đức Thọ, Phan Văn Trị, Trần Bá Giao. Cách VLU, IUH chỉ vài phút đi xe.Phòng được trang bị full nội thất, có thang máy, nhà xe, khu dân cư an ninh.Đảm bảo PCCC của nhà nước.",stacey02,https://storage.googleapis.com/rental-room-c34cb.appspot.com/Rooms/bHUoj2xkuI4gY30OdjdM/0.png,2000,6000000,3000,20000,true,bHUoj2xkuI4gY30OdjdM,45,Jesse Matthews,nDBJzhFTdW1yuENafPEk,A013,"https://www.google.com/maps/embed/v1/place?q=10.8289792,106.6891983&key=AIzaSyAMd45cCGHSmsM2a5APxYRdOwV8kX-4m40","Đường Dương Quảng Hàm, Phường 5, Gò Vấp, Hồ Chí Minh",https://storage.googleapis.com/rental-room-c34cb.appspot.com/Rooms/bHUoj2xkuI4gY30OdjdM/3.png,https://storage.googleapis.com/rental-room-c34cb.appspot.com/Rooms/bHUoj2xkuI4gY30OdjdM/4.png
,,413-996-4333,"18316 Green Views Apt. 317
Angelatown, NE 59332",Standard Room,ryanmay@example.net,"Còn 1 phòng TẦNG TRỆT cho thuê tại địa chỉ 686/72/41 Cách Mạng Tháng Tám P11 Q3.giờ giấc tự do,ko chung chủ thoải mái,Nhà ngay công viên Lê Thị Riêng.Giá 2tr500.(phòng mới,rộng rãi thoải mái ở tầng TRỆT,có bồn rửa chén,nệm,quạt,nước nóng...vv).nhà tắm riêng trong phòng tolet chung trước phòng.hỗ trợ nội thất theo yêu cầu tính phí.Điện 4k,nước 100/ng,xe+wifi+rác free.không phát sinh chi phí.Ai có nhu cầu vui lòng IB hoặc LH 0838 999 ***",kathleenwatkins,https://storage.googleapis.com/rental-room-c34cb.appspot.com/Rooms/bUIQWkMPdyZ1uzVrKCnc/0.png,2000,2500000,8000,20000,true,bUIQWkMPdyZ1uzVrKCnc,18,Christopher Reyes,0t0jHFGt4v3abf0ndpws,A072,"https://www.google.com/maps/embed/v1/place?q=10.7847437,106.6686984&key=AIzaSyAMd45cCGHSmsM2a5APxYRdOwV8kX-4m40","686/72/41, Đường Cách Mạng Tháng Tám, Phường 11, Quận 3, Hồ Chí Minh",,
https://storage.googleapis.com/rental-room-c34cb.appspot.com/Rooms/bXNDqZT3fXRRBk661akG/1.png,https://storage.googleapis.com/rental-room-c34cb.appspot.com/Rooms/bXNDqZT3fXRRBk661akG/2.png,587.705.4406x6259,"477 Sarah Ramp
West Dianeport, CA 91384",Standard Room,omartinez@example.net,"Chính chủ cho thuê phòng trọ trong căn hộ chung cư Era Town Đức Khải.Khu chung cư rộng rãi, thoáng mát, an ninh, tiện ích đầy đủ, tổng diện tích hơn 10ha với hơn 3000 căn hộ, cư dân đông đúc, đường xá rộng rãi, thông thoáng kết nối giao thông thuận tiện với các quận, trường học - chợ đi bộ ngay dưới chung cư. Cây xanh và bờ sông bao quanh khu này cực mát nhé.Phòng 17m² toilet riêng khép kín giá 3tr.Phòng 18m² cửa sổ view ngoài tolet riêng khép kín giá 3tr2.Phòng 18m² có nội thất cơ bản máy lạnh toilet riêng giá 3tr5.Phòng 25m² bồn tắm có nội thất tolet riêng giá 3tr8.Phòng 28m² cửa sổ 2 view toàn thành phố rộng nhất toilet riêng giá 3tr7.Phòng riêng 8 - 12m² giá 1tr6 - 2tr dùng chung cạnh phòng ít người ở tầng 1 có thêm 2 WC công cộng, giờ giấc tự do, khu nếp nấu ăn rộng rãi có tủ lạnh máy giặt dùng sẵn.Quan tâm LH SĐT hoặc nhắn zalo nếu cần thêm thông tin. Vui lòng đọc kỹ bài đăng của mình.Chủ nhà thân thiện, hoà đồng, tâm lý.",toddnguyen,https://storage.googleapis.com/rental-room-c34cb.appspot.com/Rooms/bXNDqZT3fXRRBk661akG/0.png,2000,3000000,14000,20000,true,bXNDqZT3fXRRBk661akG,17,Mercedes Solis,SyYjwvI7QTprlLDeSwKX,A004,"https://www.google.com/maps/embed/v1/place?q=10.6994161605835,106.730125427246&key=AIzaSyAMd45cCGHSmsM2a5APxYRdOwV8kX-4m40","Dự án The Era Town, Phường Phú Mỹ, Quận 7, Hồ Chí Minh",https://storage.googleapis.com/rental-room-c34cb.appspot.com/Rooms/bXNDqZT3fXRRBk661akG/3.png,https://storage.googleapis.com/rental-room-c34cb.appspot.com/Rooms/bXNDqZT3fXRRBk661akG/4.png
https://storage.googleapis.com/rental-room-c34cb.appspot.com/Rooms/c292g4ic0e6lJgIWX1QH/1.png,https://storage.googleapis.com/rental-room-c34cb.appspot.com/Rooms/c292g4ic0e6lJgIWX1QH/2.png,+1-742-801-1575x155,"86296 Laura Spur Apt. 922
Youngshire, OH 91306",Standard Room,vmiller@example.net,"Mặt tiền ngay Vườn Lài - Luỹ Bán Bích.Thuận tiện di chuyển, ô tô đưa đón tận cổng.Phòng mới chưa 1 đời chủ. Sạch sẽ, rộng rãi, thoáng mát. Cửa sổ full sáng.Nội thất full: Máy lạnh, tủ lạnh, bếp từ, giường tủ.. Chưa qua sử dụng.Nhiều phòng, nhiều mức giá, nhiều sự lựa chọn.Call trực tiếp (ib zalo/mess): Xem phòng.",elizabethroberts,https://storage.googleapis.com/rental-room-c34cb.appspot.com/Rooms/c292g4ic0e6lJgIWX1QH/0.png,2000,3500000,3000,20000,true,c292g4ic0e6lJgIWX1QH,30,Jennifer Potter,LFJaVuuDY0sDYUo8SIIw,A114,"https://www.google.com/maps/embed/v1/place?q=10.7914545,106.6335513&key=AIzaSyAMd45cCGHSmsM2a5APxYRdOwV8kX-4m40","Đường Tân Thành, Phường Tân Thành, Tân Phú, Hồ Chí Minh",https://storage.googleapis.com/rental-room-c34cb.appspot.com/Rooms/c292g4ic0e6lJgIWX1QH/3.png,https://storage.googleapis.com/rental-room-c34cb.appspot.com/Rooms/c292g4ic0e6lJgIWX1QH/4.png
https://storage.googleapis.com/rental-room-c34cb.appspot.com/Rooms/d0DxGTKfPQA04Gakw6OF/1.png,https://storage.googleapis.com/rental-room-c34cb.appspot.com/Rooms/d0DxGTKfPQA04Gakw6OF/2.png,774-316-3686,"1874 Smith Bridge Apt. 197
Brandonmouth, NH 30600",Standard Room,hamptonerika@example.com,"- Chính chủ cho thuê Nguyễn Văn Thương (D1 cũ), P. 25, Q. Bình Thạnh.- Sau Pearl Plaza, ngay chợ, giáp Q1, hẻm xe hơi, không ngập.- Giờ giấc tự do, để xe free, có camera an ninh.- Phòng đầy đủ nội thất..., lầu 1 & 3.- Còn 3 phòng: 4.6 triệu & 5 triệu (có ban công).LH: 0948 100 *** Khánh chính chủ (zalo).",vanessa37,https://storage.googleapis.com/rental-room-c34cb.appspot.com/Rooms/d0DxGTKfPQA04Gakw6OF/0.png,2000,4600000,12000,20000,true,d0DxGTKfPQA04Gakw6OF,18,Samantha Rhodes,hiIhT6rRAUhFzJV6LJxe,A083,"https://www.google.com/maps/embed/v1/place?q=10.8020983,106.7192368&key=AIzaSyAMd45cCGHSmsM2a5APxYRdOwV8kX-4m40","Đường Nguyễn Văn Thương, Phường 25, Bình Thạnh, Hồ Chí Minh",https://storage.googleapis.com/rental-room-c34cb.appspot.com/Rooms/d0DxGTKfPQA04Gakw6OF/3.png,https://storage.googleapis.com/rental-room-c34cb.appspot.com/Rooms/d0DxGTKfPQA04Gakw6OF/4.png
https://storage.googleapis.com/rental-room-c34cb.appspot.com/Rooms/dBgp9eBweTw75LV2tSR6/1.png,https://storage.googleapis.com/rental-room-c34cb.appspot.com/Rooms/dBgp9eBweTw75LV2tSR6/2.png,001-216-715-5572x4082,"369 Henderson Haven
Milesburgh, RI 73774",Loft Room,smithalex@example.com,"Khu trung tâm, ngay cầu Thị Nghè, thuận tiện đi các quận trung tâm, gần trường ĐH Thuỷ Lợi, Hutech, Hồng Bàng, Kiến Trúc...Hoàng Sa, Đa Kao, Q1.- Giá: 7tr2 - 7tr5 (tuỳ diện tích).Miễn phí toàn bộ dịch vụ: Wifi, giữ xe... (chỉ trả điện, nước).Tặng 500k cho khách chốt phòng đầu tiên.(Cam kết ưu đãi nhất thị trường).Tổng quan:- Căn hộ đầy đủ nội thất.- Camera an ninh 24/7.- Không chung chủ.- Giờ giấc tự do.- Nhà xe an ninh.- Hẻm xe tải.Nhận tìm phòng / căn hộ theo nhu cầu của khách hàng, hỗ trợ tìm phòng theo yêu cầu của khách hàng về đặc sản căn hộ và vị trí đường mà khách hàng mong muốn.Trợ giúp tìm kiếm phòng (miễn phí).Liên hệ: 0328 514 ***zalo chính chủ).",rasmussenjessica,https://storage.googleapis.com/rental-room-c34cb.appspot.com/Rooms/dBgp9eBweTw75LV2tSR6/0.png,2000,7200000,12000,20000,true,dBgp9eBweTw75LV2tSR6,35,Kimberly Porter,6s69WZbwvcHQ8EbEWf6s,A053,"https://www.google.com/maps/embed/v1/place?q=10.792583,106.7000018&key=AIzaSyAMd45cCGHSmsM2a5APxYRdOwV8kX-4m40","Đường Hoàng Sa, Phường Đa Kao, Quận 1, Hồ Chí Minh",https://storage.googleapis.com/rental-room-c34cb.appspot.com/Rooms/dBgp9eBweTw75LV2tSR6/3.png,https://storage.googleapis.com/rental-room-c34cb.appspot.com/Rooms/dBgp9eBweTw75LV2tSR6/4.png
https://storage.googleapis.com/rental-room-c34cb.appspot.com/Rooms/dv4XdgHVlZcJtOebPA8Q/1.png,https://storage.googleapis.com/rental-room-c34cb.appspot.com/Rooms/dv4XdgHVlZcJtOebPA8Q/2.png,337.650.9002x14300,"02378 Mcguire Drive Apt. 842
New Tamaraport, IN 62117",Loft Room,wilkersonrichard@example.org,"- Vị trí: Phạm Văn Hai, phường 5, Tân Bình.- Nằm gần CMT8, chợ Phạm Văn Hai, TTTM Blue Square, Trung tâm hội nghị tiệc cưới Unique 5. Cạnh đường Lê Văn Sỹ, Hoàng Sa, Trường Sa, thuận tiện cho việc di chuyển sang các quận trung tâm như: Quận Phú Nhuận, quận Gò Vấp, quận 3, quận 1, sân bay Tân Sơn Nhất,...- Nội thất: Giường, nệm, bàn, ghế sofa, tủ lạnh, máy lạnh, tủ đồ, rèm cuộn chống nắng.- Chính sách điện, nước, dịch vụ vui lòng.LH/Zalo: Ms. Thục để được tư vấn & đặt lịch xem phòng.",ramirezsara,https://storage.googleapis.com/rental-room-c34cb.appspot.com/Rooms/dv4XdgHVlZcJtOebPA8Q/0.png,3000,6400000,9000,20000,true,dv4XdgHVlZcJtOebPA8Q,30,Brian Allen,WaWmRJIU4pQQ2qA8jkIw,A183,"https://www.google.com/maps/embed/v1/place?q=10.791296,106.6619084&key=AIzaSyAMd45cCGHSmsM2a5APxYRdOwV8kX-4m40","Đường Phạm Văn Hai, Phường 5, Tân Bình, Hồ Chí Minh",https://storage.googleapis.com/rental-room-c34cb.appspot.com/Rooms/dv4XdgHVlZcJtOebPA8Q/3.png,https://storage.googleapis.com/rental-room-c34cb.appspot.com/Rooms/dv4XdgHVlZcJtOebPA8Q/4.png
https://storage.googleapis.com/rental-room-c34cb.appspot.com/Rooms/dyABpC7CFuHsWxf5DAyN/1.png,https://storage.googleapis.com/rental-room-c34cb.appspot.com/Rooms/dyABpC7CFuHsWxf5DAyN/2.png,845.570.8904,"96027 Duran Centers Apt. 181
Hardinville, NH 64611",Standard Room,jonathanlynch@example.org,"304 Nguyễn Thị Minh Khai - Q3.- 202, 103: 3.200.0000 Đ.- 503: 3.5000.000 Đ.- 303: 4.200.000 Đ.Điện 3k5.Nước 100k/người.Pdv 150k/phòng.Xe gửi bãi gần nhà 400k/c, bên mình hỗ trợ 200k/c.Giặt sấy chung, thang bộ, ra vào vân tay giờ giấc tự do.Liên hệ quản lý toà nhà.",cartergary,https://storage.googleapis.com/rental-room-c34cb.appspot.com/Rooms/dyABpC7CFuHsWxf5DAyN/0.png,2000,3500000,10000,20000,true,dyABpC7CFuHsWxf5DAyN,15,Karen Myers,QCjNEqRMoh3FbNorNWlW,A164,"https://www.google.com/maps/embed/v1/place?q=10.7708401,106.6867468&key=AIzaSyAMd45cCGHSmsM2a5APxYRdOwV8kX-4m40","Đường Nguyễn Thị Minh Khai, Phường 5, Quận 3, Hồ Chí Minh",https://storage.googleapis.com/rental-room-c34cb.appspot.com/Rooms/dyABpC7CFuHsWxf5DAyN/3.png,https://storage.googleapis.com/rental-room-c34cb.appspot.com/Rooms/dyABpC7CFuHsWxf5DAyN/4.png
,,+1-600-925-4747,"7999 David Well
West Derrick, GU 55931",Standard Room,megan80@example.com,"Phòng mới full nội thất.Giá: 4.000.000.------Nội thất: Giường, máy lạnh, nệm, gối, tủ đồ, máy giặt, máy sấy, bình siêu tốc, hệ thống nước nóng năng lượng mặt trời.Tiện ích: WC riêng, Có ban công thoáng mát, Wifi, dịch vụ dọn phòng hàng tháng.Không chung chủ, giờ giấc tự do, camera 24/24, Cửa khoá vân tay, xe để trong nhà,...Gần các hàng quán ăn,...Cam kết hình thật - phòng thật.------IB zalo 0905 738 ***An Điền).",qtaylor,https://storage.googleapis.com/rental-room-c34cb.appspot.com/Rooms/e0PgpVCcAWreswsEv0Jq/0.png,3000,4000000,12000,20000,true,e0PgpVCcAWreswsEv0Jq,30,Carla Yoder,sVfCdEf2l3GsiYkBxJlR,A174,"https://www.google.com/maps/embed/v1/place?q=10.7986519,106.6496801&key=AIzaSyAMd45cCGHSmsM2a5APxYRdOwV8kX-4m40","Đường A4, Phường 12, Tân Bình, Hồ Chí Minh",,
https://storage.googleapis.com/rental-room-c34cb.appspot.com/Rooms/eJDPRHHinhFgyBZrjGGq/1.png,https://storage.googleapis.com/rental-room-c34cb.appspot.com/Rooms/eJDPRHHinhFgyBZrjGGq/2.png,+1-800-799-1242x22693,"2293 Anderson Ridge
New Lisa, AK 91035",Loft Room,gilbertcarolyn@example.com,"Cho thuê căn hộ dịch vụ cao cấp cách sân bay 5p chạy xe, có máy giặt riêng, ban công thoáng mát Vị trí: Bạch Đằng, p2 , Tân BìnhNội thất: full nội thất cao cấp, máy giặt riêng, smart TV...Tiện nghi: thang máy, ra vào vân tay, camera an ninh 24/24, giờ giấc tự do không chung chủGiá : 9.600.000 vnđ (phòng cửa sổ)13.600.000 vnđ (phòng ban công)- Liên hệ : 0378 935 *** - em Quang Anh hỗ trợ tư vấn và tìm phòng căn hộ dịch vụ , chung cư theo nhu cầu",hhoward,https://storage.googleapis.com/rental-room-c34cb.appspot.com/Rooms/eJDPRHHinhFgyBZrjGGq/0.png,3000,13600000,6000,20000,true,eJDPRHHinhFgyBZrjGGq,45,Stephanie Kelly,hoL2sUDvtiMs9ji4kIT4,A047,"https://www.google.com/maps/embed/v1/place?q=10.8150439,106.6729415&key=AIzaSyAMd45cCGHSmsM2a5APxYRdOwV8kX-4m40","Đường Bạch Đằng, Phường 2, Tân Bình, Hồ Chí Minh",https://storage.googleapis.com/rental-room-c34cb.appspot.com/Rooms/eJDPRHHinhFgyBZrjGGq/3.png,https://storage.googleapis.com/rental-room-c34cb.appspot.com/Rooms/eJDPRHHinhFgyBZrjGGq/4.png
https://storage.googleapis.com/rental-room-c34cb.appspot.com/Rooms/eUMXmCuLlMMmdMQpXFQJ/1.png,https://storage.googleapis.com/rental-room-c34cb.appspot.com/Rooms/eUMXmCuLlMMmdMQpXFQJ/2.png,780.223.6196x23015,"192 Jennifer Loaf Suite 386
West Williamland, MO 90876",Standard Room,caseywilson@example.com,"Em cho thuê phòng địa chỉ 116 xẹc 12 đường Lê Đình Cẩn Phường Tân Tạo Quận Bình Tân.DT: 20m².Giá: 2 tr/ tháng cọc 1 tháng.Điện 3,5k, nước 20k, có thể dắt xe vô phòng hoặc để sân phía trước. Phù hợp Ở vợ chồng, học sinh sinh viên, người đi làm...Liên hệ trước 15p khi đến khỏi phải chờ xin cảm ơn.",hamiltondonald,https://storage.googleapis.com/rental-room-c34cb.appspot.com/Rooms/eUMXmCuLlMMmdMQpXFQJ/0.png,3000,2000000,4000,20000,true,eUMXmCuLlMMmdMQpXFQJ,20,Brittany Lee,BXkGLM92a0oohn9VFPqX,A016,"https://www.google.com/maps/embed/v1/place?q=10.7595825,106.5990165&key=AIzaSyAMd45cCGHSmsM2a5APxYRdOwV8kX-4m40","116/12, Đường Lê Đình Cẩn, Phường Tân Tạo, Bình Tân, Hồ Chí Minh",https://storage.googleapis.com/rental-room-c34cb.appspot.com/Rooms/eUMXmCuLlMMmdMQpXFQJ/3.png,https://storage.googleapis.com/rental-room-c34cb.appspot.com/Rooms/eUMXmCuLlMMmdMQpXFQJ/4.png
https://storage.googleapis.com/rental-room-c34cb.appspot.com/Rooms/ea1FDgQB4zoUegWl32ya/1.png,https://storage.googleapis.com/rental-room-c34cb.appspot.com/Rooms/ea1FDgQB4zoUegWl32ya/2.png,311-630-5033x128,"306 Chad Prairie
New Cherylshire, MS 40299",Loft Room,christopherfloyd@example.net,"* Địa chỉ: 76 Đất Thánh, P. 6, Tân Bình (gần công viên Lê Thị Riêng).* Tiện ích:- Có máy giặt, thang máy, hầm gửi xe.- Giờ giấc tự do, ra vào vân tay.- Gần nhiều trường đại học (Huflit, Bách Khoa, Kinh Tế, y khoa Phạm Ngọc Thạch... ).- Nhiều tiện ích xung quanh.Điện: 4.300đ/Kwh.Nước: 100.000đ/người.Wifi: 100.000đ/phòng.Xe: 100.000đ/chiếc.Rác: 20.000đ/phòng.-------Inbox hoặc liên hệ zalo 0855 746 ***Quyên) để xem phòng.",karenlopez,https://storage.googleapis.com/rental-room-c34cb.appspot.com/Rooms/ea1FDgQB4zoUegWl32ya/0.png,2000,6000000,8000,20000,true,ea1FDgQB4zoUegWl32ya,20,Alan Cherry,u2kH6p21Kj5QgfzEvM8D,A069,"https://www.google.com/maps/embed/v1/place?q=10.7830308,106.6584266&key=AIzaSyAMd45cCGHSmsM2a5APxYRdOwV8kX-4m40","76, Đường Đất Thánh, Phường 6, Tân Bình, Hồ Chí Minh",https://storage.googleapis.com/rental-room-c34cb.appspot.com/Rooms/ea1FDgQB4zoUegWl32ya/3.png,https://storage.googleapis.com/rental-room-c34cb.appspot.com/Rooms/ea1FDgQB4zoUegWl32ya/4.png
https://storage.googleapis.com/rental-room-c34cb.appspot.com/Rooms/epOSoWYY55L4QeLeBxyV/1.png,https://storage.googleapis.com/rental-room-c34cb.appspot.com/Rooms/epOSoWYY55L4QeLeBxyV/2.png,001-609-945-5306,"0253 Henderson Way
Hortontown, NJ 65121",Standard Room,angelasmith@example.org,"Hifriendz cho ra các dự án siêu hot với giá hssv chỉ từ 3 triệu.Địa chỉ: Kinh Dương Vương - An Dương Vương - đường số 1 - Quận 6 - Quận Bình Tân Ngay công viên Phú Lâm.Full nội thất: Máy lạnh, gác, bếp, tủ quần áo.Khu vực rộng rãi, an ninh.Camera 24/7.Cửa khoá vân tay.Giờ giấc tự do.Gọi cho em để mình được hỗ trợ xem phòng ngay nhé.Nhấn để hiện số: 0774 876 ***",hamptonjoann,https://storage.googleapis.com/rental-room-c34cb.appspot.com/Rooms/epOSoWYY55L4QeLeBxyV/0.png,3000,3000000,8000,20000,true,epOSoWYY55L4QeLeBxyV,30,Brianna Rogers,NoszIb8kg2PCnlL6xvsf,A064,"https://www.google.com/maps/embed/v1/place?q=10.7496203,106.6287781&key=AIzaSyAMd45cCGHSmsM2a5APxYRdOwV8kX-4m40","Đường An Dương Vương, Phường 12, Quận 6, Hồ Chí Minh",,
https://storage.googleapis.com/rental-room-c34cb.appspot.com/Rooms/f4FupO5Vb3JYf936r0Nw/1.png,https://storage.googleapis.com/rental-room-c34cb.appspot.com/Rooms/f4FupO5Vb3JYf936r0Nw/2.png,284.223.8100,"4704 Johnson Streets
Durhamville, GA 10017",Loft Room,lingram@example.com,"CHDV full nội thất tại 57/5 Mạc Đĩnh Chi, P. Đa Kao, Q1.Mỗi tầng là 1 CHDV riêng biệt.Mỗi CHDV rộng 18m², có cửa sổ.WC + Bếp khép kín, bao gồm đầy đủ giường tủ, tivi, tủ lạnh, máy lạnh.Máy giặt + sấy: Tại tầng lửng.Phí DV:Điện 4K/kwh.Nước 100K/ người.Miễn phí wifi.Mr Lợi 0983 368 ***",nicholascollins,https://storage.googleapis.com/rental-room-c34cb.appspot.com/Rooms/f4FupO5Vb3JYf936r0Nw/0.png,2000,6500000,9000,20000,true,f4FupO5Vb3JYf936r0Nw,18,Tanya Price,vCKuDfwPkFRWUKbcDKni,A190,"https://www.google.com/maps/embed/v1/place?q=10.7855096,106.6986744&key=AIzaSyAMd45cCGHSmsM2a5APxYRdOwV8kX-4m40","57/5, Đường Mạc Đĩnh Chi, Phường Đa Kao, Quận 1, Hồ Chí Minh",https://storage.googleapis.com/rental-room-c34cb.appspot.com/Rooms/f4FupO5Vb3JYf936r0Nw/3.png,https://storage.googleapis.com/rental-room-c34cb.appspot.com/Rooms/f4FupO5Vb3JYf936r0Nw/4.png
https://storage.googleapis.com/rental-room-c34cb.appspot.com/Rooms/fMBPtUSiBqAcQOk32RR8/1.png,https://storage.googleapis.com/rental-room-c34cb.appspot.com/Rooms/fMBPtUSiBqAcQOk32RR8/2.png,+1-743-642-5194,"4073 Fritz Ville Suite 163
Scottchester, LA 62485",Loft Room,emmawalton@example.com,"Cho thuê căn hộ Quận 7.Vị trí: Đường số 1, Bình Thuận, Q7.Thiết kế dạng: 1 phòng ngủ, phòng khách và bếp.Full nội thất, camera an ninh, giờ giấc tự do, bảo vệ, hầm xe,...Chi phí dịch vụ:- Điện 3.5k.- Nước 25k/m3.- Xe 100k/chiếc.- Free phí dịch vụ và xe.Call/zalo: 0976 738 *** để được tư vấn.Cho thuê phòng giá chỉ từ 4triệu.",allenadam,https://storage.googleapis.com/rental-room-c34cb.appspot.com/Rooms/fMBPtUSiBqAcQOk32RR8/0.png,3000,8000000,4000,20000,true,fMBPtUSiBqAcQOk32RR8,50,Jennifer Buchanan,ZSOS5WlVHkwY7WFqD2VR,A200,"https://www.google.com/maps/embed/v1/place?q=10.7369779,106.7177528&key=AIzaSyAMd45cCGHSmsM2a5APxYRdOwV8kX-4m40","Đường Số 1, Phường Bình Thuận, Quận 7, Hồ Chí Minh",https://storage.googleapis.com/rental-room-c34cb.appspot.com/Rooms/fMBPtUSiBqAcQOk32RR8/3.png,https://storage.googleapis.com/rental-room-c34cb.appspot.com/Rooms/fMBPtUSiBqAcQOk32RR8/4.png
https://storage.googleapis.com/rental-room-c34cb.appspot.com/Rooms/fYOnAKdKtZkgQrFfVuXW/1.png,https://storage.googleapis.com/rental-room-c34cb.appspot.com/Rooms/fYOnAKdKtZkgQrFfVuXW/2.png,+1-673-339-2849,"1772 Duncan Rest
North Jay, OH 91315",Loft Room,margaret83@example.com,"Nguyễn Xí, P13, Bình Thạnh (bên cạnh Cầu Đỏ).Địa điểm: Gần cầu Bình Lợi, cạnh học viện Cán bộ TpHCM, BV Đa Khoa Gia Định.- Giá: 5tr5 - 6tr (tuỳ diện tích).Giảm giá cho khách xem sớm.Tổng quan:- Căn hộ đầy đủ nội thất.- Camera an ninh 24/7.- Hẻm xe tải.- Không chung chủ.- Giờ giấc tự do.- Hầm xe an ninh.- Thang máy.Nhận tìm phòng / căn hộ theo nhu cầu của khách hàng, hỗ trợ tìm phòng theo yêu cầu của khách hàng về đặc sản căn hộ và vị trí đường mà khách hàng mong muốn.Trợ giúp tìm kiếm phòng (miễn phí).Liên hệ: 0328 514 ***zalo chính chủ).",zshelton,https://storage.googleapis.com/rental-room-c34cb.appspot.com/Rooms/fYOnAKdKtZkgQrFfVuXW/0.png,3000,5500000,11000,20000,true,fYOnAKdKtZkgQrFfVuXW,30,James Blair,N1fEecS6Iece2qwPiuDr,A209,"https://www.google.com/maps/embed/v1/place?q=10.8200704,106.7040266&key=AIzaSyAMd45cCGHSmsM2a5APxYRdOwV8kX-4m40","Đường  Nguyễn Xí, Phường 13, Bình Thạnh, Hồ Chí Minh",https://storage.googleapis.com/rental-room-c34cb.appspot.com/Rooms/fYOnAKdKtZkgQrFfVuXW/3.png,https://storage.googleapis.com/rental-room-c34cb.appspot.com/Rooms/fYOnAKdKtZkgQrFfVuXW/4.png
https://storage.googleapis.com/rental-room-c34cb.appspot.com/Rooms/fwZ4pXRydP9iaCD9N1G7/1.png,https://storage.googleapis.com/rental-room-c34cb.appspot.com/Rooms/fwZ4pXRydP9iaCD9N1G7/2.png,939-243-8321x30910,"35574 Stephanie Springs Apt. 446
Tonyaside, PW 71146",Loft Room,crivera@example.net,"NHà ""mới xây"", nội thất mới, đầy đủ tiện nghi, có bếp riêng từng phòng, thiết bị nội thất cao cấp, cho thuê ngay gần bệnh viện 115, trên đường Thành Thái, trung tâm Q. 10.Giờ giấc tự do. Không ở chung với chủ. Giá ưu đãi chỉ 5.0 tr/tháng.* Vị trí:- Địa chỉ: 117 Thành Thái, P. 14, Q. 10 (Gần Tô Hiến Thành, Y Phạm ngọc thạch, bệnh viện 115).- Hẻm rộng 2 ô tô vào được, vào hẻm 10m là đến nhà.- Chỉ mất chưa đến 8 phút để vào các quận trung tâm như Q1, Q3, Q5,...- Gần ĐH Ngoại Ngữ - Tin Học TPHCM (Huflit), ĐH Bách Khoa, ĐH Y Phạm Ngọc Thạch, ĐH Kinh Tế HCM, Bệnh viện 115..- Gần Viva Coffee Thành Thái, Cây Xăng thành thái, Chung cư Đào Duy Từ.- Gần Siêu Thị Big C, Corp Mart, bệnh viện Nhi Đồng 1, BV Đa Khoa Vạn Hạnh, Nhà thi đấu Nguyễn Tri Phương, nhà thi đấu Phú Thọ, nhà hát Hòa Bình, học viện Hành Chính Quốc Gia.* Tiện ích:- Nội thất mới 100%.- Giường, nệm, drab, gối đầy đủ ""Mới tinh"".- Tivi kết nối truyền hình cáp nhiều kênh.- Máy lạnh, tủ lạnh tiết kiệm điện, mới 100%.- Hệ thống internet cực mạnh.- Có máy giặt.- Sân phơi đồ riêng có mái che, không sợ mất đồ, không lo bị ướt khi trời mưa.- Bãi để xe sạch sẽ và rộng rãi.- Giờ giấc tự do, không ở chung với chủ.* An ninh:- Nhà được giám sát bằng hệ thống camera, 24/24.- Sử dụng khóa vân tay an toàn tuyệt đối 100%.- Nằm trong khu quân đội, các cơ quan nhà nước nên rất an ninh.* Giá phòng:+ Giá thuê chỉ với 5.0 tr/th.Gọi ngay: 0945 640 ***anh Tuấn) chính chủ để xem phòng.",robertlozano,https://storage.googleapis.com/rental-room-c34cb.appspot.com/Rooms/fwZ4pXRydP9iaCD9N1G7/0.png,2000,5000000,3000,20000,true,fwZ4pXRydP9iaCD9N1G7,25,Nicholas Mckinney,k62uYU26dIkwqiQLymPg,A003,"https://www.google.com/maps/embed/v1/place?q=10.7746793,106.6643099&key=AIzaSyAMd45cCGHSmsM2a5APxYRdOwV8kX-4m40","117, Đường Thành Thái, Phường 14, Quận 10, Hồ Chí Minh",https://storage.googleapis.com/rental-room-c34cb.appspot.com/Rooms/fwZ4pXRydP9iaCD9N1G7/3.png,https://storage.googleapis.com/rental-room-c34cb.appspot.com/Rooms/fwZ4pXRydP9iaCD9N1G7/4.png
https://storage.googleapis.com/rental-room-c34cb.appspot.com/Rooms/gvbZ45x7DWLtPmvK8oVz/1.png,https://storage.googleapis.com/rental-room-c34cb.appspot.com/Rooms/gvbZ45x7DWLtPmvK8oVz/2.png,9018872565,"1816 Brian Rue
East Willieside, VA 18705",Loft Room,smoore@example.com,"* Cho thuê nhiều phòng mới, sạch sẽ, an ninh 24/7.- Địa chỉ: Đường Số 1, KDC Sông Giồng, Phường An Phú, Quận 2.* Tiện ích: Gần trường học các cấp, đại học công nghệ UMT, đại học Văn Hóa, đại học Giao Thông Vận tải, siêu thị Win mart, family, chợ truyền thống, Bệnh viện quận 2, trung tâm hành chính Tp Thủ Đức.* Vị trí: Gần trung tâm Q1, Q4, Q7. Q9, Bình Thạnh, Thủ Đức, cao tốc Long Thành - Dầu Giây, Nhơn Trạch...* Tiện ích chung:- Cửa từ vân tay, phòng ngủ khóa cơ hoặc vân tay tùy giá tiền.- Giặt chung.- Camera an ninh 24/7.- Wifi tốc độ cao.* Diện tích phòng: Từ 20 m - 50 m² / 1 PN + 1 WC. (Tùy giá, tùy diện tích).* Giá thuê: Từ 4.5 triệu - 15 triệu / tháng (Tùy căn tùy giá, inbox zalo để thông tin chính xác).* Các chi phí phát sinh khác:- Điện: 3,500 đ/ kwh.- Nước: 100k / người.- Phí dịch vụ: Từ 100k - 200K /người (giặt, wifi, vệ sinh hành lang, xử lý rác).* Ngoài ra còn cho thuê nhiều căn hộ giá rẻ khu vực Phường Cát Lái, Q2: Giá thuê chỉ từ 2.5 triệu - 5.5 triệu / tháng.* Liên hệ tư vấn: 0911 490 ***có thể nhắn tin qua zalo).",acunningham,https://storage.googleapis.com/rental-room-c34cb.appspot.com/Rooms/gvbZ45x7DWLtPmvK8oVz/0.png,2000,5000000,4000,20000,true,gvbZ45x7DWLtPmvK8oVz,20,Clinton Leon,OBZMnrwMIsaeervXDYbt,A014,"https://www.google.com/maps/embed/v1/place?q=10.7982804,106.738706&key=AIzaSyAMd45cCGHSmsM2a5APxYRdOwV8kX-4m40","Đường 1, Phường An Phú, Quận 2, Hồ Chí Minh",https://storage.googleapis.com/rental-room-c34cb.appspot.com/Rooms/gvbZ45x7DWLtPmvK8oVz/3.png,https://storage.googleapis.com/rental-room-c34cb.appspot.com/Rooms/gvbZ45x7DWLtPmvK8oVz/4.png
https://storage.googleapis.com/rental-room-c34cb.appspot.com/Rooms/hBAOBVv4CR9d6bkGZCzc/1.png,https://storage.googleapis.com/rental-room-c34cb.appspot.com/Rooms/hBAOBVv4CR9d6bkGZCzc/2.png,+1-648-313-4217x23693,"9935 Collins Lane Apt. 792
Alexanderchester, CA 82045",Loft Room,chelseabrown@example.org,"Đc: Lê Quang Định P1 GVGẦn Phạm Văn Đồng, tiện qua Gigamall.Sân bay, Q3 cũng thuận tiện di chuyểnNgoài ra nội thất trang bị đầy đủ; máy lạnh, tủ lạnh, tủ đồ, bàn ghế, rèm cửa,  máy hút mùiKo chung chủ, giờ giấc tự dođiện 4knước 100k/ngfree phí dịch vụ & xeinbox zalo để xem thêm video",riostroy,https://storage.googleapis.com/rental-room-c34cb.appspot.com/Rooms/hBAOBVv4CR9d6bkGZCzc/0.png,2000,5000000,9000,20000,true,hBAOBVv4CR9d6bkGZCzc,30,Jorge Ibarra,k3sRwLzDAu2g2M1EzdiS,A121,"https://www.google.com/maps/embed/v1/place?q=10.8148203,106.6895396&key=AIzaSyAMd45cCGHSmsM2a5APxYRdOwV8kX-4m40","Đường Lê Quang Định, Phường 1, Gò Vấp, Hồ Chí Minh",https://storage.googleapis.com/rental-room-c34cb.appspot.com/Rooms/hBAOBVv4CR9d6bkGZCzc/3.png,https://storage.googleapis.com/rental-room-c34cb.appspot.com/Rooms/hBAOBVv4CR9d6bkGZCzc/4.png
https://storage.googleapis.com/rental-room-c34cb.appspot.com/Rooms/hECdNPaBAfZ89HNs3l9h/1.png,https://storage.googleapis.com/rental-room-c34cb.appspot.com/Rooms/hECdNPaBAfZ89HNs3l9h/2.png,858.462.3358,"03879 Jennifer Pass Apt. 436
Mendeztown, MO 21532",Standard Room,andrew74@example.org,"Hiện tại nhà mình còn 1 phòng (giống hình) 20m² còn trống cho thuê. Có đầy đủ wifi internet cáp quang, truyền hình cáp, vệ sinh riêng, máy nước nóng năng lượng mặt trời, có chỗ để xe riêng, có cửa sổ thoáng mát, đặc biệt có ống đồng đi âm tường sẵn cho bạn nào muốn gắn máy lạnh. Nhà mới xây phòng còn mới. Cách chợ Xóm Mới, trường học cấp 1, 2 trong bán kính 50m.Liên hệ: Xem nhà 24/7.",ecervantes,https://storage.googleapis.com/rental-room-c34cb.appspot.com/Rooms/hECdNPaBAfZ89HNs3l9h/0.png,3000,2500000,13000,20000,true,hECdNPaBAfZ89HNs3l9h,20,Brittany Sandoval,UUyMpwotXGo69pLO2MjX,A010,"https://www.google.com/maps/embed/v1/place?q=10.8480376,106.6616977&key=AIzaSyAMd45cCGHSmsM2a5APxYRdOwV8kX-4m40","Đường Số 2, Phường 16, Gò Vấp, Hồ Chí Minh",https://storage.googleapis.com/rental-room-c34cb.appspot.com/Rooms/hECdNPaBAfZ89HNs3l9h/3.png,
https://storage.googleapis.com/rental-room-c34cb.appspot.com/Rooms/hEFwZXthqMfupnAcmJ2t/1.png,https://storage.googleapis.com/rental-room-c34cb.appspot.com/Rooms/hEFwZXthqMfupnAcmJ2t/2.png,+1-378-448-5265,"PSC 5662, Box 3294
APO AP 50828",Standard Room,wilkinsonjeffery@example.com,"Phòng 3,3 triệu trống sẵn. Ngay mặt tiền đường Tạ Quang Bửu. Phường 4. Quận 8. Gần chung cư Topaz. Trường ĐH STU... Thuận tiện di chuyển qua các quận trung tâm.Nội thất có máy lạnh. Kệ bếp. Nệm.Giá 3,3 triệu chốt. Cọc 1 tháng thanh toán 1 tháng. HĐ 6 - 12 tháng.Điện 4k 1kw.Nước 100k/người.Xe wifi rác miến phí.Cho nấu ăn. Nuôi pet. Ko giới hạn người ở. Giờ giấc tự do. Ko chung chủ. Ra vào bằng khoá vân tay.Có sân thượng phơi đồ.Xem phòng liên hệ 948034591 trước 30 phút nhé xin cám ơn.",paulahayes,https://storage.googleapis.com/rental-room-c34cb.appspot.com/Rooms/hEFwZXthqMfupnAcmJ2t/0.png,2000,3300000,10000,20000,true,hEFwZXthqMfupnAcmJ2t,18,Johnny Daniels,30z2hG2wtJKjT9spNs7C,A065,"https://www.google.com/maps/embed/v1/place?q=10.7393906726555,106.675746839731&key=AIzaSyAMd45cCGHSmsM2a5APxYRdOwV8kX-4m40","Đường  Tạ Quang Bửu, Phường 4, Quận 8, Hồ Chí Minh",https://storage.googleapis.com/rental-room-c34cb.appspot.com/Rooms/hEFwZXthqMfupnAcmJ2t/3.png,
https://storage.googleapis.com/rental-room-c34cb.appspot.com/Rooms/hXpH041I8oRihgAHxmj5/1.png,https://storage.googleapis.com/rental-room-c34cb.appspot.com/Rooms/hXpH041I8oRihgAHxmj5/2.png,(880)890-3858,"99165 Sean Gardens Apt. 001
Brucefort, AS 18650",Loft Room,jeffrey10@example.com,"Phòng đẹp cho thuê, công viên lớn ngay trước nhà, đậu ô tô thoải mái, đầy đủ tiện nghi, sang trọng.Nhà ngay vòng xoay dân chủ, phía sau tòa nhà Viettel, kế bên chung cư Hạ Đô, trung tâm Q10, Q3, Q1, yên tĩnh và tự do về giờ giấc. Diện tích 28m², giá chỉ 6.2 triệu/tháng.1. Vị trí đắc địa:+ Địa chỉ: 283 CMT8, Q10 (ngay vòng xoay Dân Chủ).+ Đối diện công viên 283.+ Phía sau tòa nhà Viettel, Kế bên chung cư Hạ Đô Centrosa.+ Đường lớn đậu ô tô thoải mái.+ Gần vòng xoay Dân Chủ, sân khấu Lan Anh, Capella Gallery Hall, siêu thị Maximart, Vincom 3/2...+ Chỉ mất 10 phút để đến sân bay Tân Sơn Nhất, 5 phút để ra Ga Sài Gòn.+ Mất 3 phút ra trục đường lớn: Đường 3/2, Điện Biên Phủ, Võ Thị Sáu, Lý Chính Thắng, Nguyễn Thượng Hiền, Tô Hiến Thành, Sư Vạn Hạnh...2. Tiện ích:+ Công viên cây xanh ngay trước nhà.+ Nội thất có bếp, tủ lạnh như hình.+ Máy lạnh.+ Đặc biệt hệ thống bếp đầy đủ.+ Có máy giặt đầy đủ.+ Toilet rộng rãi, sạch sẽ, sang trọng.3. An ninh:+ Nhà được giám sát bằng hệ thống camera 24/24.+ Nằm trong khu quân đội, các cơ quan nhà nước nên rất an ninh.4. Tự do về giờ giấc:5. Giá phòng:+ Ưu đãi chỉ 6,2 triệu/tháng.+ Điện 3.800 Đ/Kwh.Liên hệ: A. Tuấn 0945 640 ***) chính chủ để xem nhà nhé.",riversdavid,https://storage.googleapis.com/rental-room-c34cb.appspot.com/Rooms/hXpH041I8oRihgAHxmj5/0.png,2000,6200000,13000,20000,true,hXpH041I8oRihgAHxmj5,28,Samantha Mills,NCqTzsnZpJmNgoSi9Nz5,A057,"https://www.google.com/maps/embed/v1/place?q=10.7791909,106.6790365&key=AIzaSyAMd45cCGHSmsM2a5APxYRdOwV8kX-4m40","283, Đường Cách Mạng Tháng Tám, Phường 12, Quận 10, Hồ Chí Minh",https://storage.googleapis.com/rental-room-c34cb.appspot.com/Rooms/hXpH041I8oRihgAHxmj5/3.png,https://storage.googleapis.com/rental-room-c34cb.appspot.com/Rooms/hXpH041I8oRihgAHxmj5/4.png
https://storage.googleapis.com/rental-room-c34cb.appspot.com/Rooms/hYW58tBxFoZ9zsaJubqY/1.png,https://storage.googleapis.com/rental-room-c34cb.appspot.com/Rooms/hYW58tBxFoZ9zsaJubqY/2.png,6645070207,"Unit 9636 Box 2968
DPO AA 26926",Standard Room,michael93@example.net,"Phòng 4tr, Ở tối đa 3 người 2 xe. (Ảnh Thật).Điện 4.000.Nước 100k/ ng.Phí dịch vụ (rác, dọn khu vực chung, điện máy giặt) 100k/ phòng 2ng.Wifi 100k/ tháng.Toilet riêng, giờ giấc tự do.Sân thượng, máy giặt, khu vực phơi đồ chung.Full nội thất mới gồm:Máy lạnh.Tủ lạnh.Giường. Nệm.Tủ quần áo.Ưu tiên: SV, NVVP, ng đi làm văn minh, lịch sự. Nhà mới cải tạo.Ảnh Thật.64 Đường số 9 Linh Tây, cách 2 Quẹo trái là Kha Vạn Cân, cách 2 quẹo phải là Phạm Văn Đồng(sát bên Dh Ngân hàng, DH cảnh sát, cach 10 sang DH SpKT, chợ thủ đức, siêu thị tiện lợi).LH 0943 110 ***",christopherjoyce,https://storage.googleapis.com/rental-room-c34cb.appspot.com/Rooms/hYW58tBxFoZ9zsaJubqY/0.png,3000,4000000,10000,20000,true,hYW58tBxFoZ9zsaJubqY,20,James Rivera,AQ1dWdvmFESsOVWJ3CgE,A005,"https://www.google.com/maps/embed/v1/place?q=10.8602506,106.7567617&key=AIzaSyAMd45cCGHSmsM2a5APxYRdOwV8kX-4m40","64, Đường 9, Phường Linh Tây, Thủ Đức, Hồ Chí Minh",https://storage.googleapis.com/rental-room-c34cb.appspot.com/Rooms/hYW58tBxFoZ9zsaJubqY/3.png,https://storage.googleapis.com/rental-room-c34cb.appspot.com/Rooms/hYW58tBxFoZ9zsaJubqY/4.png
https://storage.googleapis.com/rental-room-c34cb.appspot.com/Rooms/hjFiktzdojENxE0zgyds/1.png,https://storage.googleapis.com/rental-room-c34cb.appspot.com/Rooms/hjFiktzdojENxE0zgyds/2.png,(689)800-7621x317,"PSC 0376, Box 6364
APO AA 93858",Loft Room,stevenstewart@example.com,"Vị trí trung tâm tiện di chuyển sang các quận khác, gần chợ trung tâm thương mại lớn.Gần Lê Văn Sỹ, Trường Sa, Huỳnh Văn Bánh, Nguyễn Văn Trỗi,...- Xung quanh có nhiều cửa hàng tiện lợi, chợ, siêu thị, khu ẩm thực,...Thuận tiện di chuyển quận 1, TB, BT, GV, 10.Tình trạng:- Full nội thất, phòng trống sẵn có thể dọn vào ở ngay.- Giờ giấc tự do, không chung chủ.- Khu vực an ninh, camera giám sát.- Hẻm ô tô.- Được nuôi pet và cam kết.- Máy giặt riêng từng phòng.Hệ thống mình còn rất nhiều căn hộ toạ lạc trên địa bàn TPHCM."" Nhận tìm phòng theo nhu cầu của khách hàng "".- Phòng 1 phòng ngủ.- Phòng 2 phòng ngủ.- Phòng studio.- Phòng duplex - Có Gác.- Phòng tách bếp.Và nhiều loại căn hộ khác nữa, hỗ trợ tìm phòng theo yêu cầu của khách hàng về đặc điểm của phòng và vị trí đường mà khách hàng mong muốn với mức giá từ 5 triệu VNĐ.Hỗ trợ tìm phòng (miễn phí).",adavis,https://storage.googleapis.com/rental-room-c34cb.appspot.com/Rooms/hjFiktzdojENxE0zgyds/0.png,2000,5800000,5000,20000,true,hjFiktzdojENxE0zgyds,25,Julia Watson,YjLEYZUGiIfDqOgafmDW,A097,"https://www.google.com/maps/embed/v1/place?q=10.7869494,106.6783027&key=AIzaSyAMd45cCGHSmsM2a5APxYRdOwV8kX-4m40","Đường Trần Quang Diệu, Phường 13, Quận 3, Hồ Chí Minh",https://storage.googleapis.com/rental-room-c34cb.appspot.com/Rooms/hjFiktzdojENxE0zgyds/3.png,https://storage.googleapis.com/rental-room-c34cb.appspot.com/Rooms/hjFiktzdojENxE0zgyds/4.png
https://storage.googleapis.com/rental-room-c34cb.appspot.com/Rooms/hu9hrvL8MsVnBlTQMPzw/1.png,https://storage.googleapis.com/rental-room-c34cb.appspot.com/Rooms/hu9hrvL8MsVnBlTQMPzw/2.png,692.660.1539x415,"717 Priscilla Gardens Suite 609
Henryville, CT 54895",Loft Room,rasmussentiffany@example.net,"Studio Balcony 40m² đón nắng, trồng cây cực chill.+ Địa chỉ: MT Nguyễn Cư Trinh, Quận 1.+ Mã phòng:- P102 - P203: Giá 7tr Fix mạnh 6tr5.- P401: Giá 5tr Fix mạnh 4tr5.+ Nội thất như hình, có thể thêm - bớt tuỳ nhu cầu.- Điện 4k, Nước 150k/người.- Phí dịch vụ 200k/phòng.- Xe 200k/chiếc.Liên hệ quản lý toà nhà: 0922 778 ***",leah99,https://storage.googleapis.com/rental-room-c34cb.appspot.com/Rooms/hu9hrvL8MsVnBlTQMPzw/0.png,3000,6500000,14000,20000,true,hu9hrvL8MsVnBlTQMPzw,40,Jennifer Boyer,2wK9TZMl6E7H56QGLP9C,A027,"https://www.google.com/maps/embed/v1/place?q=10.7640301,106.68661&key=AIzaSyAMd45cCGHSmsM2a5APxYRdOwV8kX-4m40","Đường Nguyễn Cư Trinh, Phường Nguyễn Cư Trinh, Quận 1, Hồ Chí Minh",https://storage.googleapis.com/rental-room-c34cb.appspot.com/Rooms/hu9hrvL8MsVnBlTQMPzw/3.png,https://storage.googleapis.com/rental-room-c34cb.appspot.com/Rooms/hu9hrvL8MsVnBlTQMPzw/4.png
https://storage.googleapis.com/rental-room-c34cb.appspot.com/Rooms/i5XIQyawjhlTTUxeyITS/1.png,https://storage.googleapis.com/rental-room-c34cb.appspot.com/Rooms/i5XIQyawjhlTTUxeyITS/2.png,9807808201,"457 Michael Courts Apt. 092
Lake Natashastad, OK 22865",Standard Room,lisa87@example.org,"Phòng full nội thất mới, đầy đủ tiện nghi, có bếp riêng từng phòng, thiết bị nội thất cao cấp, cho thuê ngay đối diện đh bách khoa.Giờ giấc tự do. Không ở chung với chủ. Giá ưu đãi chỉ 4.5 tr/tháng.* Vị trí:- Địa chỉ: 324 lý thường kiệt.- Hẻm rộng 2 ô tô vào được.- Chỉ mất chưa đến 8 phút để vào các quận trung tâm như Q1, Q3, Q5, Tân bình..- Gần ĐH Ngoại Ngữ - Tin Học TPHCM (Huflit), ĐH Bách Khoa, ĐH Y Phạm Ngọc Thạch, ĐH Kinh Tế HCM, Bệnh viện 115..- Kế bên nhà thi đấu Phú Thọ.- Gần bệnh viện Trưng Vương, khu Bắc hải.* Tiện ích:- Full Nội thất có bếp.- Giường, nệm, drab, gối đầy đủ.- Máy lạnh, tủ lạnh tiết kiệm điện.- Hệ thống internet cực mạnh.- Có máy giặt.- Sân phơi đồ riêng có mái che, không sợ mất đồ, không lo bị ướt khi trời mưa.- Bãi để xe sạch sẽ và rộng rãi.- Giờ giấc tự do, không ở chung với chủ.* An ninh:- Nhà được giám sát bằng hệ thống camera, 24/24.- Sử dụng khóa vân tay an toàn tuyệt đối 100%.- Nằm trong khu quân đội, các cơ quan nhà nước nên rất an ninh.* Giá phòng:+ Giá thuê ưu đãi chỉ với 4.5 tr/th.Gọi ngay: 0945 640 ***anh Tuấn) để xem phòng.",martindaniel,https://storage.googleapis.com/rental-room-c34cb.appspot.com/Rooms/i5XIQyawjhlTTUxeyITS/0.png,2000,4500000,8000,20000,true,i5XIQyawjhlTTUxeyITS,24,Matthew Myers,OLf9CG2ZHqPEgcziuKZh,A007,"https://www.google.com/maps/embed/v1/place?q=10.76124,106.6605983&key=AIzaSyAMd45cCGHSmsM2a5APxYRdOwV8kX-4m40","Đường  Lý Thường Kiệt, Phường 15, Quận 10, Hồ Chí Minh",https://storage.googleapis.com/rental-room-c34cb.appspot.com/Rooms/i5XIQyawjhlTTUxeyITS/3.png,
https://storage.googleapis.com/rental-room-c34cb.appspot.com/Rooms/imGVWUTfam1MgYO5c282/1.png,https://storage.googleapis.com/rental-room-c34cb.appspot.com/Rooms/imGVWUTfam1MgYO5c282/2.png,582-244-1212,"182 Huang Field
East Melissa, IL 90154",Standard Room,iblackburn@example.net,"Phòng duplex Quận 4, Hồ Chí Minh, view siêu đẹp.Địa chỉ: Tôn thất thuyết, Quận 4.Đặc điểm:- Có cho nuôi Pet nhỏ.- An ninh đảm bảo 24/7.- Diện tích: 20m².- Full nội thất:+ Giường, tủ, bàn ghế, tủ lạnh + máy lạnh, bếp, máy giặt xịn, đẹp như ảnh.Chi phí hàng tháng.+ Phí giữ xe: Free 2 chiếc.Giá từ 3.8tr.LH trực tiếp để đến xem phòng.",sharonpowell,https://storage.googleapis.com/rental-room-c34cb.appspot.com/Rooms/imGVWUTfam1MgYO5c282/0.png,2000,3500000,14000,20000,true,imGVWUTfam1MgYO5c282,20,Ashley Bernard,1T8qz0QSwZIuwxmEQcLO,A048,"https://www.google.com/maps/embed/v1/place?q=10.7533026,106.7131383&key=AIzaSyAMd45cCGHSmsM2a5APxYRdOwV8kX-4m40","Đường Tôn Thất Thuyết, Phường 16, Quận 4, Hồ Chí Minh",https://storage.googleapis.com/rental-room-c34cb.appspot.com/Rooms/imGVWUTfam1MgYO5c282/3.png,https://storage.googleapis.com/rental-room-c34cb.appspot.com/Rooms/imGVWUTfam1MgYO5c282/4.png
https://storage.googleapis.com/rental-room-c34cb.appspot.com/Rooms/j74I7sAno4NwrQpS752a/1.png,https://storage.googleapis.com/rental-room-c34cb.appspot.com/Rooms/j74I7sAno4NwrQpS752a/2.png,404.694.4889,"49399 Wise Square
West Lauramouth, VI 17367",Loft Room,tonywilson@example.org,"* Diện tích 42m², 1 PN 1 WC, nhà mới phù hợp cho gia đình hoặc sinh viên thuê chung.* Vị trí thuận tiện ngay chợ Xóm Chiếu, bệnh viện quận 4, ĐH Luật; di chuyển sang Q1, Q7 chỉ 5 - 10 phút.* Sẵn nội thất: Bếp, tủ lạnh, tủ quần áo, tivi, máy lạnh, máy giặt, nệm,...* Ở riêng không chung chủ, không chung gia đình khác, giờ giấc tự do.* Có chỗ để xe riêng (tối đa 3 xe).* Khu vực an ninh, có camera giám sát.* Điện nước tính theo giá nhà nước, dùng bao nhiêu trả bấy nhiêu.",eddie30,https://storage.googleapis.com/rental-room-c34cb.appspot.com/Rooms/j74I7sAno4NwrQpS752a/0.png,2000,6000000,8000,20000,true,j74I7sAno4NwrQpS752a,42,Mr. John Johnson Md,J6D0QVpxujlTMRtDDORf,A043,"https://www.google.com/maps/embed/v1/place?q=10.763052,106.7064322&key=AIzaSyAMd45cCGHSmsM2a5APxYRdOwV8kX-4m40","Đường Lê Văn Linh, Phường 13, Quận 4, Hồ Chí Minh",https://storage.googleapis.com/rental-room-c34cb.appspot.com/Rooms/j74I7sAno4NwrQpS752a/3.png,https://storage.googleapis.com/rental-room-c34cb.appspot.com/Rooms/j74I7sAno4NwrQpS752a/4.png
https://storage.googleapis.com/rental-room-c34cb.appspot.com/Rooms/jX5SZGw0ODmmWUOwHchZ/1.png,https://storage.googleapis.com/rental-room-c34cb.appspot.com/Rooms/jX5SZGw0ODmmWUOwHchZ/2.png,281-887-5961,"81497 Smith Forge
Port Hannahbury, TN 94986",Standard Room,jorge53@example.org,"Cho thuê phòng trọ giá bình dân. Phòng mới xây, rất đẹp.Gồm: Có toilet riêng sạch sẽ, có máy nước nóng năng lượng mặt trời, có ban công.Rất thuận tiện đi lại, nhà gần, Lotte Mart, các trường đại học lớn...DT đa dạng: 15m², 18m², 20m², 25m².Giá thuê từ 1.8tr/phòng đến 2.3tr, 2.6tr, 3tr/tháng. LH chính chủ 0972 920 ***",alee,https://storage.googleapis.com/rental-room-c34cb.appspot.com/Rooms/jX5SZGw0ODmmWUOwHchZ/0.png,3000,1800000,11000,20000,true,jX5SZGw0ODmmWUOwHchZ,15,Travis Wright,3J8FjZs29zR2awIbpMTR,A022,"https://www.google.com/maps/embed/v1/place?q=10.8386581,106.6693922&key=AIzaSyAMd45cCGHSmsM2a5APxYRdOwV8kX-4m40","350/1, Đường Nguyễn Văn Lượng, Phường 16, Gò Vấp, Hồ Chí Minh",https://storage.googleapis.com/rental-room-c34cb.appspot.com/Rooms/jX5SZGw0ODmmWUOwHchZ/3.png,https://storage.googleapis.com/rental-room-c34cb.appspot.com/Rooms/jX5SZGw0ODmmWUOwHchZ/4.png
https://storage.googleapis.com/rental-room-c34cb.appspot.com/Rooms/k2PZ5odV85GDWTpXUIkc/1.png,https://storage.googleapis.com/rental-room-c34cb.appspot.com/Rooms/k2PZ5odV85GDWTpXUIkc/2.png,001-354-321-9826x403,"40217 John Shoal
Wigginstown, CT 54254",Loft Room,ktaylor@example.com,"Cho thuê căn hộ mới khai trương full nội thất Bình Thạnh.47 Bùi Đình Tuý - Phường 24 - Bình Thạnh.Giá: 7tr9.Tiện ích.Full nội thất.Cửa sổ thoáng mát.An ninh 24/24.Ra vô vân tay.Phí dịch vụ bao gồm phí quản lí, tiện ích sử dụng chung như máy giặt, máy sấy, bảo hành thiết bị trong phòng trường hợp hỏng hóc, bảo trì thiết bị, vệ sinh máy lạnh định kì.Thuận tiện.Đi xe mất 5 - 10p là tới các trường ĐH Giao Thông Vận Tải, ĐH Hutech, ĐH Hồng Bàng,...Ngay cạnh các khu ăn uống, trung tâm thương mại,...Tiện qua các đường: Đinh Bộ Lĩnh, Bạch Đằng, Điện Biên Phủ, Nguyễn Hữu Cảnh,...----------------------Liên hệ SĐT/Zalo 0394 973 *** để đi coi phòng.Ib trực tiếp mình hỗ trợ tìm phòng miễn phí nha.",greenkyle,https://storage.googleapis.com/rental-room-c34cb.appspot.com/Rooms/k2PZ5odV85GDWTpXUIkc/0.png,2000,7900000,7000,20000,true,k2PZ5odV85GDWTpXUIkc,35,Adam Archer,AziQy89fAUMe9fphGns1,A142,"https://www.google.com/maps/embed/v1/place?q=10.8078554,106.7039463&key=AIzaSyAMd45cCGHSmsM2a5APxYRdOwV8kX-4m40","47, Đường Bùi Đình Túy, Phường 24, Bình Thạnh, Hồ Chí Minh",https://storage.googleapis.com/rental-room-c34cb.appspot.com/Rooms/k2PZ5odV85GDWTpXUIkc/3.png,https://storage.googleapis.com/rental-room-c34cb.appspot.com/Rooms/k2PZ5odV85GDWTpXUIkc/4.png
https://storage.googleapis.com/rental-room-c34cb.appspot.com/Rooms/kHOd3ZfUXgcQ1cvhlNi4/1.png,https://storage.googleapis.com/rental-room-c34cb.appspot.com/Rooms/kHOd3ZfUXgcQ1cvhlNi4/2.png,291.844.0191x3566,"52197 Sue Vista Suite 073
Port Melissa, DC 02221",Loft Room,donnagates@example.com,"Vị trí trung tâm tiện di chuyển sang các quận khác, gần chợ trung tâm thương mại lớn.Gần ngã tư Phú Nhuận, Công viên Phú Nhuận, phố ẩm thực Nguyễn Xí, Phan Xích Long, Nguyễn Văn Đậu,...- Xung quanh có nhiều cửa hàng tiện lợi, chợ, siêu thị, khu ẩm thực,...Thuận tiện di chuyển quận 1,3,TB, BT, GV, 10.Tình trạng:- Full nội thất, phòng trống sẵn có thể dọn vào ở ngay.- Giờ giấc tự do, không chung chủ.- Khu vực an ninh, camera giám sát.- Hẻm oto.- Được nuôi pet và cam kết.- Máy giặt riêng từng phòng.Hệ thống mình còn rất nhiều căn hộ toạ lạc trên địa bàn TPHCM."" Nhận tìm phòng / căn hộ theo nhu cầu của khách hàng "".- Căn hộ 1 phòng ngủ.- Căn hộ 2 phòng ngủ.- Căn hộ studio.- Căn hộ duplex - Có Gác.- Căn hộ tách bếp.Và nhiều loại căn hộ khác nữa, Hỗ trợ tìm phòng theo yêu cầu của khách hàng về đặc điểm của căn hộ và vị trí đường mà khách hàng mong muốn với mức giá từ 5 triệu VNĐ.Hỗ trợ tìm phòng (Miễn Phí).",schmidtpaul,https://storage.googleapis.com/rental-room-c34cb.appspot.com/Rooms/kHOd3ZfUXgcQ1cvhlNi4/0.png,3000,7000000,15000,20000,true,kHOd3ZfUXgcQ1cvhlNi4,30,Emma Sexton,WYbheSIT60yvXsB6X9ml,A128,"https://www.google.com/maps/embed/v1/place?q=10.8018067,106.6876501&key=AIzaSyAMd45cCGHSmsM2a5APxYRdOwV8kX-4m40","Đường Phan Tây Hồ, Phường 7, Phú Nhuận, Hồ Chí Minh",https://storage.googleapis.com/rental-room-c34cb.appspot.com/Rooms/kHOd3ZfUXgcQ1cvhlNi4/3.png,https://storage.googleapis.com/rental-room-c34cb.appspot.com/Rooms/kHOd3ZfUXgcQ1cvhlNi4/4.png
,,(222)970-8301x134,"4269 Perez Bypass
New Rogerfurt, WV 71981",Standard Room,nsmith@example.net,"Cho thuê căn hộ đầy đủ tiện nghi đường hoàng Hoa Thám - C12, Phường 13, Quận Tân Bình.Ảnh thật 100%,Phòng studio cửa sổ, ban công thoáng mát, thiết kế tiện dụng.Full nội thất như hình: Máy lạnh, tủ lạnh, giường nệm gra gối, tủ quần áo, kệ tủ, Tivi, máy nóng lạnh mặt trời, máy giặt, máy sấy...Giờ giấc tự do, ra vào vân tay hiện đại, bảo vệ an ninh 24/24.Khu vực an ninh, dân trí cao, đầy đủ mọi tiện ích.Có 2 loại phòng giá từ 4,5 triệu/tháng.",michael44,https://storage.googleapis.com/rental-room-c34cb.appspot.com/Rooms/kdvwjgxBrGzeMZFK4HxI/0.png,3000,4500000,13000,20000,true,kdvwjgxBrGzeMZFK4HxI,30,Luis Adams,oBwzWX0CwHiZrjKVW7Ox,A172,"https://www.google.com/maps/embed/v1/place?q=10.8081641,106.6883684&key=AIzaSyAMd45cCGHSmsM2a5APxYRdOwV8kX-4m40","Đường Hoàng Hoa Thám, Phường 12, Tân Bình, Hồ Chí Minh",,
https://storage.googleapis.com/rental-room-c34cb.appspot.com/Rooms/klXFM7EzvnkEUJk1NzPo/1.png,https://storage.googleapis.com/rental-room-c34cb.appspot.com/Rooms/klXFM7EzvnkEUJk1NzPo/2.png,+1-582-941-5549x527,"7892 Dorothy Way Suite 004
Jeremyshire, ME 42568",Loft Room,vazquezjesse@example.com,"Cho thuê căn hộ mới khai trương full nội thất Bình Thạnh.47 Bùi Đình Tuý - Phường 24 - Bình Thạnh.Giá: 7tr9.Tiện ích.Full nội thất.Cửa sổ thoáng mát.An ninh 24/24.Ra vô vân tay.Phí dịch vụ bao gồm phí quản lí, tiện ích sử dụng chung như máy giặt, máy sấy, bảo hành thiết bị trong phòng trường hợp hỏng hóc, bảo trì thiết bị, vệ sinh máy lạnh định kì.Thuận tiện.Đi xe mất 5 - 10p là tới các trường ĐH Giao Thông Vận Tải, ĐH Hutech, ĐH Hồng Bàng,...Ngay cạnh các khu ăn uống, trung tâm thương mại,...Tiện qua các đường: Đinh Bộ Lĩnh, Bạch Đằng, Điện Biên Phủ, Nguyễn Hữu Cảnh,...----------------------Liên hệ SĐT/Zalo 0394 973 *** để đi coi phòng.Ib trực tiếp mình hỗ trợ tìm phòng miễn phí nha.",torresjames,https://storage.googleapis.com/rental-room-c34cb.appspot.com/Rooms/klXFM7EzvnkEUJk1NzPo/0.png,2000,7900000,7000,20000,true,klXFM7EzvnkEUJk1NzPo,35,Joseph Wilson Dds,DAqsErSeZQW2cmJuydE7,A093,"https://www.google.com/maps/embed/v1/place?q=10.8078554,106.7039463&key=AIzaSyAMd45cCGHSmsM2a5APxYRdOwV8kX-4m40","47, Đường Bùi Đình Túy, Phường 24, Bình Thạnh, Hồ Chí Minh",https://storage.googleapis.com/rental-room-c34cb.appspot.com/Rooms/klXFM7EzvnkEUJk1NzPo/3.png,https://storage.googleapis.com/rental-room-c34cb.appspot.com/Rooms/klXFM7EzvnkEUJk1NzPo/4.png
https://storage.googleapis.com/rental-room-c34cb.appspot.com/Rooms/lCRJoJsp2BkBn4VAxSG6/1.png,https://storage.googleapis.com/rental-room-c34cb.appspot.com/Rooms/lCRJoJsp2BkBn4VAxSG6/2.png,927.824.3733,"2178 Wright Squares
North Joan, NH 56069",Standard Room,ggilbert@example.com,"Khu dân cư yên tĩnh, hẻm xe hơi, gần chợ, cam kết khách vào sơn mới 100%.- Khuôn viên biệt thự mini, đẹp, thông thoáng.- Diện tích: 12 - 20m².- Nội thất: Giường, máy lạnh, tủ quần áo, bàn ghế (tùy phòng).- Giá thuê: 1.6tr - 1.9tr (tùy diện tích và máy lạnh).- Vệ sinh: Có lao công vệ sinh khu vực sinh hoạt chung, đảm bảo vệ sinh sạch sẽ.- Có camera an ninh giám sát.- Chi phí khác.+ Điện: 3.5k/kwh.+ Nước: 70k/người.+ Internet: 80k/tháng.+ Rác: 30k/tháng.- Đảm bảo không phát sinh thêm bất cứ chi phí nào.- Liên hệ: 0914 503 ***có zalo).",ymccormick,https://storage.googleapis.com/rental-room-c34cb.appspot.com/Rooms/lCRJoJsp2BkBn4VAxSG6/0.png,3000,1600000,7000,20000,true,lCRJoJsp2BkBn4VAxSG6,15,Laura Malone,e8Uul6MNPeDVHrDKGPWo,A145,"https://www.google.com/maps/embed/v1/place?q=10.8867478,106.7238805&key=AIzaSyAMd45cCGHSmsM2a5APxYRdOwV8kX-4m40","201/8 Đường Ngô Chí Quốc, Phường Bình Chiểu, Thủ Đức, Hồ Chí Minh",https://storage.googleapis.com/rental-room-c34cb.appspot.com/Rooms/lCRJoJsp2BkBn4VAxSG6/3.png,https://storage.googleapis.com/rental-room-c34cb.appspot.com/Rooms/lCRJoJsp2BkBn4VAxSG6/4.png
https://storage.googleapis.com/rental-room-c34cb.appspot.com/Rooms/lHtIzGxgadpcI2SH2MXD/1.png,https://storage.googleapis.com/rental-room-c34cb.appspot.com/Rooms/lHtIzGxgadpcI2SH2MXD/2.png,924-906-1664,"2208 Turner Vista Apt. 238
East Andre, GU 82170",Standard Room,deborahgriffin@example.org,"Phòng trọ cao cấp full nội thất Đoàn Văn Bơ Q4.Full nội thất, máy giặt chung.Tự do, vân tay, an ninh tuyệt đối.Khu vực an ninh, yên tĩnh.Gần chợ, địa điểm ăn uống...Thuận tiện đi lại các Quận 1,4,8,5.Gần các trường đại học lớn (TĐT, UFM, RMIT) gần chợ, các TTTM Sc Vivo, Lotte Mart Q7.Liên hệ em để được tư vấn chi tiết.",miguel71,https://storage.googleapis.com/rental-room-c34cb.appspot.com/Rooms/lHtIzGxgadpcI2SH2MXD/0.png,3000,4500000,4000,20000,true,lHtIzGxgadpcI2SH2MXD,40,Breanna Swanson,o0QlQ0cNyzuHE6ybPSKG,A050,"https://www.google.com/maps/embed/v1/place?q=10.757324,106.7136005&key=AIzaSyAMd45cCGHSmsM2a5APxYRdOwV8kX-4m40","Đường Đoàn Văn Bơ, Phường 18, Quận 4, Hồ Chí Minh",https://storage.googleapis.com/rental-room-c34cb.appspot.com/Rooms/lHtIzGxgadpcI2SH2MXD/3.png,
https://storage.googleapis.com/rental-room-c34cb.appspot.com/Rooms/mNdE6mQ3mVdYt23lgTmX/1.png,https://storage.googleapis.com/rental-room-c34cb.appspot.com/Rooms/mNdE6mQ3mVdYt23lgTmX/2.png,863.668.5198x721,"PSC 4452, Box 5316
APO AE 65713",Loft Room,richardsmelissa@example.org,"Chính chủ cho thuê:- Đường Trần Khánh Dư, P. Tân Định, Q1.+ Nội thất cao cấp, máy giặt chung... Có cửa sổ lớn.+ Giờ giấc tự do, không chung chủ, để xe free, vân tay, camera an ninh...+ Gần CĐ Nghề TP. HCM, Hoàng Sa, chợ Tân Định...+ Hẻm ôtô, an ninh, yên tĩnh.- Giá từ 5 triệu đến 5.3 triệu.- LH: 0948 100 ***Zalo) Khánh chủ nhà.",janicebryant,https://storage.googleapis.com/rental-room-c34cb.appspot.com/Rooms/mNdE6mQ3mVdYt23lgTmX/0.png,3000,5000000,8000,20000,true,mNdE6mQ3mVdYt23lgTmX,20,Yvonne Washington Md,6fpwhXuUoxSf2o03LIhh,A084,"https://www.google.com/maps/embed/v1/place?q=10.7941714,106.6898123&key=AIzaSyAMd45cCGHSmsM2a5APxYRdOwV8kX-4m40","Đường Trần Khánh Dư, Phường Tân Định, Quận 1, Hồ Chí Minh",,
https://storage.googleapis.com/rental-room-c34cb.appspot.com/Rooms/mONPfAYVYW7kEuk920qW/1.png,https://storage.googleapis.com/rental-room-c34cb.appspot.com/Rooms/mONPfAYVYW7kEuk920qW/2.png,+1-807-265-3157x84181,"096 Benjamin Corner Apt. 161
Johnsonville, MN 52987",Standard Room,knightwilliam@example.org,"Cần cho thuê căn hộ cao cấp ngay tại đường Phạm Hùng nối dài, khu dân cư Đại Phúc, cách ĐH Văn Hiến 2km-Diện tích: 28m², nội thất mới và đầy đủ gồm: máy lạnh, giường nệm, bàn làm việc, tủ lạnh, tủ quần áo, kệ bếp nấu ăn, máy giặt,...- Nhà có thang máy, hầm để xe .Đường đường trước nhà rộng và thoáng-Khu vực yên tĩnh và rất an ninh, giờ giấc tự do, không chung chủ-Gần ngân hàng, chợ, siêu thị, quán cà phê, quán ăn, công viên vui chơi,..-Rất phù hợp cho sinh viên, nhân viên văn phòng, các cặp vợ chồng, nghề ngiệp tự do,..-Giá thuê: 4,7 triệu/thángLiên hệ: 0938 021 *** A Sinh",richardhines,https://storage.googleapis.com/rental-room-c34cb.appspot.com/Rooms/mONPfAYVYW7kEuk920qW/0.png,2000,4700000,9000,20000,true,mONPfAYVYW7kEuk920qW,28,Kristen Conner,yyI8OOGWzHGtIuB7Jeye,A168,"https://www.google.com/maps/embed/v1/place?q=10.7263121,106.678868&key=AIzaSyAMd45cCGHSmsM2a5APxYRdOwV8kX-4m40","Đường Phạm Hùng, Phường 1, Quận 8, Hồ Chí Minh",https://storage.googleapis.com/rental-room-c34cb.appspot.com/Rooms/mONPfAYVYW7kEuk920qW/3.png,https://storage.googleapis.com/rental-room-c34cb.appspot.com/Rooms/mONPfAYVYW7kEuk920qW/4.png
https://storage.googleapis.com/rental-room-c34cb.appspot.com/Rooms/mq0X1B9uobOVM4CWZf4q/1.png,https://storage.googleapis.com/rental-room-c34cb.appspot.com/Rooms/mq0X1B9uobOVM4CWZf4q/2.png,735.606.2300,"4079 Devin Land Apt. 536
Derekport, AR 28717",Loft Room,margarethill@example.net,"Phòng đẹp và sang trọng khu dân cư Trung Sơn. Ngay cầu Him Lam, đại học Tôn Đức Thắng, Rmit, siêu thị Lottemart.+ Diện tích: 35m², nội thất đầy đủ: Giường nệm, máy lạnh, tủ đồ, bàn làm việc, ban công rộng rãi.Khu dân cư mát mẻ, có nhiều cây xanh.+ Có thang máy, giờ giấc tự do, không chung chủ.+ Xung quanh có nhiều tiện ích: Gần ngân hàng, bách hóa xanh, chợ, quán ăn, khu mua sắm, công viên vui chơi,...+ Phù hợp với sinh viên, nhân viên văn phòng, các cặp vợ chồng trẻ.Giá thuê: 5,5 triệu/tháng.Liên hệ: 0938 021 ***",brianbutler,https://storage.googleapis.com/rental-room-c34cb.appspot.com/Rooms/mq0X1B9uobOVM4CWZf4q/0.png,3000,5500000,9000,20000,true,mq0X1B9uobOVM4CWZf4q,35,Joseph Mcdaniel,zC6Tic9nTFHhePgmqCwL,A225,"https://www.google.com/maps/embed/v1/place?q=10.730053901672363,106.68901824951172&key=AIzaSyAMd45cCGHSmsM2a5APxYRdOwV8kX-4m40","Dự án Trung Sơn, Xã Bình Hưng, Bình Chánh, Hồ Chí Minh",https://storage.googleapis.com/rental-room-c34cb.appspot.com/Rooms/mq0X1B9uobOVM4CWZf4q/3.png,https://storage.googleapis.com/rental-room-c34cb.appspot.com/Rooms/mq0X1B9uobOVM4CWZf4q/4.png
https://storage.googleapis.com/rental-room-c34cb.appspot.com/Rooms/n1OjfWW29Zj73gH14gY8/1.png,https://storage.googleapis.com/rental-room-c34cb.appspot.com/Rooms/n1OjfWW29Zj73gH14gY8/2.png,237-393-5039x095,"1177 Jenna Fork
Cliffordton, FM 87539",Loft Room,curtisanne@example.com,"Vị trí trung tâm tiện di chuyển sang các quận khác, gần chợ trung tâm thương mại lớn.Gần Công viên Hoàng Văn Thụ, Công viên Gia Định, Lê Văn Sỹ, Nguyễn Kiệm, Tường Sa,.- Xung quanh có nhiều cửa hàng tiện lợi, chợ, siêu thị, khu ẩm thực,...Thuận tiện di chuyển quận 1,3,TB, BT, GV, 10.Tình trạng:- Full nội thất, phòng trống sẵn có thể dọn vào ở ngay.- Giờ giấc tự do, không chung chủ.- Khu vực an ninh, camera giám sát.- Hẻm oto.- Được nuôi pet và cam kết.- Máy giặt riêng từng phòng.Hệ thống mình còn rất nhiều căn hộ toạ lạc trên địa bàn TPHCM."" Nhận tìm phòng / căn hộ theo nhu cầu của khách hàng "".- Căn hộ 1 phòng ngủ.- Căn hộ studio.- Căn hộ tách bếp.Và nhiều loại căn hộ khác nữa, Hỗ trợ tìm phòng theo yêu cầu của khách hàng về đặc điểm của căn hộ và vị trí đường mà khách hàng mong muốn với mức giá từ 5 triệu VNĐ.Hỗ trợ tìm phòng (Miễn Phí).",wwhite,https://storage.googleapis.com/rental-room-c34cb.appspot.com/Rooms/n1OjfWW29Zj73gH14gY8/0.png,2000,6300000,5000,20000,true,n1OjfWW29Zj73gH14gY8,40,Amber White,rLg0tg2RyeAj45IuJRaa,A155,"https://www.google.com/maps/embed/v1/place?q=10.801110603149,106.675991554492&key=AIzaSyAMd45cCGHSmsM2a5APxYRdOwV8kX-4m40","Đường Hồ Văn Huê, Phường 9, Phú Nhuận, Hồ Chí Minh",https://storage.googleapis.com/rental-room-c34cb.appspot.com/Rooms/n1OjfWW29Zj73gH14gY8/3.png,https://storage.googleapis.com/rental-room-c34cb.appspot.com/Rooms/n1OjfWW29Zj73gH14gY8/4.png
,,001-962-468-5094x8937,"4752 Collins Road
New Scott, VI 43363",Standard Room,thomas22@example.net,"Còn 1 phòng ở lầu 3 cho thuê tại địa chỉ 166/18 Hồ Bá Kiện, P15, Q10. (Ngay công viên Lê Thị Riêng). Khu vực yên tĩnh, an ninh, giờ giấc tự do, không chung chủ, khóa riêng. Xe để trong nhà miễn phí.Giá 1tr9. (phòng ở tầng 3, có ban công, chỗ nấu ăn trước phòng, máy giặt chung... Vv) tolet chung trước phòng. Hỗ trợ nội thất theo yêu cầu tính phí.Điện 4k, nước 100/ng, xe + wifi + rác free, không phát sinh chi phí. Vui lòng IB hoặc liên hệ 0838 999 ***",carl76,https://storage.googleapis.com/rental-room-c34cb.appspot.com/Rooms/nMJnm3BvKnte1bdx6NTF/0.png,2000,1900000,5000,20000,true,nMJnm3BvKnte1bdx6NTF,13,Vanessa Flores,ktUZeKipsSFU9n41eNJu,A197,"https://www.google.com/maps/embed/v1/place?q=10.7822605,106.6674919&key=AIzaSyAMd45cCGHSmsM2a5APxYRdOwV8kX-4m40","166/18, Đường Hồ Bá Kiện, Phường 15, Quận 10, Hồ Chí Minh",,
https://storage.googleapis.com/rental-room-c34cb.appspot.com/Rooms/nRI0z3n3ZL6SG9nmTh2V/1.png,https://storage.googleapis.com/rental-room-c34cb.appspot.com/Rooms/nRI0z3n3ZL6SG9nmTh2V/2.png,9257048883,"86786 Abbott Tunnel
Michaelshire, HI 59111",Standard Room,christinatrevino@example.com,"Chính chủ cho thuê:- Đường Số 3, Cư Xá Chu Văn An, P26, Bình Thạnh.- Mặt tiền đường, ngay chợ...- Giờ giấc tự do, không chung chủ, camera an ninh, cổng vân tay...- Đầy đủ nội thất, có gác.- Được nuôi mèo.- Giá:- 4.8 triệu lầu 1 (có gác).- 5.4 triệu lầu 1 (có ban công).LH: 0948 100 *** Khánh (zalo) chính chủ.",wardsusan,https://storage.googleapis.com/rental-room-c34cb.appspot.com/Rooms/nRI0z3n3ZL6SG9nmTh2V/0.png,2000,4800000,5000,20000,true,nRI0z3n3ZL6SG9nmTh2V,18,John Barnes,NEG3vnkpecNNi6cKCi8Q,A082,"https://www.google.com/maps/embed/v1/place?q=10.8126336,106.7061922&key=AIzaSyAMd45cCGHSmsM2a5APxYRdOwV8kX-4m40","Đường Số 3 Cư xá Chu Văn An, Phường 26, Bình Thạnh, Hồ Chí Minh",,
https://storage.googleapis.com/rental-room-c34cb.appspot.com/Rooms/naug2BVkWVGo928BNdsQ/1.png,https://storage.googleapis.com/rental-room-c34cb.appspot.com/Rooms/naug2BVkWVGo928BNdsQ/2.png,(999)422-6168,"312 Dawn Unions
Houseshire, IN 09463",Standard Room,deanna20@example.org,"Khai trương dự án mới Quận 7.Địa chỉ: Bùi Văn Ba, Tân Thuận Đông, Quận 7.Kết cấu: Hầm + Trệt + 6 lầu.- Tổng: 69 phòng.+ Dạng Studio: 3tr - 3tr8.+ Dạng Duplex: 4tr2 - 5tr.- Thang máy.- Giặt phơi chung.--------------------------! Chính sách.- Điện: 3500/kWh - Nước: 100k/ng.- Xe: 120k/xe - Dv: 150k/phòng.- Tối đa 4ng - 2xe.- Nước ngoài: Ok.- Trẻ con: Ok.- Thủ cưng: Ok có cam kết.Liên hệ quản lý toà nhà xem phòng: 0922 778 ***",proctorstephanie,https://storage.googleapis.com/rental-room-c34cb.appspot.com/Rooms/naug2BVkWVGo928BNdsQ/0.png,2000,3500000,5000,20000,true,naug2BVkWVGo928BNdsQ,25,Jessica Donaldson,AQFMyyMo9Rcgnu8qnDjx,A106,"https://www.google.com/maps/embed/v1/place?q=10.7505438,106.7359409&key=AIzaSyAMd45cCGHSmsM2a5APxYRdOwV8kX-4m40","Đường Bùi Văn Ba, Phường Tân Thuận Đông, Quận 7, Hồ Chí Minh",https://storage.googleapis.com/rental-room-c34cb.appspot.com/Rooms/naug2BVkWVGo928BNdsQ/3.png,https://storage.googleapis.com/rental-room-c34cb.appspot.com/Rooms/naug2BVkWVGo928BNdsQ/4.png
https://storage.googleapis.com/rental-room-c34cb.appspot.com/Rooms/o2uRjiWu7x9y66w54ZKI/1.png,https://storage.googleapis.com/rental-room-c34cb.appspot.com/Rooms/o2uRjiWu7x9y66w54ZKI/2.png,285.982.8646x60638,"USS Jacobs
FPO AA 81109",Standard Room,zacharyhoward@example.com,"Phòng trọ đối diện KS 3* Tân Sơn Nhất, gần CV Hoàng Văn Thụ.- Phòng trọ đẹp nằm ngay trung tâm quận Phú Nhuận (xem hình thật). View trước là đối diện khách sạn 3* Tân Sơn Nhất, View sau là đường Nguyễn Văn Trỗi, gần trường ĐH Tài Chính Marketing.- Được ốp gạch sạch sẽ, tất cả các phòng đều có máy lạnh nhưng cửa sổ vẫn bao la, nhiều phòng có ban công, rèm cửa sang trọng.- Toilet trong phòng đầy đủ thiết bị vệ sinh, có nước nóng năng lượng Mặt trời.- Kệ bếp nấu ăn lát đá Granit sạch sẽ sang trọng. Sân thượng có kệ bếp nấu ăn chung.- Thang máy chất lượng, camera an ninh quan sát, khóa vân tay.- Internet cáp quang trong phòng có 1 Modum wifi rất mạnh. Cáp Tivi, có PCCC tự động.- Máy giặt tự động.- Bỏ xe dưới tầng hầm có bảo vệ trong coi, Sân thượng phơi quần áo có mái che, có 02 bộ ghế đá ngồi thư giản tổ chức sinh nhật.- Bảo vệ trong coi 24/24 giúp Bạn có cảm giác an toàn, giờ giấc tự do.(Mời bạn đến xem phòng, có bảo vệ dẫn bạn xem phòng).- Địa chỉ: 205/10A Hoàng Văn Thụ, P. 8, Phú Nhuận, Tp. Hồ Chí Minh.- Diện tích phòng: Từ 20 m² - 45 m².- Giá rẻ: 3.7 triệu - 4.5 tr - 5 tr - 7.5 triệu.- Liên hệ: 0918 180 *** A Hiếu.",vmeyer,https://storage.googleapis.com/rental-room-c34cb.appspot.com/Rooms/o2uRjiWu7x9y66w54ZKI/0.png,2000,3700000,11000,20000,true,o2uRjiWu7x9y66w54ZKI,20,Amy Parsons,LQJ3l1gMD0JKIY5rX7Qa,A002,"https://www.google.com/maps/embed/v1/place?q=10.7997228,106.6737121&key=AIzaSyAMd45cCGHSmsM2a5APxYRdOwV8kX-4m40","205/10A, Đường Hoàng Văn Thụ, Phường 8, Phú Nhuận, Hồ Chí Minh",https://storage.googleapis.com/rental-room-c34cb.appspot.com/Rooms/o2uRjiWu7x9y66w54ZKI/3.png,https://storage.googleapis.com/rental-room-c34cb.appspot.com/Rooms/o2uRjiWu7x9y66w54ZKI/4.png
https://storage.googleapis.com/rental-room-c34cb.appspot.com/Rooms/oNOYrpRfzrG5y1lVllsF/1.png,https://storage.googleapis.com/rental-room-c34cb.appspot.com/Rooms/oNOYrpRfzrG5y1lVllsF/2.png,(643)619-9825,"73010 Carlos Mill
Brianhaven, CT 91988",Standard Room,carriebennett@example.net,"Phòng tại 33B Hà Bá Tường (cách ngã ba Trường Chinh - Đồng Đen 300m, mặt sau của đường Đồng Đen): Gần ngã tư Bảy Hiền, sân bay, giáp Q10, Q. Phú Nhuận, sân bay...Hiện nay có 2 loại phòng:1/ Loại 1: Giá phòng 3 triệu - 1/7 nhận phòng.2/ Loại 2: Giá phòng 3 triệu nhưng đang có 1 nam thanh niên 40t người miền nam đang ở để trông coi nhà trọ, nên cần tìm thêm 1 - 2 nam ở ghép để chia tiền phòng - (10/6 nhận phòng).- Nếu phòng chỉ ở 2 người thì giá 1.5 triệu/người.- Nếu phòng ở 3 người thì giá 1 triệu/người.Cả 2 loại: Trong phòng có: Máy lạnh, quạt treo tường, tủ áo, bếp, WC, kệ dép, kệ chén.. Các loại, chân bình nước.. Bồn cầu liền khối. Nhà mới.* Lưu ý:- Không chung chủ, tuyệt đối an ninh, sạch sẽ.- Điện 3.500/ký, nước máy giá nhà nước khoảng 30k/người/tháng.- Miễn phí: Tiền gửi xe, wifi, cáp tivi, rác.- Cọc 1 tháng.Chỉ nhận người thuê đàng hoàng - lịch sự, thuê lâu dài.* Xem phòng 24/24, tới trước nhà gọi số ĐT trên sẽ có BV mở cửa: 0902 666 ***Ko nhắn Zalo nhé).",lunatammy,https://storage.googleapis.com/rental-room-c34cb.appspot.com/Rooms/oNOYrpRfzrG5y1lVllsF/0.png,3000,1500000,8000,20000,true,oNOYrpRfzrG5y1lVllsF,25,Joseph Miller,rQmlmu0ROG8VTcCCTkp8,A087,"https://www.google.com/maps/embed/v1/place?q=10.7952704,106.645765&key=AIzaSyAMd45cCGHSmsM2a5APxYRdOwV8kX-4m40","33B, Đường Hà Bá Tường, Phường 12, Tân Bình, Hồ Chí Minh.",https://storage.googleapis.com/rental-room-c34cb.appspot.com/Rooms/oNOYrpRfzrG5y1lVllsF/3.png,https://storage.googleapis.com/rental-room-c34cb.appspot.com/Rooms/oNOYrpRfzrG5y1lVllsF/4.png
https://storage.googleapis.com/rental-room-c34cb.appspot.com/Rooms/oZhFXIopaf9e2g0Ho4W2/1.png,https://storage.googleapis.com/rental-room-c34cb.appspot.com/Rooms/oZhFXIopaf9e2g0Ho4W2/2.png,398.629.3547x94180,"59216 Sherry Springs
West Kathleenfurt, WV 12313",Standard Room,mcbridebenjamin@example.org,"Căn phòng dành cho bạn thì đầy đủ tiện nghi, tiết kiệm điện và bảo vệ môi trường với hệ đèn Led - Nước nóng năng lượng mặt trời - Máy lạnh Inverter - WC và bếp riêng tiện nghi và tự do.Đã nghiệm thu an toàn PCCC. Tuyệt đối an toàn, tự do và riêng tư.Tòa nhà 6 tầng mới xây sạch, đẹp, văn minh thoáng mát, an ninh. Liền kề 5 phút đến Q1, Q4, Q5, Q8, Crescent Mall, SC Vivo, vị trí vàng đẹp Q. 7... Thuê chỗ ở bây giờ cần phải đảm bảo an toàn PCCC tuyệt đối.Diện tích 25m².Giá chỉ từ 3.6 triệu/tháng, bao giá tốt nhất khu vực.Alo ngay: 0988 373 *** Ms Hòa.Đảm bảo 100% sự hài lòng - ""Sạch Đẹp - Văn Minh - Nhân Ái"".80 Đường Số 03, P. Tân Kiểng Q. 7 - LH: 0988 373 *** Ms Hòa.100 Đường Số 77, P. Tân Quy, Q. 7.",anacalhoun,https://storage.googleapis.com/rental-room-c34cb.appspot.com/Rooms/oZhFXIopaf9e2g0Ho4W2/0.png,3000,3600000,7000,20000,true,oZhFXIopaf9e2g0Ho4W2,25,John Black,Uk9jGvBAg8gJ5aKCg5Qu,A019,"https://www.google.com/maps/embed/v1/place?q=10.7479018,106.70793&key=AIzaSyAMd45cCGHSmsM2a5APxYRdOwV8kX-4m40","Đường Số 3, Phường Tân Kiểng, Quận 7, Hồ Chí Minh",https://storage.googleapis.com/rental-room-c34cb.appspot.com/Rooms/oZhFXIopaf9e2g0Ho4W2/3.png,https://storage.googleapis.com/rental-room-c34cb.appspot.com/Rooms/oZhFXIopaf9e2g0Ho4W2/4.png
https://storage.googleapis.com/rental-room-c34cb.appspot.com/Rooms/ohl0N2ZNHgIFHRyRm5JF/1.png,https://storage.googleapis.com/rental-room-c34cb.appspot.com/Rooms/ohl0N2ZNHgIFHRyRm5JF/2.png,4715675635,"92854 Levine Creek Apt. 524
North Kenneth, MN 40095",Loft Room,dsandoval@example.net,"Vị trí trung tâm tiện di chuyển sang các quận khác, gần chợ trung tâm thương mại lớn.Gần Landmark 81, Cầu Thủ Thiêm, Điện Biên Phủ,...- Xung quanh có nhiều cửa hàng tiện lợi, chợ, siêu thị, khu ẩm thực,...Thuận tiện di chuyển quận 1,2,3,10,...Tình trạng:- Full nội thất, phòng trống sẵn có thể dọn vào ở ngay.- Giờ giấc tự do, không chung chủ.- Khu vực an ninh, camera giám sát.- Hẻm oto.- Được nuôi pet và cam kết.- Máy giặt riêng từng phòng.Hệ thống mình còn rất nhiều căn hộ toạ lạc trên địa bàn TPHCM."" Nhận tìm phòng / căn hộ theo nhu cầu của khách hàng "".- Căn hộ 1 phòng ngủ.- Căn hộ 2 phòng ngủ.- Căn hộ studio.- Căn hộ duplex - Có Gác.- Căn hộ tách bếp.Và nhiều loại căn hộ khác nữa, Hỗ trợ tìm phòng theo yêu cầu của khách hàng về đặc điểm của căn hộ và vị trí đường mà khách hàng mong muốn với mức giá từ 5 triệu VNĐ.Hỗ trợ tìm phòng (Miễn Phí).",reynoldscharles,https://storage.googleapis.com/rental-room-c34cb.appspot.com/Rooms/ohl0N2ZNHgIFHRyRm5JF/0.png,2000,6200000,9000,20000,true,ohl0N2ZNHgIFHRyRm5JF,30,Sharon Serrano,vxjxJmu7wCqjap4ipuPg,A120,"https://www.google.com/maps/embed/v1/place?q=10.7934516,106.7181426&key=AIzaSyAMd45cCGHSmsM2a5APxYRdOwV8kX-4m40","Đường Nguyễn Hữu Cảnh, Phường 22, Bình Thạnh, Hồ Chí Minh",https://storage.googleapis.com/rental-room-c34cb.appspot.com/Rooms/ohl0N2ZNHgIFHRyRm5JF/3.png,https://storage.googleapis.com/rental-room-c34cb.appspot.com/Rooms/ohl0N2ZNHgIFHRyRm5JF/4.png
https://storage.googleapis.com/rental-room-c34cb.appspot.com/Rooms/olWZl8WOq8rAQ5XopzjV/1.png,https://storage.googleapis.com/rental-room-c34cb.appspot.com/Rooms/olWZl8WOq8rAQ5XopzjV/2.png,392.967.9570x339,"4598 Morgan Islands Apt. 749
South Kaylaborough, TX 38919",Loft Room,mikewhitaker@example.org,"Vị trí trung tâm tiện di chuyển sang các quận khác, gần chợ trung tâm thương mại lớn.Gần Landmark 81, Cầu Thủ Thiêm, Điện Biên Phủ,...- Xung quanh có nhiều cửa hàng tiện lợi, chợ, siêu thị, khu ẩm thực,...Thuận tiện di chuyển quận 1,2,3,10,...Tình trạng:- Full nội thất, phòng trống sẵn có thể dọn vào ở ngay.- Giờ giấc tự do, không chung chủ.- Khu vực an ninh, camera giám sát.- Hẻm oto.- Được nuôi pet và cam kết.- Máy giặt riêng từng phòng.Hệ thống mình còn rất nhiều căn hộ toạ lạc trên địa bàn TPHCM."" Nhận tìm phòng / căn hộ theo nhu cầu của khách hàng "".- Căn hộ 1 phòng ngủ.- Căn hộ 2 phòng ngủ.- Căn hộ studio.- Căn hộ duplex - Có Gác.- Căn hộ tách bếp.Và nhiều loại căn hộ khác nữa, Hỗ trợ tìm phòng theo yêu cầu của khách hàng về đặc điểm của căn hộ và vị trí đường mà khách hàng mong muốn với mức giá từ 5 triệu VNĐ.Hỗ trợ tìm phòng (Miễn Phí).",nicolewagner,https://storage.googleapis.com/rental-room-c34cb.appspot.com/Rooms/olWZl8WOq8rAQ5XopzjV/0.png,2000,6200000,12000,20000,true,olWZl8WOq8rAQ5XopzjV,30,Rachel Johnson,qMxgZQlmmPbXA2PFZCL8,A070,"https://www.google.com/maps/embed/v1/place?q=10.7934516,106.7181426&key=AIzaSyAMd45cCGHSmsM2a5APxYRdOwV8kX-4m40","Đường Nguyễn Hữu Cảnh, Phường 22, Bình Thạnh, Hồ Chí Minh",https://storage.googleapis.com/rental-room-c34cb.appspot.com/Rooms/olWZl8WOq8rAQ5XopzjV/3.png,https://storage.googleapis.com/rental-room-c34cb.appspot.com/Rooms/olWZl8WOq8rAQ5XopzjV/4.png
https://storage.googleapis.com/rental-room-c34cb.appspot.com/Rooms/ozd4DNbt4QbNcC64quxB/1.png,https://storage.googleapis.com/rental-room-c34cb.appspot.com/Rooms/ozd4DNbt4QbNcC64quxB/2.png,256-366-9981x98661,"48847 Joshua Wall Apt. 689
Lake Andrewside, WI 89623",Loft Room,robertscharlotte@example.org,"Khai trương 100 căn duplex 35m² - balcony giếng trời, giá khai xuân chỉ 5tr5 full opt.TrustHome khai trương 100 căn hộ duplex balcony - giếng trời sang xịn mịn.Đặc biệt: Tết lớn, chơi lớn, lì xì lớn cho 30 khách hàng đầu tiên đặt phòng.Phòng thiết kế cao cấp nội thất gồm:- Máy lạnh.- Tủ lạnh 165 lít.- Tivi.- Bàn ăn.- Bàn ghế làm việc.- Tủ áo, tủ decor, tủ giày dép.- Bếp từ, tủ bếp, kệ bếp.- Máy sấy.- Thiết bị vệ sinh cao cấp.-------------------------------Giá phòng khai xuân chỉ từ: 5tr5/tháng.- Điện: 4k/kw.- Nước 100k/người.- Xe: 150k/chiếc.- Dịch vụ 150k/ phòng: Cable, nét rác, wifi, thang máy, vệ sinh, bảo trì, an ninh.- Dịch vụ dọn vệ sinh phòng 200k/ tháng, 1 tuần dọn 2 lần, tổng 8 buổi vệ sinh phòng (không bắt buộc).Địa chỉ: 21/7/14 Bình Lợi, P13, Bình Thạnh (ĐH Văn Lang cách 3 phút).Liên Hệ: 0973 373 ***",adamssusan,https://storage.googleapis.com/rental-room-c34cb.appspot.com/Rooms/ozd4DNbt4QbNcC64quxB/0.png,3000,5500000,4000,20000,true,ozd4DNbt4QbNcC64quxB,35,Steven Dean,dyhZG1p8Ler9Swql4lzg,A034,"https://www.google.com/maps/embed/v1/place?q=10.8305916,106.705546&key=AIzaSyAMd45cCGHSmsM2a5APxYRdOwV8kX-4m40","21/7/14 Đường Bình Lợi, Phường 13, Bình Thạnh, Hồ Chí Minh",https://storage.googleapis.com/rental-room-c34cb.appspot.com/Rooms/ozd4DNbt4QbNcC64quxB/3.png,https://storage.googleapis.com/rental-room-c34cb.appspot.com/Rooms/ozd4DNbt4QbNcC64quxB/4.png
https://storage.googleapis.com/rental-room-c34cb.appspot.com/Rooms/q3rhJlWyZN10raxxtvHV/1.png,https://storage.googleapis.com/rental-room-c34cb.appspot.com/Rooms/q3rhJlWyZN10raxxtvHV/2.png,379.946.2160x57114,"789 Wall Shore
Huangtown, FM 27535",Loft Room,stephanie85@example.com,"Đc: Lê Quang Định P1 GVGẦn Phạm Văn Đồng, tiện qua Gigamall.Sân bay, Q3 cũng thuận tiện di chuyểnNgoài ra nội thất trang bị đầy đủ; máy lạnh, tủ lạnh, tủ đồ, bàn ghế, rèm cửa,  máy hút mùiKo chung chủ, giờ giấc tự dođiện 4knước 100k/ngfree phí dịch vụ & xeinbox zalo để xem thêm video",martinezhannah,https://storage.googleapis.com/rental-room-c34cb.appspot.com/Rooms/q3rhJlWyZN10raxxtvHV/0.png,3000,5000000,14000,20000,true,q3rhJlWyZN10raxxtvHV,30,Christina Adams,VKwuroljqmXZESzI17rL,A071,"https://www.google.com/maps/embed/v1/place?q=10.8148203,106.6895396&key=AIzaSyAMd45cCGHSmsM2a5APxYRdOwV8kX-4m40","Đường Lê Quang Định, Phường 1, Gò Vấp, Hồ Chí Minh",https://storage.googleapis.com/rental-room-c34cb.appspot.com/Rooms/q3rhJlWyZN10raxxtvHV/3.png,https://storage.googleapis.com/rental-room-c34cb.appspot.com/Rooms/q3rhJlWyZN10raxxtvHV/4.png
https://storage.googleapis.com/rental-room-c34cb.appspot.com/Rooms/qcY2zCPIXeGeBNZMxAgs/1.png,https://storage.googleapis.com/rental-room-c34cb.appspot.com/Rooms/qcY2zCPIXeGeBNZMxAgs/2.png,8509670303,"8909 Curtis Passage Suite 348
East Jessicaside, AL 88174",Loft Room,cbarnes@example.com,- Địa chỉ: Dương Bá Trạc P1 Q8.- Điện: 4k.- Nước: 150k/người.- Phí dịch vụ: 150k/phòng.- Xe: 100k/chiếc.- Giá: 6.200.000.- Liên hệ: 0982 487 *** hỗ trợ 24/7.,teresasmith,https://storage.googleapis.com/rental-room-c34cb.appspot.com/Rooms/qcY2zCPIXeGeBNZMxAgs/0.png,3000,6200000,4000,20000,true,qcY2zCPIXeGeBNZMxAgs,30,Matthew Macias,4jS3Yw8G00lornB00kXz,A203,"https://www.google.com/maps/embed/v1/place?q=10.7454408,106.6900445&key=AIzaSyAMd45cCGHSmsM2a5APxYRdOwV8kX-4m40","Đường Dương Bá Trạc, Phường 1, Quận 8, Hồ Chí Minh",https://storage.googleapis.com/rental-room-c34cb.appspot.com/Rooms/qcY2zCPIXeGeBNZMxAgs/3.png,https://storage.googleapis.com/rental-room-c34cb.appspot.com/Rooms/qcY2zCPIXeGeBNZMxAgs/4.png
https://storage.googleapis.com/rental-room-c34cb.appspot.com/Rooms/rCVVZfC4uvfut3YgpCBH/1.png,https://storage.googleapis.com/rental-room-c34cb.appspot.com/Rooms/rCVVZfC4uvfut3YgpCBH/2.png,560.593.8956x311,"0434 Madison Unions Suite 860
New Chadborough, GU 15774",Standard Room,lperez@example.org,"Cho thuê phòng trọ 35 đường 75, Phường Tân Phong, Quận 7. Khu dân cư Tân Quy Đông.* Diện tích: 4x4m, 1 lầu đúc thật.* Dãy chỉ có 4 phòng trọ.* Giá cho thuê 4.5tr/th.* Vị trí đường 14m, Khu vực trung tâm, sát Lotte Mart Him Lam, Sunrise City View.* Khu an ninh khép kín, có bảo vệ 24/24.* Xung quanh đầy đủ mọi tiện ích như siêu thị Lotte Mart, các ngân hàng lớn, chợ, trường học cấp 1, 2, 3 và ĐH Tôn Đức Thắng, Marketing, Rmit...* Tiện ở gia đình nhỏ, 3 bạn ở ghép...* Điện nhà nước có đồng hồ riêng xài nhiêu đóng nhiêu hoá đơn theo điện lực.* Nước có đồng hồ riêng, đơn giá 27k/m3.Thông tin chi tiết vui lòng liên hệ chính chủ: 0909 477 ***.* Còn 1 mặt bằng kinh doanh cần cho thuê tại số 32 Đường 30, Tân Phong giá 10tr.Chính chủ cần cho thuê mặt bằng mặt tiền đường số 30 KDC Tân Quy Đông, Phường Tân Phong, Q7.Giá 10 tr tháng.Diện tích 5x10m,Có đồng hồ điện nhà nước.Đường trước nhà 16m, đậu ô tô tránh nhau thoải mái.- Thuận tiện làm spa, văn phòng, kinh doanh buôn bán mang đi.- Vị trí ngay khu Tân Quy Đông Quận 7, an ninh sang trọng.- Điện giá nhà nước.- Khu dân cư an ninh, trí thức, gần Lotte, đại học Tôn Đức Thắng...- Nhà trống nhận nhà ngay Liên hệ: 0909 477 ***.",michaeltorres,https://storage.googleapis.com/rental-room-c34cb.appspot.com/Rooms/rCVVZfC4uvfut3YgpCBH/0.png,2000,4500000,15000,20000,true,rCVVZfC4uvfut3YgpCBH,16,Heidi Calderon,wyHNJt8n7eBeaeT4vas3,A035,"https://www.google.com/maps/embed/v1/place?q=10.7379157,106.7047862&key=AIzaSyAMd45cCGHSmsM2a5APxYRdOwV8kX-4m40","35, Đường Số 75, Phường Tân Phong, Quận 7, Hồ Chí Minh",https://storage.googleapis.com/rental-room-c34cb.appspot.com/Rooms/rCVVZfC4uvfut3YgpCBH/3.png,https://storage.googleapis.com/rental-room-c34cb.appspot.com/Rooms/rCVVZfC4uvfut3YgpCBH/4.png
https://storage.googleapis.com/rental-room-c34cb.appspot.com/Rooms/rQPZSWKNWgFGb5t7WxTm/1.png,https://storage.googleapis.com/rental-room-c34cb.appspot.com/Rooms/rQPZSWKNWgFGb5t7WxTm/2.png,+1-362-445-0207x97854,"93986 Madison Lights Suite 407
Heathermouth, ME 29460",Standard Room,qwilliams@example.com,139 Nguyễn Thượng Hiền P6 Bình Thạnh.Giá 4tr9.Nước 100k.Điện 3k8.Dv 150k.Giờ giấc tự do.Chìa khoá riêng.Wc riêng.Lầu 1.Ban công thoáng.Trống sẵn vào ngay.LH: 0708 781 ***,alicia30,https://storage.googleapis.com/rental-room-c34cb.appspot.com/Rooms/rQPZSWKNWgFGb5t7WxTm/0.png,2000,4900000,11000,20000,true,rQPZSWKNWgFGb5t7WxTm,25,Gabriel Nguyen,4LjJ4UqeJp6p8oA8Ziib,A056,"https://www.google.com/maps/embed/v1/place?q=10.8081516,106.6841423&key=AIzaSyAMd45cCGHSmsM2a5APxYRdOwV8kX-4m40","139, Đường Nguyễn Thượng Hiền, Phường 6, Bình Thạnh, Hồ Chí Minh",https://storage.googleapis.com/rental-room-c34cb.appspot.com/Rooms/rQPZSWKNWgFGb5t7WxTm/3.png,https://storage.googleapis.com/rental-room-c34cb.appspot.com/Rooms/rQPZSWKNWgFGb5t7WxTm/4.png
https://storage.googleapis.com/rental-room-c34cb.appspot.com/Rooms/s8JgUAuPWgNG4zQUNeGU/1.png,https://storage.googleapis.com/rental-room-c34cb.appspot.com/Rooms/s8JgUAuPWgNG4zQUNeGU/2.png,613-577-9715x58235,"2092 Ellis Loaf Apt. 364
Pierceborough, AL 82640",Standard Room,yyoung@example.net,"Cho thuê căn hộ tiện nghi ngay gần sân bay Tân Bình, ngã tư Bảy Hiền.- Nhà mới, sạch sẽ, thoáng mát y hình.- Nhà 2 giếng trời, chiếu sáng tự nhiên.- Đặc biệt an ninh, thông thoáng chiếu sáng tự nhiên, đảm bảo PCCC thoát hiểm an toàn.- Phòng có sẵn: Máy lạnh, máy nước nóng, tủ bếp, tủ quần áo, bàn làm việc, giường ngủ nệm 1m8.- Đóng tiền đầu tháng từ ngày 1 - 7.- Cọc: 1 tháng.- Điện: 4k, wifi 150k/phòng, nước 100k/người, Phí dịch vụ (tiền rác free).- Diện tích 30m².- Xe máy free 1 chiếc (chiếc thứ 2 gửi gần nhà 100k/tháng).Chính chủ không có thời gian, mọi thông tin đã có đầy đủ và đúng như hình. Chuyển vào ở luôn giảm ngay 300k.",parrishtanya,https://storage.googleapis.com/rental-room-c34cb.appspot.com/Rooms/s8JgUAuPWgNG4zQUNeGU/0.png,2000,4500000,4000,20000,true,s8JgUAuPWgNG4zQUNeGU,30,Justin Daniel,YlUO18tkLigZrs5kDzuI,A018,"https://www.google.com/maps/embed/v1/place?q=10.8043245456443,106.658765178907&key=AIzaSyAMd45cCGHSmsM2a5APxYRdOwV8kX-4m40","Số 99 Nguyễn Thái Bình, Phường 4, Tân Bình, Hồ Chí Minh",https://storage.googleapis.com/rental-room-c34cb.appspot.com/Rooms/s8JgUAuPWgNG4zQUNeGU/3.png,https://storage.googleapis.com/rental-room-c34cb.appspot.com/Rooms/s8JgUAuPWgNG4zQUNeGU/4.png
https://storage.googleapis.com/rental-room-c34cb.appspot.com/Rooms/sa6P3ZiFd5t1Wu7RNXOH/1.png,https://storage.googleapis.com/rental-room-c34cb.appspot.com/Rooms/sa6P3ZiFd5t1Wu7RNXOH/2.png,(262)836-0420,"PSC 0887, Box 5678
APO AE 09786",Standard Room,roblesjenna@example.com,"Hifriendz cho ra các dự án siêu hot với giá hssv chỉ từ 3 triệu.Địa chỉ: Kinh Dương Vương - An Dương Vương - đường số 1 - Quận 6 - Quận Bình Tân Ngay công viên Phú Lâm.Full nội thất: Máy lạnh, gác, bếp, tủ quần áo.Khu vực rộng rãi, an ninh.Camera 24/7.Cửa khoá vân tay.Giờ giấc tự do.Gọi cho em để mình được hỗ trợ xem phòng ngay nhé.Nhấn để hiện số: 0774 876 ***",christineturner,https://storage.googleapis.com/rental-room-c34cb.appspot.com/Rooms/sa6P3ZiFd5t1Wu7RNXOH/0.png,2000,3000000,11000,20000,true,sa6P3ZiFd5t1Wu7RNXOH,30,David Elliott,wF9F7PIDLbUzFlrsUSAE,A060,"https://www.google.com/maps/embed/v1/place?q=10.7496203,106.6287781&key=AIzaSyAMd45cCGHSmsM2a5APxYRdOwV8kX-4m40","Đường An Dương Vương, Phường 12, Quận 6, Hồ Chí Minh",,
https://storage.googleapis.com/rental-room-c34cb.appspot.com/Rooms/sqPzwUiSvMMX3lLmd2B2/1.png,https://storage.googleapis.com/rental-room-c34cb.appspot.com/Rooms/sqPzwUiSvMMX3lLmd2B2/2.png,001-618-447-9529x501,"5518 Kristin Rest
Lake Amy, SD 73178",Standard Room,hestermichael@example.net,"Phòng tại 33B Hà Bá Tường (cách ngã ba Trường Chinh - Đồng Đen 300m, mặt sau của đường Đồng Đen): Gần ngã tư Bảy Hiền, sân bay, giáp Q10, Q. Phú Nhuận, sân bay...Hiện nay có 2 loại phòng:1/ Loại 1: Giá phòng 3 triệu - 1/7 nhận phòng.2/ Loại 2: Giá phòng 3 triệu nhưng đang có 1 nam thanh niên 40t người miền nam đang ở để trông coi nhà trọ, nên cần tìm thêm 1 - 2 nam ở ghép để chia tiền phòng - ( 10/6 nhận phòng )- Nếu phòng chỉ ở 2 người thì giá 1.5 triệu/người.- Nếu phòng ở 3 người thì giá 1 triệu/người.Cả 2 loại: Trong phòng có: Máy lạnh, quạt treo tường, tủ áo, bếp, WC, kệ dép, kệ chén.. Các loại, chân bình nước.. Bồn cầu liền khối. Nhà mới.* Lưu ý:- Không chung chủ, tuyệt đối an ninh, sạch sẽ.- Điện 3.500/ký, nước máy giá nhà nước khoảng 30k/người/tháng.- Miễn phí: Tiền gửi xe, wifi, cáp tivi, rác.- Cọc 1 tháng.Chỉ nhận người thuê đàng hoàng - lịch sự, thuê lâu dài.* Xem phòng 24/24, tới trước nhà gọi số ĐT trên sẽ có BV mở cửa: 0902 666 *** ( KO NHẮN ZALO NHÉ )",james45,https://storage.googleapis.com/rental-room-c34cb.appspot.com/Rooms/sqPzwUiSvMMX3lLmd2B2/0.png,2000,1500000,8000,20000,true,sqPzwUiSvMMX3lLmd2B2,25,Michael Cordova,R7wTLnuE0fLc5LfztD5P,A086,"https://www.google.com/maps/embed/v1/place?q=10.7952704,106.645765&key=AIzaSyAMd45cCGHSmsM2a5APxYRdOwV8kX-4m40","33B, Đường Hà Bá Tường, Phường 12, Tân Bình, Hồ Chí Minh",https://storage.googleapis.com/rental-room-c34cb.appspot.com/Rooms/sqPzwUiSvMMX3lLmd2B2/3.png,
https://storage.googleapis.com/rental-room-c34cb.appspot.com/Rooms/t1pycrNs36UteM5AUtLG/1.png,https://storage.googleapis.com/rental-room-c34cb.appspot.com/Rooms/t1pycrNs36UteM5AUtLG/2.png,993.300.1466,"821 Dana Club
Hunterland, FL 80991",Loft Room,jennifer13@example.org,"Duplex với thiết kế sang trọng full NT ngay Nguyễn Văn Linh, Quận 7.Địa chỉ: Nguyễn Văn Linh, Bình Thuận, Quận 7.Gần chợ, cửa hàng tiện lợi, ĐH RMIT, ĐH Tôn Đức Thắng.Thuận tiện qua các quận 1,4, Cresent Mall, LotteMart, BigC.Thiết kế hiện đại, sang trọng.Full nội thất cao cấp.Có hồ bơi sân thượng, nhà hàng quán ăn, cafe ngay sảnh toà nhà.Thang máy, hầm giữ xe.An ninh 24/7.Liên hệ: 0838 888 *** Zalo, Imess Để được tư vấn và xem phòng.",garzaemily,https://storage.googleapis.com/rental-room-c34cb.appspot.com/Rooms/t1pycrNs36UteM5AUtLG/0.png,2000,7000000,4000,20000,true,t1pycrNs36UteM5AUtLG,45,Michael Diaz,VoEsgBc7Ch1MCduZdvcb,A107,"https://www.google.com/maps/embed/v1/place?q=10.7432337,106.7217742&key=AIzaSyAMd45cCGHSmsM2a5APxYRdOwV8kX-4m40","Đường Nguyễn Văn Linh, Phường Bình Thuận, Quận 7, Hồ Chí Minh",https://storage.googleapis.com/rental-room-c34cb.appspot.com/Rooms/t1pycrNs36UteM5AUtLG/3.png,https://storage.googleapis.com/rental-room-c34cb.appspot.com/Rooms/t1pycrNs36UteM5AUtLG/4.png
https://storage.googleapis.com/rental-room-c34cb.appspot.com/Rooms/t8wI7QAD1RSmc54UPRq1/1.png,https://storage.googleapis.com/rental-room-c34cb.appspot.com/Rooms/t8wI7QAD1RSmc54UPRq1/2.png,2047714605,"02213 Joshua Keys Apt. 778
South Michelle, MH 04357",Standard Room,jessica49@example.net,"Nhà mới 100%. Thoáng mát, sạch sẽ, wifi, tủ, MNNL, bếp, kho, camera an ninh.Ngay Hàng Xanh. Đi bộ 2 phút đến ĐH Hutech, GTVT, Ngoại Thương. Đi làm Q1 - Q2 - Q3 - Chợ Bà Chiểu.Diện tích: 15m² (Máy giặt, WC riêng).Thoáng mát, sạch sẽ, tiện nghi, an ninh:+ Thoáng: Phòng cao, cửa sổ mát mẻ, yên tĩnh.+ Sạch sẽ: Gạch men quanh tường, bếp tiện nghi, kho RỘNG, móc đồ tinh tế.+ Toilet riêng: Bồn cầu, MNNL, vòi sen, gương, móc treo đồ, bồn rửa lavabo.+ An ninh: Hệ thống chống trộm, camera an ninh 24/24, có hầm để xe.+ 5 phút đi chợ, siêu thị, ngân hàng, trạm xe buýt.Dịch vụ cạnh tranh:+ Điện riêng, rẻ (kiểm định Nhà nước): 3.500 đ/KWh.+ Nước lọc tiêu chuẩn Châu Âu: 100.000 đ/người.+ Internet gói Fiber Business (50mb/s): 100.000 đ (FREE).+ Hết mùi hôi do nấu ăn. Bếp (FREE).+ Đội ngũ bảo trì, sửa chữa nhanh chóng, thân thiện (FREE).Giá thuê: 3 đến 3,3 triệu đồng.Giá cọc: 1 tháng (hoàn trả 100% cọc khi kết thúc hợp đồng).Trả phòng: CHỈ cần báo trước 30 NGÀY. Không ép ở 6 tháng.Gọi ngay, hoặc ZALO: 0987 719 *** - Thiên Lý.Địa chỉ: Hẻm 59 Đinh Bộ Lĩnh - P. 26 - Q. Bình Thạnh.",zeaton,https://storage.googleapis.com/rental-room-c34cb.appspot.com/Rooms/t8wI7QAD1RSmc54UPRq1/0.png,2000,3000000,6000,20000,true,t8wI7QAD1RSmc54UPRq1,15,Christopher Wood,YJBctLAuGYkzPMTnWd85,A031,"https://www.google.com/maps/embed/v1/place?q=10.81159,106.7091136&key=AIzaSyAMd45cCGHSmsM2a5APxYRdOwV8kX-4m40","Đường Đinh Bộ Lĩnh, Phường 26, Bình Thạnh, Hồ Chí Minh",https://storage.googleapis.com/rental-room-c34cb.appspot.com/Rooms/t8wI7QAD1RSmc54UPRq1/3.png,
https://storage.googleapis.com/rental-room-c34cb.appspot.com/Rooms/tF53XYMNMd4QJxtMsF2h/1.png,https://storage.googleapis.com/rental-room-c34cb.appspot.com/Rooms/tF53XYMNMd4QJxtMsF2h/2.png,816-317-7755,"4562 Karen Islands Suite 098
Aguilarview, KS 68813",Standard Room,ljames@example.org,"- Vị trí tòa nhà nằm ở mặt tiền đường Nguyễn Đức Thuận, trong khu Cộng Hòa - Hoàng Hoa Thám, gần ETown, trường học, siêu thị, bệnh viện..., giao thông thuận lợi, tòa nhà cao 7 tầng, gồm nhiều căn hộ độc lập, có hầm để xe rộng rãi, sử dụng hệ thống giữ xe thông minh bằng thẻ từ, bảo vệ 24/24, thang máy Nhật, internet cáp quang tốc độ cao, truyền hình cáp chất lượng cao, tòa nhà có trang bị hệ thống camera an ninh, hệ thống báo cháy và hệ thống chữa cháy tự động trang bị đến từng căn hộ (an toàn tuyệt đối).- Đặc điểm từng căn hộ:+ Diện tích: 22m² - 35m².+ Mỗi căn có 1 bình nước nóng mặt trời riêng, WC riêng, nước máy có đồng hồ riêng.+ Bàn bếp, kệ bếp, tủ bếp, bồn rửa chén, balcon phơi đồ riêng.+ Mỗi căn có 2 cửa sổ thoáng mát (có rèm che).+ Vật liệu hoàn thiện cao cấp: Sơn nước cao cấp, gạch nền bóng kiếng 600x600, cầu thang ốp đá Granite, thiết bị WC Inax của Nhật...+ Giá 2,7 triệu/tháng - 3.5 triệu/tháng.+ Miễn phí: Thang máy, internet, truyền hình cáp, chi phí quét dọn hành lang, đổ rác.- Địa chỉ: 7A Nguyễn Đức Thuận, P. 13, Q. Tân Bình, TP. HCM.- Liên hệ: 0913 622 *** - A. Kết.",cporter,https://storage.googleapis.com/rental-room-c34cb.appspot.com/Rooms/tF53XYMNMd4QJxtMsF2h/0.png,3000,2700000,11000,20000,true,tF53XYMNMd4QJxtMsF2h,35,Amber Anderson,YMZtbfgP9KMo5PBzTG1J,A036,"https://www.google.com/maps/embed/v1/place?q=10.8064784,106.6406718&key=AIzaSyAMd45cCGHSmsM2a5APxYRdOwV8kX-4m40","7A, Đường Nguyễn Đức Thuận, Phường 13, Tân Bình, Hồ Chí Minh",https://storage.googleapis.com/rental-room-c34cb.appspot.com/Rooms/tF53XYMNMd4QJxtMsF2h/3.png,https://storage.googleapis.com/rental-room-c34cb.appspot.com/Rooms/tF53XYMNMd4QJxtMsF2h/4.png
https://storage.googleapis.com/rental-room-c34cb.appspot.com/Rooms/txDz7IbKccW2ZXYMsg5k/1.png,https://storage.googleapis.com/rental-room-c34cb.appspot.com/Rooms/txDz7IbKccW2ZXYMsg5k/2.png,3627508411,"827 Simpson Landing Apt. 694
Alextown, VT 03031",Standard Room,odonaldson@example.org,"Chính chủ cho thuê Phòng full nội thất 4.000.000đ Vị trí đắc địa: 9 Trần Văn Khánh, phường Tân Thuận Đông, quận 7 (ngay chân cầu tân thuận 1), gần KCX Tân thuận, gần Đại học Tài chính Marketing, Đh Nguyễn Tất Thành, sát bên chợ, rất gần qua Q4, Q1, Q8,..- Có NVS riêng trong phòng, máy nóng lạnh năng lượng mặt trời.- Máy lạnh mới tiết kiệm điện.- Có cửa sổ thoáng mát.- Tủ quần áo lớn.- Bàn làm việc, bàn trang điểm.- Được để xe free, có camera giám sát.- Khu vực an ninh, an toàn.- Giờ giấc đi lại tự do.- Có chỗ để xe thoải mái.- Máy giặt chung.Phòng full nội thất mới, chỉ cần xách vali xe đưa đến tận phòng vô ở luôn.Điện 3,8k/kg, nước 100k/người, phí dịch vụ (wifi + rác + giặt đồ + vệ sinh hành lang) 150k/ phòng.Liên hệ qua SĐT hoặc Zalo để xem phòng.(Hỗ trợ cọc).",qrivas,https://storage.googleapis.com/rental-room-c34cb.appspot.com/Rooms/txDz7IbKccW2ZXYMsg5k/0.png,2000,3500000,12000,20000,true,txDz7IbKccW2ZXYMsg5k,25,Douglas Kidd,IO5VLXfi70PlOVnCgNk6,A100,"https://www.google.com/maps/embed/v1/place?q=10.756131,106.7229437&key=AIzaSyAMd45cCGHSmsM2a5APxYRdOwV8kX-4m40","9 Đường Trần Văn Khánh, Phường Tân Thuận Đông, Quận 7, Hồ Chí Minh",https://storage.googleapis.com/rental-room-c34cb.appspot.com/Rooms/txDz7IbKccW2ZXYMsg5k/3.png,https://storage.googleapis.com/rental-room-c34cb.appspot.com/Rooms/txDz7IbKccW2ZXYMsg5k/4.png
https://storage.googleapis.com/rental-room-c34cb.appspot.com/Rooms/uF7XsTghoGs3mEpsckOR/1.png,https://storage.googleapis.com/rental-room-c34cb.appspot.com/Rooms/uF7XsTghoGs3mEpsckOR/2.png,597.433.5240x6289,"9466 Brian Expressway Apt. 240
Patrickborough, PW 94001",Loft Room,john69@example.com,"Vị trí:- Gần Cầu Đỏ, Phạm Văn Đồng, Đặng Thuỳ Trâm, Bình Lợi, Nguyễn Xí, Nơ Trang Long.- Đại Học Văn Lang cs2 - 3.- Thuận tiện di chuyển Thủ Đức, Gò Vấp, Sân Bay, Tân Bình.Khu vực gần chợ, siêu thị chuyển đổi tiện lợi.Tổng quan:- Thang máy.- Căn hộ đầy đủ nội thất.- Camera an ninh 24/7.- Khoa vân tây.- Không chung chủ.- Giờ giấc tự do."" Nhận tìm phòng / căn hộ theo nhu cầu của khách hàng, hỗ trợ tìm phòng theo yêu cầu của khách hàng về đặc sản căn hộ và vị trí đường mà khách hàng mong muốn.Trợ giúp tìm kiếm phòng (miễn phí).",mcgeeemma,https://storage.googleapis.com/rental-room-c34cb.appspot.com/Rooms/uF7XsTghoGs3mEpsckOR/0.png,2000,5500000,4000,20000,true,uF7XsTghoGs3mEpsckOR,30,Michelle Rivera,EQnAui4HLNw1Mz7mpuWX,A189,"https://www.google.com/maps/embed/v1/place?q=10.8200704,106.7040266&key=AIzaSyAMd45cCGHSmsM2a5APxYRdOwV8kX-4m40","Đường  Nguyễn Xí, Phường 13, Bình Thạnh, Hồ Chí Minh",https://storage.googleapis.com/rental-room-c34cb.appspot.com/Rooms/uF7XsTghoGs3mEpsckOR/3.png,https://storage.googleapis.com/rental-room-c34cb.appspot.com/Rooms/uF7XsTghoGs3mEpsckOR/4.png
https://storage.googleapis.com/rental-room-c34cb.appspot.com/Rooms/uI3USCYdTBVnRHfbolgt/1.png,https://storage.googleapis.com/rental-room-c34cb.appspot.com/Rooms/uI3USCYdTBVnRHfbolgt/2.png,366.707.5145x8567,"054 Brendan Extension Apt. 960
Youngfort, KS 98267",Loft Room,fguzman@example.org,"* Địa chỉ: 108/8 Võ Duy Ninh, P. 22, Q. Bình Thạnh (gần đường Nguyễn Hữu Cảnh, cầu Thủ Thiêm).* Tiện ích:Gần nhiều trường đại học (Hutech, UEF, ngoại thương,... ).Máy giặt riêng từng phòng, sân phơi riêng.Cửa ra vào bằng vân tay.Giờ giấc tự do, không chung chủ.Có thang máy.Được nuôi pet.Không giới hạn số người ở.Nhiều tiện ích xung quanh.----Inbox hoặc liên hệ zalo 0855 746 ***Quyên) để xem phòng.",vanessa14,https://storage.googleapis.com/rental-room-c34cb.appspot.com/Rooms/uI3USCYdTBVnRHfbolgt/0.png,3000,7000000,3000,20000,true,uI3USCYdTBVnRHfbolgt,25,Terry Weaver,5SGFKQSnQYbb8qcYahvS,A091,"https://www.google.com/maps/embed/v1/place?q=10.7919266,106.716012&key=AIzaSyAMd45cCGHSmsM2a5APxYRdOwV8kX-4m40","108/8, Đường Võ Duy Ninh, Phường 22, Bình Thạnh, Hồ Chí Minh",https://storage.googleapis.com/rental-room-c34cb.appspot.com/Rooms/uI3USCYdTBVnRHfbolgt/3.png,https://storage.googleapis.com/rental-room-c34cb.appspot.com/Rooms/uI3USCYdTBVnRHfbolgt/4.png
https://storage.googleapis.com/rental-room-c34cb.appspot.com/Rooms/ubOhCaldtZ2NGNZSzl8S/1.png,https://storage.googleapis.com/rental-room-c34cb.appspot.com/Rooms/ubOhCaldtZ2NGNZSzl8S/2.png,001-396-367-3993x40940,"5072 Austin Highway Suite 499
Michaelbury, KS 47711",Standard Room,chandlerkeith@example.com,"Căn Hộ Duplex - Tách bếp, ngay Nhà Thờ Ba Chuông.Đường Lê Văn Sỹ, Quận Phú Nhuận.- Studio giá 4tr6 - 4tr8 - 5tr.- Duplex: 5tr - 5tr3 - 5tr5 - 6tr5.Phòng có sẵn Full nội thất:- Máy lạnh, tủ đồ, tủ lạnh, kệ tủ bếp, Sofa, nệm, bàn ghế,...Giờ giấc tự do - Không chung chủ.Cửa vân tay - Chỗ để xe.Có máy giặt chung.Call/zalo Tài.",ashleehayes,https://storage.googleapis.com/rental-room-c34cb.appspot.com/Rooms/ubOhCaldtZ2NGNZSzl8S/0.png,3000,4600000,6000,20000,true,ubOhCaldtZ2NGNZSzl8S,32,Melissa Santiago,ULRhtKbFocVnWz2cpixF,A210,"https://www.google.com/maps/embed/v1/place?q=10.7908218,106.6729344&key=AIzaSyAMd45cCGHSmsM2a5APxYRdOwV8kX-4m40","Đường Lê Văn Sỹ, Phường 13, Phú Nhuận, Hồ Chí Minh",https://storage.googleapis.com/rental-room-c34cb.appspot.com/Rooms/ubOhCaldtZ2NGNZSzl8S/3.png,https://storage.googleapis.com/rental-room-c34cb.appspot.com/Rooms/ubOhCaldtZ2NGNZSzl8S/4.png
https://storage.googleapis.com/rental-room-c34cb.appspot.com/Rooms/udsIIuHdOHojPr3mOjc2/1.png,https://storage.googleapis.com/rental-room-c34cb.appspot.com/Rooms/udsIIuHdOHojPr3mOjc2/2.png,409-281-6027,"99136 Stevens Fall Suite 448
Williamschester, UT 33534",Standard Room,rachelmartin@example.com,"Mình có phòng cho thuê diện tích từ 17- 25 m² ngay trung tâm Q10, đường Nguyễn Ngọc Lộc, phường 14, Q10.Phòng mới , sạch , thoáng có cửa sổ/ban công/toilet ... có chỗ để xe, an ninh và giờ giấc chủ động.Trang thiết bị cơ bản: điều hòa, máy nước nóng... sẽ trang bị thêm khi có nhu cầu.Rất phù hợp ở cá nhân hoặc gia đình nhỏ.Mặt tiền đường xe hơi an ninh và sạch sẽ, thông các tuyến đường 3/2, Thành Thái, Lý Thường Kiệt, Tô Hiển Thành.... gần trường học & đại học, bệnh viện, gần chợ Nguyễn Tri Phương, sân vận động Phú Thọ.... rất tiện lợi sinh hoạt, làm việc và ăn uống Gía thuê từ 4.2 - 5.8 triệu/phòng (Tùy theo diện tích)Nước: 100.000đ/người/tháng. Điện 4.000đ/kíNếu có nhu cầu vui lòng liên hệ số điện thoại: 0853 708 ***",dianeallen,https://storage.googleapis.com/rental-room-c34cb.appspot.com/Rooms/udsIIuHdOHojPr3mOjc2/0.png,2000,4200000,8000,20000,true,udsIIuHdOHojPr3mOjc2,17,Brooke Vaughn,YBQ4Q5w2NMehunKszz7h,A038,"https://www.google.com/maps/embed/v1/place?q=10.7674139,106.6632072&key=AIzaSyAMd45cCGHSmsM2a5APxYRdOwV8kX-4m40","Đường Nguyễn Ngọc Lộc, Phường 14, Quận 10, Hồ Chí Minh",https://storage.googleapis.com/rental-room-c34cb.appspot.com/Rooms/udsIIuHdOHojPr3mOjc2/3.png,https://storage.googleapis.com/rental-room-c34cb.appspot.com/Rooms/udsIIuHdOHojPr3mOjc2/4.png
https://storage.googleapis.com/rental-room-c34cb.appspot.com/Rooms/unwKz0xY03RmO5OxTjtC/1.png,https://storage.googleapis.com/rental-room-c34cb.appspot.com/Rooms/unwKz0xY03RmO5OxTjtC/2.png,624-520-1212,"33139 Brown Road Apt. 547
West Josephside, KY 43723",Standard Room,corey79@example.com,"Phòng trọ full nội thất - ban công rộng.- Diện tích: 30m vuông (rộng rãi thoáng, có ban công, view đẹp).- Phòng dưới trệt - Có chỗ để xe riêng biệt.- Có đầy đủ tiện nghi: Giường + máy giặt + tủ lạnh + bàn gế + máy lạnh/ máy quạt,...- Có wifi, chỗ để xe free.- Có bếp nấu ăn rộng.- Gần trường các trường đại học, chợ, siêu thị, ngân hàng,... - Khu vực dân cư tri thức cao, an ninh.Địa chỉ: 304/15/1 Tân Kỳ Tân Quý, Sơn Kỳ, Tân Phú, Thành phố Hồ Chí Minh.",ricky89,https://storage.googleapis.com/rental-room-c34cb.appspot.com/Rooms/unwKz0xY03RmO5OxTjtC/0.png,2000,2800000,6000,20000,true,unwKz0xY03RmO5OxTjtC,30,Jorge Shepherd,OxASixuJTkIfGvmFoWjR,A008,"https://www.google.com/maps/embed/v1/place?q=10.8007084,106.6225475&key=AIzaSyAMd45cCGHSmsM2a5APxYRdOwV8kX-4m40","304/15/1 Đường Tân Kỳ Tân Quý, Phường Sơn Kỳ, Tân Phú, Hồ Chí Minh",https://storage.googleapis.com/rental-room-c34cb.appspot.com/Rooms/unwKz0xY03RmO5OxTjtC/3.png,https://storage.googleapis.com/rental-room-c34cb.appspot.com/Rooms/unwKz0xY03RmO5OxTjtC/4.png
https://storage.googleapis.com/rental-room-c34cb.appspot.com/Rooms/urT2a8ldifgBYedGmUmd/1.png,https://storage.googleapis.com/rental-room-c34cb.appspot.com/Rooms/urT2a8ldifgBYedGmUmd/2.png,+1-801-666-3359x437,"24243 Thomas Island Apt. 406
New Andrew, MN 31171",Loft Room,xmorgan@example.com,"Vị trí trung tâm tiện di chuyển sang các quận khác, gần chợ trung tâm thương mại lớn.Gần Công Viên Phú Nhuận, Phố Ẩm Thực Vạn Kiếp, Hoàng Sa, Phan Đăng Lưu, Nguyễn Văn Đậu, Phan Xích Long,...- Xung quanh có nhiều cửa hàng tiện lợi, chợ, siêu thị, khu ẩm thực,...Thuận tiện di chuyển quận 1,3,TB, GV, 10.Tình trạng:- Full nội thất, phòng trống sẵn có thể dọn vào ở ngay.- Giờ giấc tự do, không chung chủ.- Khu vực an ninh, camera giám sát.- Hẻm oto.- Được nuôi pet và cam kết.- Máy giặt riêng từng phòng.Hệ thống mình còn rất nhiều căn hộ toạ lạc trên địa bàn TPHCM."" Nhận tìm phòng / căn hộ theo nhu cầu của khách hàng "".- Căn hộ 1 phòng ngủ.- Căn hộ 2 phòng ngủ.- Căn hộ studio.- Căn hộ duplex - Có Gác.- Căn hộ tách bếp.Và nhiều loại căn hộ khác nữa, Hỗ trợ tìm phòng theo yêu cầu của khách hàng về đặc điểm của căn hộ và vị trí đường mà khách hàng mong muốn với mức giá từ 5 triệu VNĐ.Hỗ trợ tìm phòng (Miễn Phí).",aaronnguyen,https://storage.googleapis.com/rental-room-c34cb.appspot.com/Rooms/urT2a8ldifgBYedGmUmd/0.png,2000,5600000,3000,20000,true,urT2a8ldifgBYedGmUmd,30,Brianna Flores,ZhEqKPGTkHfHSEI0EcDa,A118,"https://www.google.com/maps/embed/v1/place?q=10.7974657,106.6890993&key=AIzaSyAMd45cCGHSmsM2a5APxYRdOwV8kX-4m40","Đường Hoa Lan, Phường 2, Phú Nhuận, Hồ Chí Minh",https://storage.googleapis.com/rental-room-c34cb.appspot.com/Rooms/urT2a8ldifgBYedGmUmd/3.png,https://storage.googleapis.com/rental-room-c34cb.appspot.com/Rooms/urT2a8ldifgBYedGmUmd/4.png
https://storage.googleapis.com/rental-room-c34cb.appspot.com/Rooms/vRY5BQ2hWJbFgYHPGK74/1.png,https://storage.googleapis.com/rental-room-c34cb.appspot.com/Rooms/vRY5BQ2hWJbFgYHPGK74/2.png,+1-364-770-5569x81665,"USCGC Monroe
FPO AE 39325",Standard Room,gblair@example.org,"Phòng tại 33B Hà Bá Tường (cách ngã ba Trường Chinh - Đồng Đen 300m, mặt sau của đường Đồng Đen): Gần ngã tư Bảy Hiền, sân bay, giáp Q10, Q. Phú Nhuận, sân bay...Hiện nay có 2 loại phòng:1/ Loại 1: Giá phòng 3 triệu - 1/7 nhận phòng.2/ Loại 2: Giá phòng 3 triệu nhưng đang có 1 nam thanh niên 40t người miền nam đang ở để trông coi nhà trọ, nên cần tìm thêm 1 - 2 nam ở ghép để chia tiền phòng - (10/6 nhận phòng).- Nếu phòng chỉ ở 2 người thì giá 1.5 triệu/người.- Nếu phòng ở 3 người thì giá 1 triệu/người.Cả 2 loại: Trong phòng có: Máy lạnh, quạt treo tường, tủ áo, bếp, WC, kệ dép, kệ chén.. Các loại, chân bình nước.. Bồn cầu liền khối. Nhà mới.* Lưu ý:- Không chung chủ, tuyệt đối an ninh, sạch sẽ.- Điện 3.500/ký, nước máy giá nhà nước khoảng 30k/người/tháng.- Miễn phí: Tiền gửi xe, wifi, cáp tivi, rác.- Cọc 1 tháng.Chỉ nhận người thuê đàng hoàng - lịch sự, thuê lâu dài.* Xem phòng 24/24, tới trước nhà gọi số ĐT trên sẽ có BV mở cửa: 0902 666 ***ko nhắn zalo nhé).",beckrobert,https://storage.googleapis.com/rental-room-c34cb.appspot.com/Rooms/vRY5BQ2hWJbFgYHPGK74/0.png,2000,1500000,4000,20000,true,vRY5BQ2hWJbFgYHPGK74,25,John Allen,ofAl0MVw054nbFLlTd3n,A088,"https://www.google.com/maps/embed/v1/place?q=10.7952704,106.645765&key=AIzaSyAMd45cCGHSmsM2a5APxYRdOwV8kX-4m40","33B, Đường Hà Bá Tường, Phường 12, Tân Bình, Hồ Chí Minh",https://storage.googleapis.com/rental-room-c34cb.appspot.com/Rooms/vRY5BQ2hWJbFgYHPGK74/3.png,
https://storage.googleapis.com/rental-room-c34cb.appspot.com/Rooms/vkrJ5cP2ZtqwNjfTi7aG/1.png,https://storage.googleapis.com/rental-room-c34cb.appspot.com/Rooms/vkrJ5cP2ZtqwNjfTi7aG/2.png,657-538-6319x45033,"50963 York Meadow
West Leahville, MT 15901",Loft Room,joseph44@example.org,"Duplex với thiết kế sang trọng full NT ngay Nguyễn Văn Linh, Quận 7.Địa chỉ: Nguyễn Văn Linh, Bình Thuận, Quận 7.Gần chợ, cửa hàng tiện lợi, ĐH RMIT, ĐH Tôn Đức Thắng.Thuận tiện qua các quận 1,4, Cresent Mall, LotteMart, BigC.Thiết kế hiện đại, sang trọng.Full nội thất cao cấp.Có hồ bơi sân thượng, nhà hàng quán ăn, cafe ngay sảnh toà nhà.Thang máy, hầm giữ xe.An ninh 24/7.Liên hệ: 0838 888 *** Zalo, Imess Để được tư vấn và xem phòng.",joannamccoy,https://storage.googleapis.com/rental-room-c34cb.appspot.com/Rooms/vkrJ5cP2ZtqwNjfTi7aG/0.png,3000,7000000,8000,20000,true,vkrJ5cP2ZtqwNjfTi7aG,45,Justin Weaver,kUUDaWSVF7aXYofKiFnc,A207,"https://www.google.com/maps/embed/v1/place?q=10.7432337,106.7217742&key=AIzaSyAMd45cCGHSmsM2a5APxYRdOwV8kX-4m40","Đường Nguyễn Văn Linh, Phường Bình Thuận, Quận 7, Hồ Chí Minh",https://storage.googleapis.com/rental-room-c34cb.appspot.com/Rooms/vkrJ5cP2ZtqwNjfTi7aG/3.png,https://storage.googleapis.com/rental-room-c34cb.appspot.com/Rooms/vkrJ5cP2ZtqwNjfTi7aG/4.png
https://storage.googleapis.com/rental-room-c34cb.appspot.com/Rooms/vvMl58AkIxJqFjrtMczu/1.png,https://storage.googleapis.com/rental-room-c34cb.appspot.com/Rooms/vvMl58AkIxJqFjrtMczu/2.png,770.798.2640,"3625 Vasquez Islands
Paceland, NJ 11018",Standard Room,ebates@example.net,"- Ban công dài, rộng nhất thị trường.- Phòng ngủ riêng, phòng bếp riêng.- Nhà siêu thoáng, có cửa sổ.- Thuê cả tầng, Wc riêng, có thang máy, bãi giữ xe.",hcobb,https://storage.googleapis.com/rental-room-c34cb.appspot.com/Rooms/vvMl58AkIxJqFjrtMczu/0.png,3000,4000000,12000,20000,true,vvMl58AkIxJqFjrtMczu,25,Amanda Melendez,IvYNPxLdY2zDjJGGysDv,A108,"https://www.google.com/maps/embed/v1/place?q=10.8163542,106.7203731&key=AIzaSyAMd45cCGHSmsM2a5APxYRdOwV8kX-4m40","Đường Thanh Đa, Phường 27, Bình Thạnh, Hồ Chí Minh",https://storage.googleapis.com/rental-room-c34cb.appspot.com/Rooms/vvMl58AkIxJqFjrtMczu/3.png,https://storage.googleapis.com/rental-room-c34cb.appspot.com/Rooms/vvMl58AkIxJqFjrtMczu/4.png
https://storage.googleapis.com/rental-room-c34cb.appspot.com/Rooms/vvq3pFbrLrQKJ5c0NVa0/1.png,https://storage.googleapis.com/rental-room-c34cb.appspot.com/Rooms/vvq3pFbrLrQKJ5c0NVa0/2.png,957.919.6952x4662,"592 Ricky Drive
New Normanshire, UT 93087",Loft Room,jesse88@example.com,Căn hộ full nội thất ban công 50m² ngay Trường Chinh mới rộng phường 15 Tân Bình.- Hình thật già thật ban công full nội thất rộng.- 45 Trần Thái Tông F15 Tân Bình.- Không chung chủ giờ giấc tự do.LH 0346 265 ***,dyerisaiah,https://storage.googleapis.com/rental-room-c34cb.appspot.com/Rooms/vvq3pFbrLrQKJ5c0NVa0/0.png,2000,8500000,13000,20000,true,vvq3pFbrLrQKJ5c0NVa0,50,Shelley Bell,b391mJPWDiZCAMy4CjqO,A192,"https://www.google.com/maps/embed/v1/place?q=10.8284458,106.6392255&key=AIzaSyAMd45cCGHSmsM2a5APxYRdOwV8kX-4m40","45, Đường Trần Thái Tông, Phường 15, Tân Bình, Hồ Chí Minh",https://storage.googleapis.com/rental-room-c34cb.appspot.com/Rooms/vvq3pFbrLrQKJ5c0NVa0/3.png,https://storage.googleapis.com/rental-room-c34cb.appspot.com/Rooms/vvq3pFbrLrQKJ5c0NVa0/4.png
https://storage.googleapis.com/rental-room-c34cb.appspot.com/Rooms/wkcpTkzsdCUB0WddZHtL/1.png,https://storage.googleapis.com/rental-room-c34cb.appspot.com/Rooms/wkcpTkzsdCUB0WddZHtL/2.png,510.748.4611,"96624 Savage Loaf
Perezport, MD 78773",Loft Room,joshua42@example.com,"Địa chỉ: 32 Trần Thị Nơi, Phường 4, Quận 8.- Thuận tiện di chuyển qua Quận 7, Quận 1, Quận 3, Quận 5,...- Xung quanh gần chợ, ngân hàng, gym, Bách Hoá Xanh, hàng quán, cửa hàng tiện lợi.- Gần các trường đại học T Dược, Trường Đại Học Sài Gòn, đại học Kinh Tế, Đại Học Sài Gòn, Đại Học Sự Phạm, đại học Ueh, STU, SGU.- Sát bệnh viện Chợ Rẫy, bệnh viện Hùng Vương, bệnh viện Y Dược, bệnh viện Hùng Vương.Call/zalo: (Trường Thọ) hỗ trợ giá tốt.",bobby04,https://storage.googleapis.com/rental-room-c34cb.appspot.com/Rooms/wkcpTkzsdCUB0WddZHtL/0.png,3000,7500000,15000,20000,true,wkcpTkzsdCUB0WddZHtL,45,Jennifer Castillo,j1ny6aSXhSe4qyJCa8wk,A143,"https://www.google.com/maps/embed/v1/place?q=10.7395612658499,106.677656804436&key=AIzaSyAMd45cCGHSmsM2a5APxYRdOwV8kX-4m40","32, Đường Trần Thị Nơi, Phường 4, Quận 8, Hồ Chí Minh",https://storage.googleapis.com/rental-room-c34cb.appspot.com/Rooms/wkcpTkzsdCUB0WddZHtL/3.png,https://storage.googleapis.com/rental-room-c34cb.appspot.com/Rooms/wkcpTkzsdCUB0WddZHtL/4.png
,,3744678476,"7562 Kristina Drive
Lake Douglas, ID 49559",Standard Room,carsonbarbara@example.net,"Cho thuê căn hộ đầy đủ tiện nghi đường Nhất Chi Mai - C12, Phường 13, Quận Tân Bình.Ảnh thật 100%.Phòng full nội thất.Giá công khai: 4.000.000.------Nội thất: Giường, máy lạnh, nệm, gối, tủ đồ, máy giặt, máy sấy, bình siêu tốc, hệ thống nước nóng năng lượng mặt trời.Tiện ích: WC riêng, Có ban công thoáng mát, Wifi, dịch vụ dọn phòng hàng tháng.Không chung chủ, giờ giấc tự do, Camera 24/24, Cửa khoá vân tay, Xe để trong nhà,...Gần các hàng quán ăn,...Cam kết hình thật - phòng thật.------IB zalo 0905 738 ***An Điền).",garciaalexis,https://storage.googleapis.com/rental-room-c34cb.appspot.com/Rooms/ww8LMVceitSrTSvdEVz4/0.png,3000,4000000,11000,20000,true,ww8LMVceitSrTSvdEVz4,30,Samantha Kirby,K9wuzFFj3of57WinYNTG,A175,"https://www.google.com/maps/embed/v1/place?q=10.8050821,106.6395688&key=AIzaSyAMd45cCGHSmsM2a5APxYRdOwV8kX-4m40","Đường Nhất Chi Mai, Phường 13, Tân Bình, Hồ Chí Minh",,
https://storage.googleapis.com/rental-room-c34cb.appspot.com/Rooms/xMvYNHdXNLjVYEpMwDkj/1.png,https://storage.googleapis.com/rental-room-c34cb.appspot.com/Rooms/xMvYNHdXNLjVYEpMwDkj/2.png,723-974-7002x20940,"519 Teresa Parkways Suite 031
Santoshaven, CA 79394",Standard Room,carly27@example.org,"* Địa chỉ: 76 Đất Thánh, P. 6, Tân Bình.* Tiện ích:- Có máy giặt, thang máy, hầm gửi xe.- Giờ giấc tự do, ra vào vân tay.- Được nuôi pet.- Gần nhiều trường đại học (Huflit, Bách Khoa, Kinh Tế, y khoa Phạm Ngọc Thạch... ).- Nhiều tiện ích xung quanh.Điện: 4.300đ/Kwh.Nước: 100.000đ/người.Wifi: 100.000đ/phòng.Xe: 100.000đ/chiếc.Rác: 20.000đ/phòng.---------Inbox hoặc liên hệ zalo 0855 746 ***Quyên) để xem phòng.",emilydiaz,https://storage.googleapis.com/rental-room-c34cb.appspot.com/Rooms/xMvYNHdXNLjVYEpMwDkj/0.png,3000,4500000,13000,20000,true,xMvYNHdXNLjVYEpMwDkj,20,Michael Douglas,TsJxkrJfyE3JVhxXdmVr,A067,"https://www.google.com/maps/embed/v1/place?q=10.7830308,106.6584266&key=AIzaSyAMd45cCGHSmsM2a5APxYRdOwV8kX-4m40","76, Đường Đất Thánh, Phường 6, Tân Bình, Hồ Chí Minh",https://storage.googleapis.com/rental-room-c34cb.appspot.com/Rooms/xMvYNHdXNLjVYEpMwDkj/3.png,https://storage.googleapis.com/rental-room-c34cb.appspot.com/Rooms/xMvYNHdXNLjVYEpMwDkj/4.png
https://storage.googleapis.com/rental-room-c34cb.appspot.com/Rooms/xPHcHlh7noyKSUN3GOLN/1.png,https://storage.googleapis.com/rental-room-c34cb.appspot.com/Rooms/xPHcHlh7noyKSUN3GOLN/2.png,+1-511-399-7191,"2768 English Valley
New Shannonshire, FM 78438",Standard Room,mlawrence@example.com,"Cho thuê phòng rộng hẻm 1041 Trần Xuân Soạn, gần cầu Nguyễn Văn Cừ.D/C: 1041/23, đường Trần Xuân Soạn, P. Tân Hưng, quận 7.Vị trí:- Gần siêu thị Lottemart.- Gần trường đại học Tôn Đức Thắng, đại học RMIT, ĐH KHTN, Sư phạm.- Gần trạm xe bus.- Tiện di chuyển vào các Quận trung tâm.- Khu vực khô ráo, không bị ngập nước.Tiện ích:- Giờ giấc tự do, chìa khóa khóa vân tay 2 lớp cửa ra vào riêng an ninh.- Camera trong nhà và sân.- Phòng có nội thất cơ bản: Máy lạnh, tủ lạnh, tủ quần áo, toilet riêng, nước nóng lạnh.Giá: Chỉ từ 3.000.000/ phòng. LH: Chị Duyên chủ nhà zalo/sđt.Liên hệ ngay: 0973 866 ***",rachelthomas,https://storage.googleapis.com/rental-room-c34cb.appspot.com/Rooms/xPHcHlh7noyKSUN3GOLN/0.png,3000,3000000,11000,20000,true,xPHcHlh7noyKSUN3GOLN,15,Felicia Browning,KakGquddRMpqQ8qSbtcg,A215,"https://www.google.com/maps/embed/v1/place?q=10.7516138,106.7017145&key=AIzaSyAMd45cCGHSmsM2a5APxYRdOwV8kX-4m40","1041/23, Phố Trần Xuân Soạn, Phường Tân Hưng, Quận 7, Hồ Chí Minh",https://storage.googleapis.com/rental-room-c34cb.appspot.com/Rooms/xPHcHlh7noyKSUN3GOLN/3.png,https://storage.googleapis.com/rental-room-c34cb.appspot.com/Rooms/xPHcHlh7noyKSUN3GOLN/4.png
https://storage.googleapis.com/rental-room-c34cb.appspot.com/Rooms/xr2zLfe7460vEJHfL1R6/1.png,https://storage.googleapis.com/rental-room-c34cb.appspot.com/Rooms/xr2zLfe7460vEJHfL1R6/2.png,001-933-816-3142,"Unit 6170 Box 2869
DPO AA 03346",Standard Room,debrarodriguez@example.com,"Căn hộ dv mới Bình Thạnh.178 Nguyễn Văn Đậu, P7, Bình Thạnh.Mặt tiền đường, vân tay 2 lớp, di chuyển thang máy, nhà mới, nội thất mới zing.Diện tích phòng 10m², ban công 40m².Có sẵn máy lạnh + rèm.Giá chỉ 3tr5.LH 0374 545 *** - Mai.",michael56,https://storage.googleapis.com/rental-room-c34cb.appspot.com/Rooms/xr2zLfe7460vEJHfL1R6/0.png,3000,3500000,3000,20000,true,xr2zLfe7460vEJHfL1R6,50,William Howell,CRtLShOcmAw9xBoYww2q,A162,"https://www.google.com/maps/embed/v1/place?q=10.8097752,106.6895727&key=AIzaSyAMd45cCGHSmsM2a5APxYRdOwV8kX-4m40","178, Đường Nguyễn Văn Đậu, Phường 7, Bình Thạnh, Hồ Chí Minh",https://storage.googleapis.com/rental-room-c34cb.appspot.com/Rooms/xr2zLfe7460vEJHfL1R6/3.png,
https://storage.googleapis.com/rental-room-c34cb.appspot.com/Rooms/xxu0VIwsrPiKsfmv3Cjt/1.png,https://storage.googleapis.com/rental-room-c34cb.appspot.com/Rooms/xxu0VIwsrPiKsfmv3Cjt/2.png,+1-749-496-5654x7169,"USCGC Pratt
FPO AE 94133",Standard Room,irobinson@example.net,"Địa điểm: Tam Bình, Thủ Đức.Đường trước nhà rộng 16m, thoáng mát. Gần đường Phạm Văn Đồng, Tô Ngọc Vân sầm uất.Để xe trong nhà (tầng trệt), để được ô tô, có camera. Không tính phí để xe.Giờ giấc tự do.Thích hợp cho gia đình có nhu cầu ở không gian yên tĩnh, riêng biệt, an ninh.- Phòng nhỏ 18m² - cửa sổ thoáng mát (3 triệu 500/tháng) - tối đa 2 người.* Cọc 1 tháng giữ phòng (hỗ trợ: Sau khi vào ở, có thể chia cọc đóng thành 2 tháng cho nhẹ chi phí đầu vào).* Điện: 4K/kwh (theo đồng hồ đo từng phòng).* Nước: 80K/người.* Rác 20K/phòng.* Wifi free.Yêu cầu:- Giữ vệ sinh chung, không ồn ào.- Không tiếp khách sau 21h.A. Tiện ích chung:- Phòng riêng biệt, thoáng mát. Giếng trời đủ nắng và ánh sáng.- Camera an ninh nhà xe (tầng trệt) và mỗi tầng. Tầng để xe rộng - thoáng (có thể để ô tô), không tính thêm phí xe.- Sử dụng sân thượng để phơi đồ và ăn uống nhẹ (không phơi đồ ngoài ban công phòng).B. Tiện ích bao gồm theo phòng: Wifi, hệ thống nước nóng lạnh, máy lạnh, máy giặt, bếp điện mini (không sử dụng bếp ga trong nhà), ấm nước đun, nồi cơm điện, bộ nồi nấu ăn, tủ quần áo, bàn ghế cho nhu cầu làm việc học tập.C. Tiện ích thêm (nếu cần): Tủ lạnh, giường khung sắt chắc chắn - nệm Topper.Liên hệ trực tiếp chính chủ, không trung gian. Nếu không liên lạc qua điện thoại được, xin để lại tin nhắn Zalo, tôi sẽ liên hệ lại.Zalo: 0868 247 ***",winterssandra,https://storage.googleapis.com/rental-room-c34cb.appspot.com/Rooms/xxu0VIwsrPiKsfmv3Cjt/0.png,3000,3500000,7000,20000,true,xxu0VIwsrPiKsfmv3Cjt,18,Kaitlin Chavez,EnQgKoagdkMO579ny4sk,A028,"https://www.google.com/maps/embed/v1/place?q=10.8671802706696,106.734955313056&key=AIzaSyAMd45cCGHSmsM2a5APxYRdOwV8kX-4m40","Phường Tam Bình, Thủ Đức, Hồ Chí Minh",https://storage.googleapis.com/rental-room-c34cb.appspot.com/Rooms/xxu0VIwsrPiKsfmv3Cjt/3.png,https://storage.googleapis.com/rental-room-c34cb.appspot.com/Rooms/xxu0VIwsrPiKsfmv3Cjt/4.png
https://storage.googleapis.com/rental-room-c34cb.appspot.com/Rooms/y7JrAjqTeLN3yELPKIlC/1.png,https://storage.googleapis.com/rental-room-c34cb.appspot.com/Rooms/y7JrAjqTeLN3yELPKIlC/2.png,777-806-3704x203,"7816 Melissa Wall
Espinozashire, GU 20899",Standard Room,kstokes@example.net,"Vị trí tòa nhà nằm ở mặt tiền đường Lũy Bán Bích, trung tâm Quận Tân Phú, giao thông thuận lợi, tòa nhà gồm nhiều căn hộ Độc Lập, có hầm để xe rộng rãi, sử dụng hệ thống giữ xe thông minh bằng thẻ từ, bảo vệ 24/24, thang máy Nhật, internet cáp quang tốc độ cao, tòa nhà có trang bị hệ thống camera an ninh, hệ thống báo cháy và hệ thống chữa cháy tự động trang bị đến từng căn hộ (an toàn tuyệt đối).- Đặc điểm từng căn hộ:+ Diện tích: 15m² - 28m².+ Có máy lạnh Inverter.+ Mỗi căn có 1 bình nước nóng mặt trời riêng, WC riêng, nước máy có đồng hồ riêng.+ Bàn bếp ốp đá hoa cương, kệ bếp + tủ bếp bằng gỗ gõ đỏ, bồn rửa chén inox.+ Mỗi căn có 2 cửa sổ thoáng mát (có rèm che).+ Vật liệu hoàn thiện cao cấp: Sơn nước cao cấp, gạch nền bóng kiếng 800x800, cầu thang ốp đá Granit, thiết bị WC Inax của Nhật...+ Giá 2.5 triệu/tháng - 3,5 triệu/tháng.+ Miễn phí: Thang máy, internet, truyền hình cáp, chi phí quét dọn hành lang, đổ rác.- Địa chỉ: 622 Lũy Bán Bích, Phường Tân Thành, Quận Tân Phú, TP. HCM.- Liên hệ chính chủ: 0913 622 *** - Anh Kết.",kylemartinez,https://storage.googleapis.com/rental-room-c34cb.appspot.com/Rooms/y7JrAjqTeLN3yELPKIlC/0.png,2000,2500000,4000,20000,true,y7JrAjqTeLN3yELPKIlC,15,David Walker,r3NzyAfpIQuKn5QC0k4o,A037,"https://www.google.com/maps/embed/v1/place?q=10.7908254,106.6374059&key=AIzaSyAMd45cCGHSmsM2a5APxYRdOwV8kX-4m40","622, Đường Lũy Bán Bích, Phường Tân Thành, Tân Phú, Hồ Chí Minh",https://storage.googleapis.com/rental-room-c34cb.appspot.com/Rooms/y7JrAjqTeLN3yELPKIlC/3.png,
https://storage.googleapis.com/rental-room-c34cb.appspot.com/Rooms/yGOblFsjdzUPur7dzOMP/1.png,https://storage.googleapis.com/rental-room-c34cb.appspot.com/Rooms/yGOblFsjdzUPur7dzOMP/2.png,001-639-416-9396,"6985 Rachel Stream Suite 347
Lake Georgemouth, TX 66311",Standard Room,buchananrobert@example.org,"Căn hộ dv mới Bình Thạnh.178 Nguyễn Văn Đậu, P7, Bình Thạnh.Mặt tiền đường, vân tay 2 lớp, di chuyển thang máy, nhà mới, nội thất mới zing.Diện tích phòng 10m², ban công 40m².Có sẵn máy lạnh + rèm.Giá chỉ 3tr5.LH 0374 545 *** - Mai.",shaffercharles,https://storage.googleapis.com/rental-room-c34cb.appspot.com/Rooms/yGOblFsjdzUPur7dzOMP/0.png,2000,3500000,3000,20000,true,yGOblFsjdzUPur7dzOMP,50,Jose Norman,nmfB7gvS4Z0LH1bb7OGl,A211,"https://www.google.com/maps/embed/v1/place?q=10.8097752,106.6895727&key=AIzaSyAMd45cCGHSmsM2a5APxYRdOwV8kX-4m40","178, Đường Nguyễn Văn Đậu, Phường 7, Bình Thạnh, Hồ Chí Minh",https://storage.googleapis.com/rental-room-c34cb.appspot.com/Rooms/yGOblFsjdzUPur7dzOMP/3.png,
https://storage.googleapis.com/rental-room-c34cb.appspot.com/Rooms/yINcUBiwI7ibtlOK1pbm/1.png,https://storage.googleapis.com/rental-room-c34cb.appspot.com/Rooms/yINcUBiwI7ibtlOK1pbm/2.png,001-594-326-9651x4998,"3960 Flores Shoal Apt. 264
Arnoldstad, TX 23986",Standard Room,danielle93@example.com,"CHDV đủ tiện nghi khu Phạm Văn Hai quận Tân Bình.Căn hộ trang bị full nội thất, đầy đủ tiện nghi (giường, nệm, tủ lạnh, bếp, máy giặt,... ).Giờ giấc tự do.Hệ thống camerra, khóa vân tay hiện đại.Chỗ để xe, khu vực giặt giũ rộng rãi thoáng mát.Khu dân cư yên tĩnh, an ninh.Hỗ trợ xem nhà 24/7, nhận tìm phòng khu vực toàn TP. HCM.Call/Zalo.",millerheather,https://storage.googleapis.com/rental-room-c34cb.appspot.com/Rooms/yINcUBiwI7ibtlOK1pbm/0.png,3000,3700000,11000,20000,true,yINcUBiwI7ibtlOK1pbm,30,Miss Lisa Miller Md,zPdZaVH2hfYM85vH8RR3,A020,"https://www.google.com/maps/embed/v1/place?q=10.7935543697457,106.662461469813&key=AIzaSyAMd45cCGHSmsM2a5APxYRdOwV8kX-4m40","Phường 3, Tân Bình, Hồ Chí Minh",https://storage.googleapis.com/rental-room-c34cb.appspot.com/Rooms/yINcUBiwI7ibtlOK1pbm/3.png,https://storage.googleapis.com/rental-room-c34cb.appspot.com/Rooms/yINcUBiwI7ibtlOK1pbm/4.png
https://storage.googleapis.com/rental-room-c34cb.appspot.com/Rooms/yKVlk54uje47thOdLLBg/1.png,https://storage.googleapis.com/rental-room-c34cb.appspot.com/Rooms/yKVlk54uje47thOdLLBg/2.png,649.313.5604,"2233 Juan Station
South Ronald, MA 60788",Standard Room,wilsonjonathan@example.org,"Mặt tiền ngay Vườn Lài - Luỹ Bán Bích.Thuận tiện di chuyển, ô tô đưa đón tận cổng.Phòng mới chưa 1 đời chủ. Sạch sẽ, rộng rãi, thoáng mát. Cửa sổ full sáng.Nội thất full: Máy lạnh, tủ lạnh, bếp từ, giường tủ.. Chưa qua sử dụng.Nhiều phòng, nhiều mức giá, nhiều sự lựa chọn.Call trực tiếp (ib zalo/mess): Xem phòng.",acombs,https://storage.googleapis.com/rental-room-c34cb.appspot.com/Rooms/yKVlk54uje47thOdLLBg/0.png,3000,3500000,14000,20000,true,yKVlk54uje47thOdLLBg,30,Nancy Nguyen,9l57b8AUdyw082NgNKkd,A214,"https://www.google.com/maps/embed/v1/place?q=10.7914545,106.6335513&key=AIzaSyAMd45cCGHSmsM2a5APxYRdOwV8kX-4m40","Đường Tân Thành, Phường Tân Thành, Tân Phú, Hồ Chí Minh",https://storage.googleapis.com/rental-room-c34cb.appspot.com/Rooms/yKVlk54uje47thOdLLBg/3.png,https://storage.googleapis.com/rental-room-c34cb.appspot.com/Rooms/yKVlk54uje47thOdLLBg/4.png
https://storage.googleapis.com/rental-room-c34cb.appspot.com/Rooms/yPyyB4MYfMYx6MsvHBLl/1.png,https://storage.googleapis.com/rental-room-c34cb.appspot.com/Rooms/yPyyB4MYfMYx6MsvHBLl/2.png,+1-643-284-0916x05174,"794 Horton Radial Apt. 451
East Ronaldburgh, WA 13138",Standard Room,diazjames@example.com,"Phòng trọ mới xây số 125/16/11 đường Bùi Đình Túy, P24, Quận Bình Thạnh nằm ngay khu chợ gần Bến xe Miền Đông - ngã tư Hàng Xanh. Gần nhiều trường ĐH Hutech, Công Nghiệp 4, Ngoại Thương, Giao Thông Vận Tải. Thuận tiện đi lại các Q1, Q2, Phú Nhuận, Tân Bình, Gò Vấp...* Chính thức đưa tòa nhà vào hoạt động.Phòng có 2 loại: Có gác và không gác, DT: 15 - 30m².+ Phòng có gác (gác cao 1m75 không đụng đầu): Giá từ 3tr5 đến 4tr2/tháng.+ Phòng không gác giá: 2.5tr đến 3tr5/th.- Tự do giờ giấc - Không chung chủ, môi trường sống hiện đại - Văn minh lịch sự.- Đội ngũ bảo trì chuyên nghiệp thường trực tại tòa nhà.- Hàng ngày có người vệ sinh cầu thang.- Bảo vệ 24/24 ra vào có thẻ xe, hầm để xe rộng rãi và thoáng cho bạn một cảm giác thoải mái khi ra vào.- Tòa nhà trang bị hệ thống phòng cháy chữa cháy.- Thang máy mới, hiện đại.- Nhà vệ sinh trang bị nội thất cao cấp.- Ban công và sân thượng phơi đồ thoáng mát, view toàn thành phố.- Giá phòng từ 2.5tr đến 4tr2/th tùy phòng lớn nhỏ.- LH: 0973 373 ***A. Tuân chủ nhà).- Địa chỉ: 125/16/11 Bùi Đình Túy, P24, Quận Bình Thạnh (ngay chợ Bùi Đình Túy hoặc Chùa Long Vân Tự).",jdickerson,https://storage.googleapis.com/rental-room-c34cb.appspot.com/Rooms/yPyyB4MYfMYx6MsvHBLl/0.png,3000,3800000,8000,20000,true,yPyyB4MYfMYx6MsvHBLl,25,Angela Bautista,V9lsAsaUYnbOui8on0vi,A033,"https://www.google.com/maps/embed/v1/place?q=10.8072282145668,106.705472246033&key=AIzaSyAMd45cCGHSmsM2a5APxYRdOwV8kX-4m40","125/16/11 Đường Bùi Đình Túy, Phường 24, Bình Thạnh, Hồ Chí Minh",https://storage.googleapis.com/rental-room-c34cb.appspot.com/Rooms/yPyyB4MYfMYx6MsvHBLl/3.png,https://storage.googleapis.com/rental-room-c34cb.appspot.com/Rooms/yPyyB4MYfMYx6MsvHBLl/4.png
https://storage.googleapis.com/rental-room-c34cb.appspot.com/Rooms/yzYp9L1VvPieCHrHV78y/1.png,https://storage.googleapis.com/rental-room-c34cb.appspot.com/Rooms/yzYp9L1VvPieCHrHV78y/2.png,+1-947-736-0112x54918,"927 Fletcher Views Apt. 891
South Brett, GA 93832",Standard Room,richardsnyder@example.com,"Phòng trọ sinh viên gần đại học KT TPHCM, ĐH Y dược TPHCM, bệnh viện chỡ rẫy, bệnh viện nhi đồng, bệnh viện Hùng Vương... Giá rẻ bình dân.Địa chỉ: 416/21 Hòa Hảo, P5, Q10.Đặc điểm: Có máy lạnh, vệ sinh riêng, cửa sổ trời, không chung chủ, tầng lửng.Giá chỉ: 3trxx chỉ còn 1 phòng duy nhất các bạn liên hệ sdt mình nhé.0374 545 ***",hollyrollins,https://storage.googleapis.com/rental-room-c34cb.appspot.com/Rooms/yzYp9L1VvPieCHrHV78y/0.png,2000,3700000,3000,20000,true,yzYp9L1VvPieCHrHV78y,30,Andrea Smith,Vs8itCJiWCHGOPsZYJTk,A130,"https://www.google.com/maps/embed/v1/place?q=10.7615915,106.6672844&key=AIzaSyAMd45cCGHSmsM2a5APxYRdOwV8kX-4m40","416/21, Đường Hòa Hảo, Phường 5, Quận 10, Hồ Chí Minh",https://storage.googleapis.com/rental-room-c34cb.appspot.com/Rooms/yzYp9L1VvPieCHrHV78y/3.png,
https://storage.googleapis.com/rental-room-c34cb.appspot.com/Rooms/zR6WxlgEf2RKQFDyoJwl/1.png,https://storage.googleapis.com/rental-room-c34cb.appspot.com/Rooms/zR6WxlgEf2RKQFDyoJwl/2.png,400-588-6064,"40251 Ward Freeway
Erikberg, RI 57339",Loft Room,rmorgan@example.com,"Vị trí trung tâm tiện di chuyển sang các quận khác, gần chợ trung tâm thương mại lớn.Gần Công viên Hoàng Văn Thụ, Công viên Gia Định, Lê Văn Sỹ, Nguyễn Kiệm, Tường Sa,.- Xung quanh có nhiều cửa hàng tiện lợi, chợ, siêu thị, khu ẩm thực,...Thuận tiện di chuyển quận 1,3,TB, BT, GV, 10.Tình trạng:- Full nội thất, phòng trống sẵn có thể dọn vào ở ngay.- Giờ giấc tự do, không chung chủ.- Khu vực an ninh, camera giám sát.- Hẻm oto.- Được nuôi pet và cam kết.- Máy giặt riêng từng phòng.Hệ thống mình còn rất nhiều căn hộ toạ lạc trên địa bàn TPHCM."" Nhận tìm phòng / căn hộ theo nhu cầu của khách hàng "".- Căn hộ 1 phòng ngủ.- Căn hộ studio.- Căn hộ tách bếp.Và nhiều loại căn hộ khác nữa, Hỗ trợ tìm phòng theo yêu cầu của khách hàng về đặc điểm của căn hộ và vị trí đường mà khách hàng mong muốn với mức giá từ 5 triệu VNĐ.Hỗ trợ tìm phòng (Miễn Phí).",josephbarnes,https://storage.googleapis.com/rental-room-c34cb.appspot.com/Rooms/zR6WxlgEf2RKQFDyoJwl/0.png,2000,6300000,11000,20000,true,zR6WxlgEf2RKQFDyoJwl,40,Mr. Jacob Smith,45KGqIdL0gE7NtN0TEAS,A104,"https://www.google.com/maps/embed/v1/place?q=10.801110603149,106.675991554492&key=AIzaSyAMd45cCGHSmsM2a5APxYRdOwV8kX-4m40","Đường Hồ Văn Huê, Phường 9, Phú Nhuận, Hồ Chí Minh",https://storage.googleapis.com/rental-room-c34cb.appspot.com/Rooms/zR6WxlgEf2RKQFDyoJwl/3.png,https://storage.googleapis.com/rental-room-c34cb.appspot.com/Rooms/zR6WxlgEf2RKQFDyoJwl/4.png
https://storage.googleapis.com/rental-room-c34cb.appspot.com/Rooms/zwhKkfA7skECX5ZDgWvj/1.png,https://storage.googleapis.com/rental-room-c34cb.appspot.com/Rooms/zwhKkfA7skECX5ZDgWvj/2.png,+1-347-573-6381,"991 Blake Coves Suite 927
Lake Kaylamouth, IA 63674",Loft Room,justin74@example.net,"Căn hộ mới Bình Thạnh.Căn CHDV 2 phòng ngủ Bình Thạnh.178 Nguyễn Văn Đậu, P7, Bình Thạnh.Mặt tiền đường, vân tay 2 lớp, di chuyển thang máy, nhà mới, nội thất mới zing.LH 0374 545 ***",lsuarez,https://storage.googleapis.com/rental-room-c34cb.appspot.com/Rooms/zwhKkfA7skECX5ZDgWvj/0.png,3000,9000000,5000,20000,true,zwhKkfA7skECX5ZDgWvj,60,Mark Thornton,mpM0AVMjRAnSgAO9UwOp,A152,"https://www.google.com/maps/embed/v1/place?q=10.8097752,106.6895727&key=AIzaSyAMd45cCGHSmsM2a5APxYRdOwV8kX-4m40","178, Đường Nguyễn Văn Đậu, Phường 7, Bình Thạnh, Hồ Chí Minh",https://storage.googleapis.com/rental-room-c34cb.appspot.com/Rooms/zwhKkfA7skECX5ZDgWvj/3.png,https://storage.googleapis.com/rental-room-c34cb.appspot.com/Rooms/zwhKkfA7skECX5ZDgWvj/4.png
